country,provider,plan,gb,days,price_usd,price_per_gb,promo_code,5g
egypt,"ESIM.DOG 🐶","⚡️ [5G] Vodafone Egypt - Best 5G Coverage (3GB/1Days) - Black route",3,1,2,0.667,,yes
egypt,"ESIM.DOG 🐶","⚡️ [5G] Vodafone Egypt - Best 5G Coverage (3GB/3Days) - Black route",3,3,2,0.667,,yes
egypt,"Tripuck eSIM","Egypt 3 GB / 3 Days",3,3,2.01,0.67,,yes
egypt,"Tripuck eSIM","Egypt 3 GB / 5 Days",3,5,2.15,0.717,,yes
egypt,"ESIM.DOG 🐶","⚡️ [5G] Vodafone Egypt - Best 5G Coverage (2GB/1Days) - Black route",2,1,1.49,0.745,,yes
egypt,"Superalink","Egypt - 2GB/day",2,1,1.5,0.75,,yes
egypt,"ESIM.DOG 🐶","⚡️ [5G] Vodafone Egypt - Best 5G Coverage (3GB/7Days) - Black route",3,7,2.25,0.75,,yes
egypt,"4S eSIM","Egypt 20GB - 15 Days",20,15,15.04,0.752,,no
egypt,"thirr.com","EG 3GB 7D",3,7,2.2635235099999997,0.755,,no
egypt,"Tripuck eSIM","Egypt 3 GB / 7 Days",3,7,2.29,0.763,,yes
egypt,"Tripuck eSIM","Egypt 3 GB / 10 Days",3,10,2.42,0.807,,yes
egypt,"ESIM.DOG 🐶","⚡️ [5G] Vodafone Egypt - Best 5G Coverage (3GB/15Days) - Black route",3,15,2.46,0.82,,yes
egypt,"ESIM.DOG 🐶","⚡️ [5G] Vodafone Egypt - Best 5G Coverage (3GB/12Days) - Black route",3,12,2.46,0.82,,yes
egypt,"ESIM.DOG 🐶","⚡️ [5G] Vodafone Egypt - Best 5G Coverage (3GB/14Days) - Black route",3,14,2.46,0.82,,yes
egypt,"Tripuck eSIM","Egypt 3 GB / 15 Days",3,15,2.47,0.823,,yes
egypt,"abesteSIM","eSIM Egypt - 1 Day / Daily 500MB",0.5,1,0.42973759501018366,0.859,,yes
egypt,"abesteSIM","eSIM Global (66 Destinations) - 1 Day / Daily 500MB",0.5,1,0.42973759501018366,0.859,,yes
egypt,"Stellar eSim","Egypt 3GB 1Days + Free Stellar VPN",3,1,2.59338372,0.864,,no
egypt,"Stellar eSim","Egypt 3GB 5Days + Free Stellar VPN",3,5,2.59338372,0.864,,no
egypt,"ESIM.DOG 🐶","⚡️ [5G] Vodafone Egypt - Best 5G Coverage (3GB/30Days) - Black route",3,30,2.64,0.88,,yes
egypt,"ESIM.DOG 🐶","⚡️ [5G] Vodafone Egypt - Best 5G Coverage (3GB/20Days) - Black route",3,20,2.64,0.88,,yes
egypt,"ESIM.DOG 🐶","⚡️ [5G] Vodafone Egypt - Best 5G Coverage (3GB/25Days) - Black route",3,25,2.64,0.88,,yes
egypt,"ESIM.DOG 🐶","⚡️ [5G] Vodafone Egypt - Best 5G Coverage (3GB/21Days) - Black route",3,21,2.64,0.88,,yes
egypt,"ESIM888","Egypt (3GB/30DAYS)",3,30,2.65,0.883,,no
egypt,"Tripuck eSIM","Egypt 3 GB / 30 Days",3,30,2.69,0.897,,yes
egypt,"ESIM.DOG 🐶","⚡️ [5G] Vodafone Egypt - Best 5G Coverage (2GB/15Days) - Black route",2,15,1.8,0.9,,yes
egypt,"ESIM.DOG 🐶","⚡️ [5G] Vodafone Egypt - Best 5G Coverage (2GB/14Days) - Black route",2,14,1.8,0.9,,yes
egypt,"Tripuck eSIM","Egypt 2 GB / 15 Days",2,15,1.81,0.905,,yes
egypt,"4S eSIM","Egypt 3GB - 1 Day",3,1,2.79,0.93,,no
egypt,"Horizon eSIM","Egypt 3GB 15Days",3,15,2.8663714799999997,0.955,,no
egypt,"Horizon eSIM","Egypt 3GB 30Days",3,30,2.8663714799999997,0.955,,no
egypt,"Horizon eSIM","Egypt 3 GB / 7 days",3,7,2.8663714799999997,0.955,,no
egypt,"Billion Connect","North Africa eSIM [4 Countries] 1 Day 3GB/Day",3,1,2.9,0.967,,yes
egypt,"RedEx eSIM","3 GB - 3 Days",3,3,2.91,0.97,,no
egypt,"4S eSIM","Egypt 3GB - 5 Days",3,5,2.91,0.97,,no
egypt,"Tripuck eSIM","Europe 3 GB / 25 Days",3,25,2.99,0.997,,yes
egypt,"Orbit Mobile","Global Pass",1,1,1,1,,no
egypt,"ESIM.DOG 🐶","⚡️ [5G] Vodafone Egypt - Best 5G Coverage (1GB/7Days) - Black route",1,7,1.05,1.05,,yes
egypt,"ESIM.DOG 🐶","⚡️ [5G] Vodafone Egypt - Best 5G Coverage (1GB/3Days) - Black route",1,3,1.05,1.05,,yes
egypt,"ESIM.DOG 🐶","⚡️ [5G] Vodafone Egypt - Best 5G Coverage (1GB/5Days) - Black route",1,5,1.05,1.05,,yes
egypt,"Stellar eSim","Egypt 1GB 7Days + Free Stellar VPN",1,7,1.05782757,1.058,,no
egypt,"ESIM.DOG 🐶","⚡️ [5G] Vodafone Egypt - Best 5G Coverage (500MB/1Days) - Black route",0.5,1,0.53,1.06,,yes
egypt,"abesteSIM","eSIM Middle East (17 Countries) - 1 Day / Daily 500MB",0.5,1,0.5391253464673212,1.078,,yes
egypt,"MobiMatter","Egypt 12 GB",12,30,12.99,1.083,,no
egypt,"abesteSIM","eSIM Africa (21 Countries) - 1 Day / Daily 500MB",0.5,1,0.5469387572856882,1.094,,yes
egypt,"ASIMGO","eSIM Egypt - 1 Day / Daily 1GB",1,1,1.1,1.1,,yes
egypt,"Tripuck eSIM","Egypt 1 GB / 7 Days",1,7,1.1,1.1,,yes
egypt,"Horizon eSIM","Egypt 1GB 7Days",1,7,1.10332553,1.103,,no
egypt,"thirr.com","EG 1GB 3D",1,3,1.14882349,1.149,,no
egypt,"ASIMGO","eSIM Egypt - 1 Day / Daily 500MB",0.5,1,0.59,1.18,,yes
egypt,"ESIM888","Egypt (1GB/7DAYS)",1,7,1.2,1.2,,no
egypt,"abesteSIM","eSIM Egypt - 1 Day / Daily 2GB",2,1,2.45341099696723,1.227,,yes
egypt,"Tripuck eSIM","Egypt 2 GB / 3 Days",2,3,2.47,1.235,,no
egypt,"ESIM.DOG 🐶","⚡️ [5G] Vodafone Egypt - Best 5G Coverage (500MB/7Days) - Black route",0.5,7,0.63,1.26,,yes
egypt,"abesteSIM","eSIM Global (66 Destinations) - 1 Day / Daily 2GB",2,1,2.523731694332533,1.262,,yes
egypt,"Horizon eSIM","Egypt 500MB 7Days",0.5,7,0.63697144,1.274,,no
egypt,"ASIMGO","eSIM Egypt - 1 Day / Daily 2GB",2,1,2.55,1.275,,yes
egypt,"Yesim","Egypt",0.4,1,0.51185205,1.28,,yes
egypt,"Billion Connect","Egypt eSIM 1 Day 2GB/Day",2,1,2.58,1.29,,yes
egypt,"Tripuck eSIM","Global 2 GB/day / 1 Days",2,1,2.58,1.29,,yes
egypt,"Tripuck eSIM","Europe 2 GB/day / 1 Days",2,1,2.58,1.29,,yes
egypt,"GlobaleSIM","Egypt",10,30,13,1.3,,no
egypt,"Superalink","Egypt - 1GB/day",1,1,1.3,1.3,,yes
egypt,"Billion Connect","North Africa eSIM [4 Countries] 1 Day 2GB/Day",2,1,2.6,1.3,,yes
egypt,"ESIM.DOG 🐶","⚡️ [5G] Vodafone Egypt - Best 5G Coverage (2GB/30Days) - Black route",2,30,2.64,1.32,,yes
egypt,"Yoho Mobile","EG eSIM 1GB 7Day",1,7,1.34,1.34,,yes
egypt,"EZsim","Egypt - 1GB/7Days",1,7,1.35,1.35,,no
egypt,"RedEx eSIM","2 GB - 15 Days",2,15,2.71,1.355,,no
egypt,"RedEx eSIM","Unlimited Data - 1 Days (2 GB / 384 KBPS)",2,1,2.75,1.375,,no
egypt,"MicroEsim","Egypt eSIM 5G - 1 Day / Daily 2GB",2,1,2.82,1.41,,yes
egypt,"4S eSIM","Egypt 1GB - 1 Day",1,1,1.43,1.43,,no
egypt,"EscapeSIM","Egypt 2GB",2,15,2.89,1.445,,yes
egypt,"eSIM4Travel","Egypt (Vodafone, Orange, Etisalat/e&amp;) - 1GB/1Days",1,1,1.46,1.46,,yes
egypt,"Tripuck eSIM","Egypt 2 GB/day / 1 Days",2,1,2.92,1.46,,yes
egypt,"Horizon eSIM","North Africa 1 GB / 7 days",1,7,1.46730921,1.467,,no
egypt,"4S eSIM","Egypt 1GB - 5 Days",1,5,1.47,1.47,,no
egypt,"ESIM.DOG 🐶","⚡️ Best Coverage in Egypt (2GB/1Days) - Pink route",2,1,2.99,1.495,,no
egypt,"MoodSIM","Egypt 500 MB 7 Days",0.5,7,0.75,1.5,,yes
egypt,"eSIMNEXA","Egypt 1GB 3Days",1,3,1.5,1.5,,no
egypt,"SimOptions","Egypt 1GB",1,3,1.5,1.5,,no
egypt,"4S eSIM","Egypt 1GB - 7 Days",1,7,1.51,1.51,,no
egypt,"eSIM4Travel","Middle East 6 &amp; North Africa 2 - 1GB/7Days",1,7,1.52,1.52,,yes
egypt,"eSIM4Travel","Egypt (Vodafone, Orange, Etisalat/e&amp;) - 1GB/7Days",1,7,1.53,1.53,,yes
egypt,"eSIM4Travel","Global 72 - 1GB/7Days",1,7,1.62,1.62,,yes
egypt,"GoMoWorld","Egypt",8,30,12.99,1.624,,no
egypt,"abesteSIM","eSIM Egypt - 1 Day / Daily 1GB",1,1,1.6251894502203308,1.625,,yes
egypt,"abesteSIM","eSIM Global (66 Destinations) - 1 Day / Daily 1GB",1,1,1.6564430934937988,1.656,,yes
egypt,"PRIeSIM","Egypt 1 GB · 7 days",1,7,1.6947990099999999,1.695,,no
egypt,"Horizon eSIM","Africa 1 GB / 7 days",1,7,1.6947990099999999,1.695,,no
egypt,"ESIM.DOG 🐶","⚡️ [5G] Vodafone Egypt - Best 5G Coverage (1GB/30Days) - Black route",1,30,1.79,1.79,,yes
egypt,"eSIM4Travel","Egypt (Vodafone, Orange, Etisalat/e&amp;) - 500MB/1Days",0.5,1,0.9,1.8,,yes
egypt,"esimzon","Egypt 1GB 30Days",1,30,1.8,1.8,,no
egypt,"MicroEsim","Egypt eSIM 5G - 1 Day / Daily 1GB",1,1,1.8,1.8,,yes
egypt,"Tripuck eSIM","Middle East 1 GB / 7 Days",1,7,1.81,1.81,,yes
egypt,"LimitSIM","Egypt 1GB",1,7,1.8199184000000002,1.82,,yes
egypt,"AlpineSIM","AlpineSIM Egypt - 1GB / 7 Days",1,7,1.82,1.82,,yes
egypt,"Billion Connect","Egypt eSIM 1 Day 1GB/Day",1,1,1.88,1.88,,yes
egypt,"Billion Connect","Africa eSIM [6 countries] 1 Day 1GB/Day",1,1,1.88,1.88,,yes
egypt,"EscapeSIM","Egypt 1GB",1,14,1.89,1.89,,yes
egypt,"iRoamly","Egypt-eSIM-500MB-1 Day-Daily",0.5,1,0.95,1.9,,yes
egypt,"Billion Connect","North Africa eSIM [4 Countries] 1 Day 1GB/Day",1,1,1.9,1.9,,yes
egypt,"Ozly eSIM","Egypt 1GB 7Days",1,7,1.9,1.9,,yes
egypt,"AlpineSIM","AlpineSIM Egypt - 1GB/Day / 1 Days",1,1,1.94,1.94,,yes
egypt,"Tripuck eSIM","Egypt 1 GB / 1 Days",1,1,1.95,1.95,,yes
egypt,"Horizon eSIM","MENA 1 GB / 7 days",1,7,1.96778677,1.968,,no
egypt,"4S eSIM","Middle East 1GB - 1 Day",1,1,1.97,1.97,,no
egypt,"abesteSIM","eSIM Egypt - 3 Days / Total 1GB",1,3,1.9767929370468444,1.977,,yes
egypt,"ASIMGO","eSIM Middle East - 17 Countries - 1 Day / Daily 500MB",0.5,1,0.99,1.98,,yes
egypt,"nadanada","eSIM, 1GB, 7 Days, Middle East and North Africa",1,7,1.99,1.99,,no
egypt,"SimSmash","Egypt 1GB for 7 Days",1,7,1.99,1.99,,no
egypt,"SimSmash","Egypt Daily Unlimited 1GB/day for 1 Days",1,1,1.99,1.99,,no
egypt,"MoodSIM","Egypt 1 GB 7 Days",1,7,1.99,1.99,,yes
egypt,"Superalink","Egypt - 500MB/day",0.5,1,1,2,,yes
egypt,"eSimfly","Egypt 1 GB 7 Days",1,7,2,2,,no
egypt,"RedEx eSIM","1 GB - 7 Days",1,7,2,2,,no
egypt,"Roamic","Egypt eSIM 1GB / 7 Days",1,7,2,2,,no
egypt,"ROWM","Egypt Daily",1,1,2,2,,no
egypt,"MegaEsim","Egypt 1 GB, 7 days",1,7,2.02,2.02,,yes
egypt,"MegaEsim","Egypt 1 GB, 1 day",1,1,2.03,2.03,,yes
egypt,"4S eSIM","Middle East 1GB - 5 Days",1,5,2.04,2.04,,no
egypt,"ASIMGO","eSIM Africa - 21 Counties - 1 Day / Daily 500MB",0.5,1,1.03,2.06,,yes
egypt,"Stellar eSim","Egypt 500MB 7Days + Free Stellar VPN",0.5,7,1.05782757,2.116,,no
egypt,"4S eSIM","Middle East 1GB - 7 Days",1,7,2.12,2.12,,no
egypt,"MicroEsim","Egypt eSIM 5G - 3 Days / Total 1GB",1,3,2.13,2.13,,yes
egypt,"Tripuck eSIM","Egypt 502 MB / 1 Days",0.5,1,1.08,2.151,,no
egypt,"Yoho Mobile","EG eSIM 1GB/Day 1Day",1,1,2.16,2.16,,no
egypt,"abesteSIM","eSIM Egypt - 5 Days / Total 1GB",1,5,2.179941618324386,2.18,,yes
egypt,"ASIMGO","eSIM Egypt - 7 Days / Total 1GB",1,7,2.18,2.18,,yes
egypt,"Tripuck eSIM","Global 1 GB / 7 Days",1,7,2.18,2.18,,yes
egypt,"4S eSIM","Global 1GB - 1 Day",1,1,2.19,2.19,,no
egypt,"mobineX","Unlimited Standard",1,1,2.2,2.2,,yes
egypt,"Bloomy eSIM","Egypt 1GB 7 Days",1,7,2.2,2.2,,yes
egypt,"Textr eSIM","Egypt 1GB",1,7,2.21,2.21,,no
egypt,"eSimy","Egypt - 1 GB - 7 Days",1,7,2.2635235099999997,2.264,,no
egypt,"4S eSIM","Global 1GB - 5 Days",1,5,2.27,2.27,,no
egypt,"nextSIM","eSIM Egypt 1GB 7Days Premium",1,7,2.274898,2.275,,no
egypt,"abesteSIM","eSIM Egypt - 7 Days / Total 1GB",1,7,2.2815159589631566,2.282,,yes
egypt,"SparkRoam","Egypt eSIM 1 GB 7 Days",1,7,2.29,2.29,,yes
egypt,"LimitSIM","Egypt 0.49GB",0.5,1,1.16019798,2.311,,yes
egypt,"IbridMarket","Egypt 1GB 7Days",1,7,2.32,2.32,,no
egypt,"MicroEsim","Egypt eSIM 5G - 5 Days / Total 1GB",1,5,2.35,2.35,,yes
egypt,"Connect Me Guru","Egypt 1GB 7Days",1,7,2.35,2.35,,yes
egypt,"4S eSIM","Global 1GB - 7 Days",1,7,2.36,2.36,,no
egypt,"Hiroaming","Egypt 1GB 7Days",1,7,2.36,2.36,,no
egypt,"Tripuck eSIM","Egypt 1 GB / 3 Days",1,3,2.37,2.37,,yes
egypt,"Tourist eSIM","Egypt • 1 GB • 7 Days",1,7,2.37,2.37,,no
egypt,"Breeze","Egypt",10,30,23.99,2.399,ESIMDB10OFF,no
egypt,"Astaroam","Egypt 1GB 7Days",1,7,2.404274382369064,2.404,,yes
egypt,"MicroEsim","Egypt eSIM 5G - 7 Days / Total 1GB",1,7,2.41,2.41,,yes
egypt,"Yoho Mobile","6-Country eSIM 1GB/Day 1Day",1,1,2.41,2.41,,yes
egypt,"Bloomy eSIM","Egypt Unlimited (1GB/day) 1 Day",1,1,2.43,2.43,,yes
egypt,"MicroEsim","Egypt eSIM 5G - 1 Day / Daily 500MB",0.5,1,1.22,2.44,,yes
egypt,"Roamify","Mediterranean eSIM 1 GB - 7 Days",1,7,2.47,2.47,,yes
egypt,"Yatelo","EGY 1GB 7 Days",1,7,2.47,2.47,,yes
egypt,"ESIM.DOG 🐶","⚡️ [5G] Africa (6 countries) - Best 5G Coverage (1GB/1Days) - Pink route",1,1,2.48,2.48,,no
egypt,"SimSwift","Egypt 1GB 7Days",1,7,2.49,2.49,,no
egypt,"Yoho Mobile","21-Country eSIM 1GB 7Day",1,7,2.49,2.49,,yes
egypt,"Giga.Tel","Egypt – 1GB – 7 Days – Free VPN",1,7,2.49,2.49,,yes
egypt,"ESIM.DOG 🐶","⚡️ Etisalat/Orange Egypt (EMS) Egypt - Best Coverage (1GB/7Days) - Green route",1,7,2.49,2.49,,no
egypt,"ESIM.DOG 🐶","⚡️ [5G] Vodafone Egypt &amp; more - Best 5G Coverage (1GB/7Days) - Blue route",1,7,2.49,2.49,,yes
egypt,"MoreMins eSIM","eSIM internet in Egypt",1,7,2.49,2.49,,no
egypt,"Airhub","Egypt 1GB 7Days",1,7,2.49,2.49,,yes
egypt,"MoodSIM","Egypt Unlimited (1 GB/day, then 512 Kbps) 1 Day",1,1,2.49,2.49,,yes
egypt,"MoodSIM","Egypt Unlimited (1 GB/day, then 1 Mbps) 1 Day",1,1,2.49,2.49,,yes
egypt,"iRoamly","Egypt-eSIM-1GB-1 Day-Daily",1,1,2.5,2.5,,yes
egypt,"iRoamly","Egypt-eSIM-1GB-3 Days-Total",1,3,2.5,2.5,,yes
egypt,"Zwitchy","Egypt · 1 GB · 30 days",1,30,2.5,2.5,,yes
egypt,"Tripuck eSIM","Egypt 1 GB / 14 Days",1,14,2.5,2.5,,no
egypt,"MegaEsim","Egypt Unlimited, 1 day (1 GB/day full speed)",1,1,2.52,2.52,,yes
egypt,"IbridMarket","Egypt 1GB/Day",1,1,2.53,2.53,,no
egypt,"Connect Me Guru","Egypt 1GB/Day",1,1,2.58,2.58,,yes
egypt,"Landed eSIM","Egypt 1GB/day · 1 day",1,1,2.59,2.59,,yes
egypt,"Billion Connect","North Africa eSIM [4 Countries] 3 Days 1GB",1,3,2.6,2.6,,yes
egypt,"SeferESIM","Egypt 1GB 7Days",1,7,2.6,2.6,,yes
egypt,"Roameer","EG 1GB / 7 Days",1,7,2.6,2.6,,no
egypt,"eSIMNow","Egypt 1GB 7Days",1,7,2.61,2.61,,yes
egypt,"abesteSIM","eSIM Middle East (8 Countries) - 3 Days / Total 1GB",1,3,2.6409328566080372,2.641,,yes
egypt,"abesteSIM","eSIM Egypt - 10 Days / Total 1GB",1,10,2.6409328566080372,2.641,,yes
egypt,"AlpineSIM","AlpineSIM Egypt - 500MB/Day / 1 Days",0.5,1,1.34,2.68,,yes
egypt,"RedEx eSIM","1 GB - 7 Days",1,7,2.69,2.69,,no
egypt,"voilà","",1,7,2.7,2.7,,yes
egypt,"Awinst Connect","1 GB / 7 days",1,7,2.7,2.7,,no
egypt,"Roaming4You","Egypt Unlimited Data - 1 Day",1,1,2.7,2.7,,yes
egypt,"RedSim","Egypt 1GB/day 1 Day",1,1,2.7,2.7,,yes
egypt,"ESIM.DOG 🐶","⚡️ [5G] Global (202 countries) - Best 5G Coverage (1GB/5Days) - Yellow route",1,5,2.7,2.7,,yes
egypt,"eSimfly","Europe Max 1 GB 7 Days",1,7,2.71,2.71,,no
egypt,"Giga.Tel","Egypt – 1GB ($2.75) – 7 Days – Free VPN",1,7,2.75,2.75,,yes
egypt,"eSIM Hero","Egypt 1GB 7 Days",1,7,2.75,2.75,,yes
egypt,"RedEx eSIM","Egypt 1GB 7Days",1,7,2.77,2.77,,yes
egypt,"ESIM.DOG 🐶","⚡️ Asia (10 countries) - Best Coverage (500MB/1Days) - Green route",0.5,1,1.39,2.78,,no
egypt,"MicroEsim","Egypt eSIM 5G - 10 Days / Total 1GB",1,10,2.78,2.78,,yes
egypt,"Superalink","Egypt - Regular",1,7,2.78,2.78,,yes
egypt,"AdventureSIMs","Egypt 1GB 7 Days",1,7,2.7953932096362504,2.795,,yes
egypt,"AlpineSIM","AlpineSIM Egypt - 500MB / 7 Days",0.5,7,1.4,2.8,,yes
egypt,"iRoamly","Egypt-eSIM-1GB-5 Days-Total",1,5,2.8,2.8,,yes
egypt,"eSIMCard","1GB eSIM Data for 3 Days in Egypt",1,3,2.81,2.81,,yes
egypt,"Tripuck eSIM","Global 1 GB / 7 Days",1,7,2.81,2.81,,yes
egypt,"BNESIM","Surf 1 GB in Egypt for 30 days",1,30,2.83,2.83,,no
egypt,"eSIM Agora","Egypt 1GB 7Days",1,7,2.8322480100000003,2.832,,no
egypt,"abesteSIM","eSIM Egypt - 15 Days / Total 1GB",1,15,2.8518949487039458,2.852,,yes
egypt,"eSIMNow","Egypt 1GB/Day for 1 Day",1,1,2.87,2.87,,yes
egypt,"abesteSIM","eSIM Middle East (8 Countries) - 5 Days / Total 1GB",1,5,2.8987754136141475,2.899,,yes
egypt,"abesteSIM","eSIM Middle East (17 Countries) - 1 Day / Daily 1GB",1,1,2.8987754136141475,2.899,,yes
egypt,"AlpineSIM","AlpineSIM Egypt - 100MB / 7 Days",0.1,7,0.29,2.9,,yes
egypt,"GIGAGO","Africa eSIM (6 countries)",1,1,2.9,2.9,,no
egypt,"GIGAGO","Egypt eSIM",1,1,2.9,2.9,,no
egypt,"eSIMPal","Egypt - 1GB 30 Days",1,30,2.9,2.9,,yes
egypt,"SeferESIM","Egypt 1GB/Day",1,1,2.9,2.9,,yes
egypt,"AirPlans","Egypt 1GB 1 Day",1,1,2.91,2.91,,yes
egypt,"RedEx eSIM","Egypt 1GB/Day",1,1,2.92,2.92,,yes
egypt,"bndless","Egypt 1GB 7Days",1,7,2.93,2.93,,yes
egypt,"GLOBAL YO","Egypt - 3 Days - 1 GB",1,3,2.94,2.94,,no
egypt,"DashRoam","Egypt 1GB 7Days",1,7,2.95,2.95,,yes
egypt,"Giga.Tel","Egypt – 1 GB/Day – 1 Day (Activate within 90 Days)",1,1,2.95,2.95,,yes
egypt,"Giga.Tel","Egypt – 1GB – 1 Day – Free VPN",1,1,2.95,2.95,,yes
egypt,"Bloomy eSIM","Egypt Unlimited (1GB/day) 1 Day",1,1,2.95,2.95,,yes
egypt,"Roamless","Egypt - No Expiration",1,0,2.95,2.95,,yes
egypt,"Horizon eSIM","Egypt 100MB 7Days",0.1,7,0.29573674,2.957,,no
egypt,"RedSim","Egypt 1GB 7 Days",1,7,2.97,2.97,,yes
egypt,"Tripuck eSIM","Global 1 GB / 3 Days",1,3,2.97,2.97,,yes
egypt,"PuraSIM","Egypt 500MB 7Days",0.5,7,1.49,2.98,,yes
egypt,"MoodSIM","Egypt Unlimited (500 MB/day, then 512 Kbps) 1 Day",0.5,1,1.49,2.98,,yes
egypt,"abesteSIM","eSIM Africa (21 Countries) - 1 Day / Daily 1GB",1,1,2.9847229326161844,2.985,,yes
egypt,"Tripuck eSIM","Egypt 502 MB / 7 Days",0.5,7,1.5,2.988,,yes
egypt,"Tripuck eSIM","Middle East 502 MB / 1 Days",0.5,1,1.54,3.068,,no
egypt,"Billion Connect","North Africa eSIM [4 Countries] 1 Day 500MB/Day",0.5,1,1.56,3.12,,yes
egypt,"abesteSIM","eSIM Africa (17 Countries) - 1 Day / Daily 500MB",0.5,1,1.562682163673395,3.125,,yes
egypt,"Bloomy eSIM","Egypt 500MB 7 Days",0.5,7,1.75,3.5,,yes
egypt,"Hiroaming","Egypt 500MB/Day",0.5,1,1.82,3.64,,no
egypt,"Hiroaming","Egypt 500MB 7Days",0.5,7,1.82,3.64,,no
egypt,"SimSmash","Egypt Daily Unlimited 0.49GB/day for 1 Days",0.49,1,1.79,3.653,,no
egypt,"Connect Me Guru","Egypt 500MB 7Days",0.5,7,1.9,3.8,,yes
egypt,"Connect Me Guru","Egypt 500MB/Day",0.5,1,1.9,3.8,,yes
egypt,"IbridMarket","Egypt 500MB/Day",0.5,1,1.9,3.8,,no
egypt,"IbridMarket","Egypt 500MB 7Days",0.5,7,1.9,3.8,,no
egypt,"Earth Esim","500MB/1 Day Egypt 5G eSIM",0.5,1,1.99,3.98,,yes
egypt,"ESIM.DOG 🐶","⚡️ Etisalat/Orange Egypt (EMS) Egypt - Best Coverage (500MB/1Days) - Green route",0.5,1,1.99,3.98,,no
egypt,"Landed eSIM","Egypt 500MB/day · 1 day",0.5,1,1.99,3.98,,yes
egypt,"YonoSIM","Egypt 500MB 7Days",0.5,7,1.99,3.98,,yes
egypt,"SeferESIM","Egypt 500MB/Day",0.5,1,2,4,,yes
egypt,"SeferESIM","Egypt 500MB 7Days",0.5,7,2,4,,yes
egypt,"LimitSIM","MIDDLE EAST 0.49GB",0.5,1,2.07015718,4.124,,no
egypt,"AdventureSIMs","Egypt 500MB 7 Days",0.5,7,2.094793407722403,4.19,,yes
egypt,"eSIMNow","Egypt 500MB 7Days",0.5,7,2.1,4.2,,yes
egypt,"eSIMNow","Egypt 500MB/Day for 1 Day",0.5,1,2.1,4.2,,yes
egypt,"AirPlans","Egypt 500MB 1 Day",0.5,1,2.24,4.48,,yes
egypt,"ASIMGO","eSIM Egypt - 3 Days / Daily 500MB",0.5,3,2.25,4.5,,yes
egypt,"bndless","Egypt 500MB/Day",0.5,1,2.25,4.5,,yes
egypt,"bndless","Egypt 500MB 7Days",0.5,7,2.25,4.5,,yes
egypt,"abesteSIM","eSIM Egypt - 3 Days / Daily 500MB",0.5,3,2.2658891373264227,4.532,,yes
egypt,"abesteSIM","eSIM Global (66 Destinations) - 3 Days / Daily 500MB",0.5,3,2.2971427805998905,4.594,,yes
egypt,"MoodSIM","Egypt 100 MB 7 Days",0.1,7,0.49,4.9,,yes
egypt,"RedEx eSIM","Egypt 500MB 7Days",0.5,7,2.45,4.9,,yes
egypt,"RedEx eSIM","Egypt 500MB/Day",0.5,1,2.45,4.9,,yes
egypt,"ESIM.DOG 🐶","⚡️ [5G] Global (202 countries) - Best 5G Coverage (300MB/3Days) - Yellow route",0.3,3,1.49,4.967,,yes
egypt,"MicroEsim","Egypt eSIM 5G - 3 Days / Daily 500MB",0.5,3,2.49,4.98,,yes
egypt,"ESIM.DOG 🐶","⚡️ [5G] Vodafone Egypt &amp; more - Best 5G Coverage (500MB/1Days) - Blue route",0.5,1,2.49,4.98,,yes
egypt,"ESIM.DOG 🐶","⚡️ Best Coverage in Egypt (500MB/1Days) - Pink route",0.5,1,2.49,4.98,,no
egypt,"ESIM.DOG 🐶","⚡️ [5G] Vodafone Egypt &amp; more - Best 5G Coverage (500MB/7Days) - Blue route",0.5,7,2.49,4.98,,yes
egypt,"Voyasim","Egypt 100MB 7Days",0.1,7,0.5,5,,yes
egypt,"GIGAGO","Africa eSIM (6 countries)",0.5,1,2.5,5,,no
egypt,"GIGAGO","Egypt eSIM",0.5,1,2.5,5,,no
egypt,"Voyasim","Egypt 500MB/Day",0.5,1,2.5,5,,yes
egypt,"Voyasim","Egypt 500MB 7Days",0.5,7,2.5,5,,yes
egypt,"DashRoam","Egypt 500MB 7Days",0.5,7,2.5,5,,yes
egypt,"eSIM Hero","Egypt 500MB 7 Days",0.5,7,2.5,5,,yes
egypt,"Tripuck eSIM","Global 297 MB / 3 Days",0.3,3,1.5,5.051,,yes
egypt,"Govora","Egypt 500MB 7Days",0.49,7,2.49,5.082,,no
egypt,"Hungry eSIM","Egypt Unlimited eSIM — 0.5GB/Day · 512 Kbps after",0.5,1,2.65,5.3,,yes
egypt,"Hiroaming","Egypt 100MB 7Days",0.1,7,0.55,5.5,,no
egypt,"Billion Connect","Africa eSIM [18 Regions] 1 Day 500MB/Day",0.5,1,2.79,5.58,,yes
egypt,"eSIM2Me","Egypt 500MB 7Days",0.5,7,2.84,5.68,,yes
egypt,"eSIM2Me","Egypt 500MB/Day",0.5,1,2.84,5.68,,yes
egypt,"ByteSIM","Egypt 500MB/day for 1 day",0.5,1,2.9,5.8,,no
egypt,"GIGAGO","Global eSIM (76 countries)",0.5,1,2.9,5.8,,no
egypt,"SeferESIM","Egypt 100MB 7Days",0.1,7,0.6,6,,yes
egypt,"LimitSIM","Egypt 100MB 7Days",0.1,7,0.60284797,6.028,,yes
egypt,"eSIM4Travel","Egypt (Vodafone, Orange, Etisalat/e&amp;) - 100MB/1Days",0.1,1,0.63,6.3,,yes
egypt,"BlueSky eSIM","🔷 [5G] Worldwide (201 countries) Best Coverage (300MB/3d)",0.3,3,1.97,6.567,,yes
egypt,"eSIMzio","Global 300 MB — 3 days",0.3,3,1.981544820633844,6.605,,yes
egypt,"JamboSim","eSIM JamboSim Global 300MB / 3 Days",0.3,3,1.99,6.633,,yes
egypt,"bndless","Egypt 100MB 7Days",0.1,7,0.68,6.8,,yes
egypt,"Truely","Egypt - 300MB, 2 days",0.3,2,2.09,6.967,,yes
egypt,"Bloomy eSIM","Egypt 100MB 7 Days",0.1,7,0.7,7,,yes
egypt,"PRIeSIM","Discover Global 300 MB · 3 days",0.3,3,2.2635235099999997,7.545,,no
egypt,"Tripuck eSIM","Egypt 102 MB / 7 Days",0.1,7,0.8,7.843,,yes
egypt,"ESIM.DOG 🐶","⚡️ Best Coverage in Egypt (300MB/3Days) - Yellow route",0.3,3,2.49,8.3,,no
egypt,"Connect Me Guru","Egypt 100MB 7Days",0.1,7,0.85,8.5,,yes
egypt,"Roamix","Egypt 100MB 7Days",0.1,7,0.85,8.5,,yes
egypt,"ESIM.DOG 🐶","⚡️ Best Coverage in Egypt (200MB/30Days) - Yellow route",0.2,30,1.79,8.95,,no
egypt,"Tripuck eSIM","Global 205 MB / 30 Days",0.2,30,1.85,9.024,,yes
egypt,"eSIMNow","Egypt 100MB 7Days",0.1,7,0.91,9.1,,yes
egypt,"IbridMarket","Egypt 100MB 7Days",0.1,7,0.92,9.2,,no
egypt,"ESIM.DOG 🐶","⚡️ [5G] Global (202 countries) - Best 5G Coverage (200MB/30Days) - Yellow route",0.2,30,1.84,9.2,,yes
egypt,"Stellar eSim","Egypt 100MB 7Days + Free Stellar VPN",0.1,7,0.9440826699999999,9.441,,no
egypt,"ESIM.DOG 🐶","⚡️ [5G] Vodafone Egypt - Best 5G Coverage (100MB/90Days) - Black route",0.1,90,0.98,9.8,,yes
egypt,"BlueSky eSIM","✈️ [5G] Worldwide (201 countries) Best Coverage (200MB/30d)",0.2,30,1.97,9.85,,yes
egypt,"StaffTraveler eSIM","StaffTraveler eSIM 100 MB",0.1,365,0.99,9.9,,no
egypt,"Avelis eSIM","Standard 100MB / 7 Days",0.1,7,0.99,9.9,,yes
egypt,"eSIMzio","Global 200 MB — 30 days",0.2,30,1.981544820633844,9.908,,yes
egypt,"Zwitchy","Egypt · 100 MB · 1 day",0.1,1,1,10,,yes
egypt,"PRIeSIM","Discover Global 200 MB · 30 days",0.2,30,2.2635235099999997,11.318,,no
egypt,"MobileSIM","Global 200 MB for 30 days",0.2,30,2.3,11.5,,no
egypt,"DashRoam","Egypt 100MB 7Days",0.1,7,1.45,14.5,,yes
egypt,"merdata","eSIM Egypt 100 MB 7 days",0.1,7,1.470957924283237,14.71,,no
egypt,"ESIM.DOG 🐶","⚡️ [5G] Vodafone Egypt - Best 5G Coverage (100MB/1Days) - Black route",0.1,1,1.49,14.9,,yes
egypt,"PuraSIM","Egypt 100MB 7Days",0.1,7,1.49,14.9,,yes
egypt,"PikaSim","Egypt 100MB 7Days",0.1,7,1.5,15,,no
egypt,"Simsima","Egypt 100MB 7Days",0.1,7,1.5,15,,yes
egypt,"eSIM Hero","Egypt 100MB 7 Days",0.1,7,1.5,15,,yes
egypt,"RedEx eSIM","Egypt 100MB 7Days",0.1,7,1.71,17.1,,yes
egypt,"SIMDUCK.COM","Egypt 100 MB, 7 days",0.1,7,1.99,19.9,,yes
egypt,"Keepgo","Hydrus",0.1,0,2,20,,yes
egypt,"Keepgo","Tucana",0.1,0,2,20,,yes
egypt,"yaySIM","EG_0.1_7",0.1,7,2.1611531,21.188,,yes
egypt,"Roamify","Global One Year eSIM 100 MB - 365 Days",0.1,365,2.5,25,,yes
egypt,"Tripuck eSIM","Global 102 MB / 365 Days",0.1,365,2.6,25.49,,yes
france,"ESIM.DOG 🐶","🛜 Orange France - Essential Coverage (5GB/1Days) - Amber route",5,1,0.74,0.148,,yes
france,"ESIM.DOG 🐶","🛜 Orange France - Essential Coverage (5GB/3Days) - Amber route",5,3,0.74,0.148,,yes
france,"ESIM.DOG 🐶","🛜 Orange France - Essential Coverage (5GB/5Days) - Amber route",5,5,0.74,0.148,,yes
france,"Stellar eSim","France 5GB 20Days + Free Stellar VPN",5,20,0.75071634,0.15,,no
france,"Stellar eSim","France 5GB 30Days + Free Stellar VPN",5,30,0.75071634,0.15,,no
france,"Stellar eSim","France 3GB 20Days + Free Stellar VPN",3,20,0.48910307,0.163,,no
france,"Stellar eSim","France 3GB 15Days + Free Stellar VPN",3,15,0.48910307,0.163,,no
france,"Stellar eSim","France 3GB 1Days + Free Stellar VPN",3,1,0.48910307,0.163,,no
france,"Stellar eSim","France 3GB 30Days + Free Stellar VPN",3,30,0.48910307,0.163,,no
france,"ESIM.DOG 🐶","🛜 Orange France - Essential Coverage (4GB/1Days) - Amber route",4,1,0.74,0.185,,yes
france,"ESIM.DOG 🐶","🛜 Orange France - Essential Coverage (4GB/30Days) - Amber route",4,30,0.74,0.185,,yes
france,"Sim Local","France eSIM – 70 GB for 15 Days + EU Roaming",70,15,17.25,0.246,,yes
france,"ESIM.DOG 🐶","🛜 Orange France - Essential Coverage (3GB/30Days) - Amber route",3,30,0.74,0.247,,yes
france,"ESIM.DOG 🐶","🛜 Orange France - Essential Coverage (3GB/15Days) - Amber route",3,15,0.74,0.247,,yes
france,"ESIM.DOG 🐶","🛜 Orange France - Essential Coverage (3GB/20Days) - Amber route",3,20,0.74,0.247,,yes
france,"ESIM.DOG 🐶","🛜 Orange France - Essential Coverage (3GB/25Days) - Amber route",3,25,0.74,0.247,,yes
france,"Stellar eSim","France 3GB 5Days + Free Stellar VPN",3,5,0.9099592000000001,0.303,,no
france,"ESIM.DOG 🐶","⚡️ [5G] Europe (33 countries) - Best 5G Coverage (3GB/3Days) - Pink route",3,3,1.05,0.35,,no
france,"Stellar eSim","Europe (33 areas) 4GB 30Days + Free Stellar VPN",4,30,1.39906227,0.35,,no
france,"Stellar eSim","Europe (33 areas) 4GB 20Days + Free Stellar VPN",4,20,1.39906227,0.35,,no
france,"Stellar eSim","Europe (33 areas) 3GB 15Days + Free Stellar VPN",3,15,1.05782757,0.353,,no
france,"Stellar eSim","Europe (33 areas) 3GB 30Days + Free Stellar VPN",3,30,1.05782757,0.353,,no
france,"Stellar eSim","Europe (33 areas) 3GB 20Days + Free Stellar VPN",3,20,1.05782757,0.353,,no
france,"Stellar eSim","Europe (33 areas) eSIM Unlimited - 1 day",3,1,1.10332553,0.368,,no
france,"ESIM.DOG 🐶","🛜 Orange France - Essential Coverage (2GB/30Days) - Amber route",2,30,0.74,0.37,,yes
france,"Stellar eSim","France 2GB 15Days + Free Stellar VPN",2,15,0.80758879,0.404,,no
france,"Tripuck eSIM","Europe 3 GB / 3 Days",3,3,1.47,0.49,,yes
france,"thirr.com","FR 3GB 7D",3,7,1.50143268,0.5,,yes
france,"Tripuck eSIM","Europe 3 GB / 3 Days",3,3,1.51,0.503,,yes
france,"Stellar eSim","Europe (33 areas) 2GB 30Days + Free Stellar VPN",2,30,1.0692020599999998,0.535,,no
france,"Stellar eSim","Europe (33 areas) 2GB 20Days + Free Stellar VPN",2,20,1.0692020599999998,0.535,,no
france,"Stellar eSim","Europe (33 areas) 2GB 15Days + Free Stellar VPN",2,15,1.11470002,0.557,,no
france,"ESIM.DOG 🐶","⚡️ Best Coverage in France (1GB/7Days) - Blue route",1,7,0.57,0.57,,no
france,"Stellar eSim","France 1GB 7Days + Free Stellar VPN",1,7,0.58009899,0.58,,no
france,"eSIM4Travel","Best Europe 41 - 1GB/7Days",1,7,0.62,0.62,,yes
france,"eSIM4Travel","Best Europe 41 - 1GB/1Days",1,1,0.62,0.62,,yes
france,"Billion Connect","Global eSIM [45 Countries] 1 Day 2GB/Day",2,1,1.25,0.625,,yes
france,"Billion Connect","Europe eSIM [33 Countries] 1 Day 2GB/Day",2,1,1.3,0.65,,yes
france,"Astaroam","Europe (33 areas) 1GB 7Days",1,7,0.673725239015507,0.674,,yes
france,"eSIMX","France 10GB 7Days",10,7,6.8,0.68,,yes
france,"ASIMGO","eSIM France - 1 Day / Daily 1GB",1,1,0.68,0.68,,yes
france,"Stellar eSim","Europe (33 areas) 1GB 7Days + Free Stellar VPN",1,7,0.6824694,0.682,,no
france,"Horizon eSIM","France 1GB 7Days",1,7,0.70521838,0.705,,no
france,"Tripuck eSIM","Europe 2 GB/day / 1 Days",2,1,1.42,0.71,,yes
france,"Tripuck eSIM","Europe 2 GB/day / 1 Days",2,1,1.42,0.71,,yes
france,"Astaroam","France 1GB 7Days",1,7,0.7133561354281839,0.713,,yes
france,"abesteSIM","eSIM Europe (36 Countries) - 1 Day / Daily 2GB",2,1,1.4532944122162574,0.727,,yes
france,"ESIM.DOG 🐶","⚡️ [5G] Orange France - Best 5G Coverage (1GB/20Days) - Black route",1,20,0.74,0.74,,yes
france,"ESIM.DOG 🐶","⚡️ [5G] Orange France - Best 5G Coverage (1GB/30Days) - Black route",1,30,0.74,0.74,,yes
france,"Superalink","France - Regular",1,1,0.75,0.75,,yes
france,"abesteSIM","eSIM World 45 Regions - 1 Day / Daily 2GB",2,1,1.5001748771264591,0.75,,yes
france,"Superalink","France - Regular",2,1,1.51,0.755,,yes
france,"Superalink","France - Regular",2,3,1.53,0.765,,yes
france,"Superalink","France - Regular",1,3,0.77,0.77,,yes
france,"abesteSIM","eSIM France - 1 Day / Daily 1GB",1,1,0.7735276710183305,0.774,,yes
france,"ASIMGO","eSIM France - 1 Day / Daily 2GB",2,1,1.55,0.775,,yes
france,"Stellar eSim","Europe (33 areas) 750MB 7Days + Free Stellar VPN",0.75,7,0.59147348,0.789,,no
france,"Superalink","France - Regular",1,5,0.79,0.79,,yes
france,"Ubigi","",10,7,8,0.8,,yes
france,"abesteSIM","eSIM World 45 Regions - 1 Day / Daily 500MB",0.5,1,0.4062973625550827,0.813,,yes
france,"Superalink","France - Regular",1,7,0.82,0.82,,yes
france,"Superalink","France - Regular",1,10,0.83,0.83,,yes
france,"ESIM888","France (1GB/7DAYS)",1,7,0.85,0.85,,no
france,"Superalink","France - Regular",1,15,0.85,0.85,,yes
france,"abesteSIM","eSIM Asia+Europe 52 Regions - 1 Day / Daily 500MB",0.5,1,0.42973759501018366,0.859,,yes
france,"abesteSIM","eSIM Europe (49 Destinations) - 1 Day / Daily 500MB",0.5,1,0.42973759501018366,0.859,,yes
france,"abesteSIM","eSIM Global (66 Destinations) - 1 Day / Daily 500MB",0.5,1,0.42973759501018366,0.859,,yes
france,"Superalink","France - Regular",1,20,0.86,0.86,,yes
france,"Superalink","France - Regular",1,30,0.87,0.87,,yes
france,"abesteSIM","eSIM Europe (36 Countries) - 1 Day / Daily 500MB",0.5,1,0.4375510058285506,0.875,,yes
france,"AlpineSIM","AlpineSIM France - 1GB/Day / 1 Days",1,1,0.88,0.88,,yes
france,"EZsim","France - 1GB/7Days",1,7,0.9,0.9,,no
france,"AlpineSIM","AlpineSIM Europe (33 areas) - 1GB / 7 Days",1,7,0.92,0.92,,yes
france,"MicroEsim","France eSIM 5G - 1 Day / Daily 1GB",1,1,0.95,0.95,,yes
france,"AlpineSIM","AlpineSIM Europe (33 areas) - 1GB/Day / 1 Days",1,1,0.97,0.97,,yes
france,"ASIMGO","eSIM World - 45 Countries - 1 Day / Daily 1GB",1,1,0.98,0.98,,yes
france,"MicroEsim","Europe eSIM 33 Countries - 1 Day / Daily 1GB",1,1,0.98,0.98,,yes
france,"SimSmash","France 1GB for 7 Days",1,7,0.99,0.99,,yes
france,"SimSmash","France Daily Unlimited 1GB/day for 1 Days",1,1,0.99,0.99,,yes
france,"Billion Connect","Europe eSIM [33 Countries] 1 Day 1GB/Day",1,1,0.99,0.99,,yes
france,"AlpineSIM","AlpineSIM France - 1GB / 7 Days",1,7,0.99,0.99,,yes
france,"Voyasim","France 500MB/Day",0.5,1,0.5,1,,yes
france,"eSIMNEXA","France 1GB 3Days",1,3,1,1,,yes
france,"Wiiline","for France 7 Days 1GB - 7 days",1,7,1,1,,no
france,"Orbit Mobile","Global Pass",1,1,1,1,,no
france,"ASIMGO","eSIM Europe (41 Countries) - 1 Day / Daily 1GB",1,1,1,1,,yes
france,"ROWM","France Daily",1,1,1,1,,no
france,"Horizon eSIM","Europe 1 GB / 7 days",1,7,1.00095512,1.001,,no
france,"abesteSIM","eSIM Europe (36 Countries) - 1 Day / Daily 1GB",1,1,1.0157434063877067,1.016,,yes
france,"Yesim","France",0.5,1,0.51185205,1.024,,yes
france,"Yesim","Europe &amp; UK",0.5,1,0.51185205,1.024,,yes
france,"Horizon eSIM","Europe 1 GB / 30 days",1,30,1.04645308,1.046,,no
france,"ASIMGO","eSIM Europe (36 Countries) - 1 Day / Daily 500MB",0.5,1,0.54,1.08,,yes
france,"AlpineSIM","AlpineSIM France - 500MB/Day / 1 Days",0.5,1,0.54,1.08,,yes
france,"eSIM4Travel","France (Orange, Bouygues) - 1GB/1Days",1,1,1.08,1.08,,yes
france,"Astaroam","France Unlimited - 1Day",1,1,1.0832445019465013,1.083,,yes
france,"Billion Connect","Global eSIM [45 Countries] 1 Day 1GB/Day",1,1,1.11,1.11,,yes
france,"ASIMGO","eSIM France - 1 Day / Daily 500MB",0.5,1,0.56,1.12,,yes
france,"ASIMGO","eSIM Asia&amp;Europe - 54 Countries - 1 Day / Daily 500MB",0.5,1,0.56,1.12,,yes
france,"MicroEsim","Europe eSIM 36 Countries - 1 Day / Daily 1GB",1,1,1.12,1.12,,yes
france,"eSIM4Travel","France (Orange, Bouygues) - 1GB/7Days",1,7,1.12,1.12,,yes
france,"PRIeSIM","France 1 GB · 7 days",1,7,1.12607451,1.126,,no
france,"ASIMGO","eSIM Europe (36 Countries) - 1 Day / Daily 1GB",1,1,1.13,1.13,,yes
france,"Tripuck eSIM","France 1 GB / 7 Days",1,7,1.13,1.13,,no
france,"GlobaleSIM","France",15,30,17,1.133,,no
france,"thirr.com","FR 1GB 3D",1,3,1.137449,1.137,,yes
france,"ASIMGO","eSIM Europe (49 Destinations) - 1 Day / Daily 500MB",0.5,1,0.57,1.14,,yes
france,"Tripuck eSIM","Europe 1 GB / 7 Days",1,7,1.14,1.14,,yes
france,"Yoho Mobile","32-Country eSIM 1GB/Day 1Day",1,1,1.15,1.15,,yes
france,"Yoho Mobile","FR eSIM 1GB/Day 1Day",1,1,1.15,1.15,,yes
france,"Tripuck eSIM","France 1 GB / 1 Days",1,1,1.15,1.15,,yes
france,"Yoho Mobile","36-Country eSIM 1GB 7Day",1,7,1.16,1.16,,yes
france,"Yoho Mobile","39-Country eSIM 1GB 7Day",1,7,1.16,1.16,,yes
france,"Yoho Mobile","FR eSIM 1GB 7Day",1,7,1.16,1.16,,yes
france,"Hiroaming","Europe (33 areas) 1GB 7Days",1,7,1.16,1.16,,no
france,"Stellar eSim","Europe(30+ areas) 1GB 7Days + Free Stellar VPN",1,7,1.16019798,1.16,,no
france,"MicroEsim","Europe eSIM 42 Countries - 1 Day / Daily 1GB",1,1,1.18,1.18,,yes
france,"eSIMCard","1GB eSIM Data for 3 Days in France",1,3,1.19,1.19,,yes
france,"nadanada","eSIM, 1GB, 7 Days, France",1,7,1.19,1.19,,no
france,"nadanada","eSIM, 1GB, 7 Days, Europe Extra",1,7,1.19,1.19,,no
france,"4S eSIM","France 1GB - 1 Day",1,1,1.19,1.19,,no
france,"4S eSIM","Europe+ 1GB - 1 Day",1,1,1.19,1.19,,no
france,"Textr eSIM","France 1GB",1,7,1.19,1.19,,no
france,"Roaming4You","France Unlimited Data - 1 Day",1,1,1.2,1.2,,yes
france,"Tripuck eSIM","France 1 GB / 3 Days",1,3,1.2,1.2,,yes
france,"4S eSIM","France 1GB - 5 Days",1,5,1.21,1.21,,no
france,"4S eSIM","Europe+ 1GB - 5 Days",1,5,1.21,1.21,,no
france,"Tripuck eSIM","Europe 1 GB / 1 Days",1,1,1.21,1.21,,yes
france,"Bloomy eSIM","Europe (33 areas) 1GB 7 Days",1,7,1.21,1.21,,yes
france,"Tripuck eSIM","Europe 1 GB / 7 Days",1,7,1.23,1.23,,no
france,"Bloomy eSIM","France Unlimited (1GB/day) 1 Day",1,1,1.23,1.23,,yes
france,"4S eSIM","France 1GB - 7 Days",1,7,1.24,1.24,,no
france,"4S eSIM","Europe+ 1GB - 7 Days",1,7,1.24,1.24,,no
france,"Tripuck eSIM","Europe 1 GB / 7 Days",1,7,1.24,1.24,,yes
france,"Tripuck eSIM","Europe 1 GB / 7 Days",1,7,1.24,1.24,,yes
france,"Ozly eSIM","France 1GB 7Days",1,7,1.25,1.25,,yes
france,"LimitSIM","France 1GB",1,7,1.2511939,1.251,,yes
france,"eSIM4Travel","France (Orange, Bouygues) - 500MB/1Days",0.5,1,0.63,1.26,,yes
france,"Hiroaming","France 1GB 7Days",1,7,1.27,1.27,,no
france,"SeferESIM","Europe (33 areas) 1GB 7Days",1,7,1.28,1.28,,yes
france,"abesteSIM","eSIM France - 5 Days / Total 1GB",1,5,1.2813993742121839,1.281,,yes
france,"abesteSIM","eSIM Asia+Europe 52 Regions - 1 Day / Daily 1GB",1,1,1.2892127850305508,1.289,,yes
france,"MegaEsim","France 1 GB, 1 day",1,1,1.29,1.29,,yes
france,"MegaEsim","France Unlimited, 1 day (1 GB/day full speed)",1,1,1.29,1.29,,yes
france,"MegaEsim","Europe Unlimited, 1 day (1 GB/day full speed)",1,1,1.29,1.29,,no
france,"Hiroaming","Europe (33 areas) 1GB/Day FUP1Mbps",1,1,1.29,1.29,,no
france,"Orange Travel","France 20GB",20,14,25.99,1.299,,no
france,"MicroEsim","Europe eSIM 33 Countries - 3 Days / Total 1GB",1,3,1.3,1.3,,yes
france,"voilà","",1,7,1.3,1.3,,no
france,"SeferESIM","France 1GB/Day",1,1,1.3,1.3,,yes
france,"Bloomy eSIM","France 1GB 7 Days",1,7,1.3,1.3,,yes
france,"abesteSIM","eSIM World 45 Regions - 1 Day / Daily 1GB",1,1,1.3126530174856517,1.313,,yes
france,"abesteSIM","eSIM France - 7 Days / Total 1GB",1,7,1.3126530174856517,1.313,,yes
france,"Superalink","France - Regular",0.5,1,0.66,1.32,,yes
france,"Bloomy eSIM","Europe (33 areas) Unlimited (1GB/day) 1 Day",1,1,1.32,1.32,,yes
france,"abesteSIM","eSIM Europe (41 Countries) - 1 Day / Daily 1GB",1,1,1.3360932499407527,1.336,,yes
france,"MicroEsim","France eSIM 5G - 5 Days / Total 1GB",1,5,1.34,1.34,,yes
france,"Yoho Mobile","52-Country eSIM 1GB 7Day",1,7,1.34,1.34,,yes
france,"Superalink","France - Regular",0.5,3,0.68,1.36,,yes
france,"Connect Me Guru","Europe (33 areas) 1GB 7Days",1,7,1.36,1.36,,no
france,"Manet Travel","Local France - 7 Days - 1 GB",1,7,1.3649388,1.365,,no
france,"Connect Me Guru","France 1GB/Day",1,1,1.38,1.38,,yes
france,"MicroEsim","Europe eSIM 33 Countries - 5 Days / Total 1GB",1,5,1.39,1.39,,yes
france,"MicroEsim","Europe eSIM 5G 41 Countries - 1 Day / Daily 1GB",1,1,1.39,1.39,,yes
france,"Tripuck eSIM","France 1 GB/day / 1 Days",1,1,1.39,1.39,,yes
france,"AdventureSIMs","France 1GB 7 Days",1,7,1.394193605808556,1.394,,yes
france,"Superalink","France - Regular",0.5,5,0.7,1.4,,yes
france,"ASIMGO","eSIM France - 5 Days / Total 1GB",1,5,1.4,1.4,,yes
france,"voilà","",1,7,1.4,1.4,,yes
france,"IbridMarket","Europe (33 areas) 1GB 7Days",1,7,1.4,1.4,,no
france,"mobineX","Unlimited Standard",1,1,1.4,1.4,,yes
france,"Yoho Mobile","8-Country eSIM 1GB/Day 1Day",1,1,1.4,1.4,,yes
france,"AlpineSIM","AlpineSIM Europe(30+ areas) - 1GB / 7 Days",1,7,1.4,1.4,,yes
france,"SeferESIM","France 1GB 7Days",1,7,1.4,1.4,,yes
france,"Tripuck eSIM","Balkans 1 GB / 7 Days",1,7,1.4,1.4,,yes
france,"TravelGator eSIM","Europe eSIM Roaming Data",1,30,1.4064139473060555,1.406,,no
france,"SimSmash","France Daily Unlimited 0.49GB/day for 1 Days",0.49,1,0.69,1.408,,yes
france,"ASIMGO","eSIM Asia&amp;Europe - 54 Countries - 1 Day / Daily 1GB",1,1,1.41,1.41,,yes
france,"IbridMarket","France 1GB/Day",1,1,1.41,1.41,,no
france,"SeferESIM","Europe (33 areas) 1GB/Day FUP1Mbps",1,1,1.42,1.42,,yes
france,"Esoim","France eSIM 1 GB (1 Days)",1,1,1.42181125,1.422,,no
france,"SparkRoam","Europe (33) · 1 GB · 7 days",1,7,1.43,1.43,,yes
france,"ASIMGO","eSIM France - 7 Days / Total 1GB",1,7,1.43,1.43,,yes
france,"abesteSIM","eSIM Europe (49 Destinations) - 1 Day / Daily 1GB",1,1,1.4376675905795233,1.438,,yes
france,"Superalink","France - Regular",0.5,7,0.72,1.44,,yes
france,"bndless","Europe (33 areas) 1GB 7Days",1,7,1.44,1.44,,yes
france,"RedEx eSIM","Europe (33 areas) 1GB/Day FUP1Mbps",1,1,1.44,1.44,,yes
france,"Connect Me Guru","France 1GB 7Days",1,7,1.45,1.45,,yes
france,"Bloomy eSIM","France Unlimited (1GB/day) 1 Day",1,1,1.45,1.45,,yes
france,"Hiroaming","France 1GB/Day FUP1Mbps",1,1,1.45,1.45,,no
france,"LimitSIM","Europe 1GB",1,7,1.45593472,1.456,,no
france,"Hiroaming","France 500MB/Day",0.5,1,0.73,1.46,,no
france,"eSIMCard","Unlimited eSIM Data for 1 Day in France",1,1,1.46,1.46,,yes
france,"bndless","France 1GB/Day",1,1,1.46,1.46,,yes
france,"TravelGator eSIM","France eSIM Roaming Data",1,1,1.4689212338529911,1.469,,no
france,"Connect Me Guru","Europe (33 areas) 1GB/Day FUP1Mbps",1,1,1.47,1.47,,no
france,"MicroEsim","Europe eSIM 33 Countries - 7 Days / Total 1GB",1,7,1.47,1.47,,yes
france,"ESIM.DOG 🐶","⚡️ [5G] Orange France - Best 5G Coverage (500MB/30Days) - Black route",0.5,30,0.74,1.48,,yes
france,"IbridMarket","France 1GB 7Days",1,7,1.48,1.48,,no
france,"MicroEsim","Europe eSIM 36 Countries - 7 Days / Total 1GB",1,7,1.48,1.48,,yes
france,"abesteSIM","eSIM Europe (36 Countries) - 2 Days / Daily 1GB",1,2,1.484548055489725,1.485,,yes
france,"Earth Esim","1GB/1 Day France 5G eSIM",1,1,1.49,1.49,,yes
france,"IbridMarket","Europe (33 areas) 1GB/Day FUP1Mbps",1,1,1.49,1.49,,no
france,"SimSwift","France 1GB/Day",1,1,1.49,1.49,,no
france,"Landed eSIM","France 1GB/day · 1 day",1,1,1.49,1.49,,yes
france,"Govora","France 1GB 7Days",1,7,1.49,1.49,,no
france,"MoodSIM","France 1 GB 7 Days",1,7,1.49,1.49,,yes
france,"MoodSIM","Europe 1 GB 7 Days",1,7,1.49,1.49,,yes
france,"MoodSIM","France Unlimited (1 GB/day, then 512 Kbps) 1 Day",1,1,1.49,1.49,,yes
france,"MoodSIM","France Unlimited (1 GB/day, then 1 Mbps) 1 Day",1,1,1.49,1.49,,yes
france,"MoodSIM","Europe 1 GB 7 Days",1,7,1.49,1.49,,yes
france,"MoodSIM","Europe Unlimited (1 GB/day, then 1 Mbps) 1 Day",1,1,1.49,1.49,,yes
france,"EscapeSIM","France 1GB",1,14,1.49,1.49,,yes
france,"Stellar eSim","Europe(30+ areas) 1GB 30Days + Free Stellar VPN",1,30,1.49005819,1.49,,no
france,"Stellar eSim","Europe(30+ areas) 1GB 20Days + Free Stellar VPN",1,20,1.49005819,1.49,,no
france,"iRoamly","France-eSIM-1GB-1 Day-Daily",1,1,1.5,1.5,,yes
france,"iRoamly","France-eSIM-1GB-3 Days-Total",1,3,1.5,1.5,,yes
france,"Ezy eSIM","France 1GB 7Days",1,7,1.5,1.5,,no
france,"Gaza Online","eSIM, Unlimited, (1GB) 1 Day, France",1,1,1.5,1.5,,yes
france,"SimOptions","France 1GB - Try our eSIM for $1",1,3,1.5,1.5,,no
france,"TravelGator eSIM","France eSIM Roaming Data",1,3,1.507988287944826,1.508,,no
france,"eSIMNow","France 1GB/Day for 1 Day",1,1,1.51,1.51,,yes
france,"SparkRoam","France eSIM 1 GB 7 Days",1,7,1.51,1.51,,yes
france,"nextSIM","eSIM France 1GB 7Days Standard",1,7,1.52418166,1.524,,yes
france,"RedEx eSIM","Europe (33 areas) 1GB 7Days",1,7,1.53,1.53,,yes
france,"TravelGator eSIM","France eSIM Roaming Data",1,5,1.531428520399927,1.531,,no
france,"TravelGator eSIM","France eSIM Roaming Data",1,7,1.539241931218294,1.539,,no
france,"SparkRoam","Europe (33) · 1 GB · 7 days",1,60,1.54,1.54,,yes
france,"Yatelo","FRA 1GB 7 Days",1,7,1.54,1.54,,yes
france,"eSIM Agora","Europe (33 areas) 1GB/Day FUP1Mbps",1,1,1.54693064,1.547,,no
france,"TravelGator eSIM","France eSIM Roaming Data",1,10,1.547055342036661,1.547,,no
france,"MicroEsim","Europe eSIM 5G 49 Destinations - 1 Day / Daily 1GB",1,1,1.55,1.55,,yes
france,"MicroEsim","Europe eSIM 42 Countries - 3 Days / Total 1GB",1,3,1.55,1.55,,yes
france,"Ozly eSIM","Europe(30+ areas) 1GB 7Days",1,7,1.55,1.55,,yes
france,"LimitSIM","France 0.49GB",0.5,1,0.7848398099999999,1.563,,yes
france,"Earth Esim","500MB/1 Day France 5G eSIM",0.5,1,0.79,1.58,,yes
france,"SeferESIM","France 500MB/Day",0.5,1,0.8,1.6,,yes
france,"MicroEsim","France eSIM 5G - 1 Day / Daily 500MB",0.5,1,0.84,1.68,,yes
france,"MicroEsim","Europe eSIM 36 Countries - 1 Day / Daily 500MB",0.5,1,0.85,1.7,,yes
france,"MicroEsim","Europe eSIM 33 Countries - 1 Day / Daily 500MB",0.5,1,0.86,1.72,,yes
france,"Tripuck eSIM","France 502 MB / 1 Days",0.5,1,0.9,1.793,,no
france,"bndless","France 500MB/Day",0.5,1,0.9,1.8,,yes
france,"LimitSIM","Europe 0.49GB",0.5,1,0.9327081799999999,1.858,,no
france,"Tripuck eSIM","Europe 502 MB / 1 Days",0.5,1,0.97,1.932,,no
france,"MicroEsim","Europe eSIM 5G 41 Countries - 1 Day / Daily 500MB",0.5,1,0.99,1.98,,yes
france,"MoodSIM","France Unlimited (500 MB/day, then 512 Kbps) 1 Day",0.5,1,0.99,1.98,,yes
france,"Connect Me Guru","France 500MB/Day",0.5,1,1,2,,yes
france,"AlpineSIM","AlpineSIM Europe(30+ areas) - 300MB/Day / 1 Days",0.3,1,0.61,2.033,,yes
france,"MicroEsim","Europe eSIM 42 Countries - 1 Day / Daily 500MB",0.5,1,1.02,2.04,,yes
france,"abesteSIM","eSIM Europe (41 Countries) - 1 Day / Total 200MB",0.2,1,0.42192418419181665,2.11,,yes
france,"abesteSIM","eSIM France - 1 Day / Total 200MB",0.2,1,0.42192418419181665,2.11,,yes
france,"IbridMarket","France 500MB/Day",0.5,1,1.06,2.12,,no
france,"eSIMNow","France 500MB/Day for 1 Day",0.5,1,1.08,2.16,,yes
france,"MicroEsim","Europe eSIM 5G 49 Destinations - 1 Day / Daily 500MB",0.5,1,1.08,2.16,,yes
france,"Landed eSIM","France 500MB/day · 1 day",0.5,1,1.09,2.18,,yes
france,"AlpineSIM","AlpineSIM Europe(30+ areas) - 500MB/Day / 1 Days",0.5,1,1.11,2.22,,yes
france,"ASIMGO","eSIM France - 2 Days / Daily 500MB",0.5,2,1.13,2.26,,yes
france,"abesteSIM","eSIM Europe (36 Countries) - 2 Days / Daily 500MB",0.5,2,1.1798250335734133,2.36,,yes
france,"ASIMGO","eSIM World - 45 Countries - 1 Day / Daily 500MB",0.5,1,1.24,2.48,,yes
france,"ASIMGO","eSIM Europe (36 Countries) - 2 Days / Daily 500MB",0.5,2,1.3,2.6,,yes
france,"Horizon eSIM","France 100MB 7Days",0.1,7,0.26161327,2.616,,no
france,"ASIMGO","eSIM Europe (41 Countries) - 1 Day / Total 200MB",0.2,1,0.54,2.7,,yes
france,"ASIMGO","eSIM France - 1 Day / Total 200MB",0.2,1,0.54,2.7,,yes
france,"Hiroaming","Europe(30+ areas) 300MB/Day",0.3,1,0.82,2.733,,no
france,"MicroEsim","France eSIM 5G - 3 Days / Daily 500MB",0.5,3,1.41,2.82,,yes
france,"abesteSIM","eSIM Europe (36 Countries) - 3 Days / Daily 500MB",0.5,3,1.4220407689427894,2.844,,yes
france,"AirPlans","France 500MB 1 Day",0.5,1,1.43,2.86,,yes
france,"AlpineSIM","AlpineSIM France - 100MB / 7 Days",0.1,7,0.29,2.9,,yes
france,"Hiroaming","Europe(30+ areas) 500MB/Day",0.5,1,1.45,2.9,,no
france,"LimitSIM","Europe(30+ areas) 300MB/Day",0.3,1,0.87583573,2.919,,no
france,"merdata","eSIM France 500 MB/day 1 day",0.5,1,1.470957924283237,2.942,,no
france,"ESIM.DOG 🐶","⚡️ [5G] Orange France - Best Unlimited 5G Coverage - Blue route",0.5,1,1.48,2.96,,yes
france,"ESIM.DOG 🐶","⚡️ [5G] Orange France - Best 5G Coverage (500MB/1Days) - Blue route",0.5,1,1.49,2.98,,yes
france,"ESIM.DOG 🐶","⚡️ [5G] Orange France - Best 5G Coverage (500MB/1Days) - Black route",0.5,1,1.49,2.98,,yes
france,"MoodSIM","Europe Unlimited (500 MB/day, then 384 Kbps) 1 Day",0.5,1,1.49,2.98,,yes
france,"SeferESIM","Europe(30+ areas) 300MB/Day",0.3,1,0.9,3,,yes
france,"MicroEsim","Europe eSIM 36 Countries - 3 Days / Daily 500MB",0.5,3,1.53,3.06,,yes
france,"Tripuck eSIM","Europe 297 MB / 1 Days",0.3,1,0.95,3.199,,yes
france,"MoodSIM","Europe Unlimited (300 MB/day, then 384 Kbps) 1 Day",0.3,1,0.99,3.3,,yes
france,"bndless","Europe(30+ areas) 300MB/Day",0.3,1,1.01,3.367,,yes
france,"Connect Me Guru","Europe(30+ areas) 300MB/Day",0.3,1,1.08,3.6,,no
france,"Voyasim","Europe(30+ areas) 300MB/Day",0.3,1,1.1,3.667,,yes
france,"IbridMarket","Europe(30+ areas) 300MB/Day",0.3,1,1.13,3.767,,no
france,"eSIMNow","Europe(30+ areas) 300MB/Day for 1 Day",0.3,1,1.17,3.9,,yes
france,"MoodSIM","France 100 MB 7 Days",0.1,7,0.49,4.9,,yes
france,"ESIM.DOG 🐶","⚡️ [5G] Global (202 countries) - Best 5G Coverage (300MB/3Days) - Yellow route",0.3,3,1.49,4.967,,yes
france,"Voyasim","France 100MB 7Days",0.1,7,0.5,5,,yes
france,"Tripuck eSIM","Global 297 MB / 3 Days",0.3,3,1.5,5.051,,yes
france,"Hiroaming","France 100MB 7Days",0.1,7,0.55,5.5,,no
france,"Stellar eSim","France 100MB 7Days + Free Stellar VPN",0.1,7,0.58009899,5.801,,no
france,"SeferESIM","France 100MB 7Days",0.1,7,0.6,6,,yes
france,"LimitSIM","France 100MB 7Days",0.1,7,0.60284797,6.028,,yes
france,"Superalink","France - Regular",0.1,1,0.63,6.3,,yes
france,"Superalink","France - Regular",0.1,3,0.65,6.5,,yes
france,"Superalink","France - Regular",0.1,5,0.67,6.7,,yes
france,"bndless","France 100MB 7Days",0.1,7,0.68,6.8,,yes
france,"Superalink","France - Regular",0.1,7,0.69,6.9,,yes
france,"Bloomy eSIM","France 100MB 7 Days",0.1,7,0.7,7,,yes
france,"ESIM.DOG 🐶","⚡️ [5G] Orange France - Best 5G Coverage (100MB/30Days) - Black route",0.1,30,0.74,7.4,,yes
france,"Tripuck eSIM","France 102 MB / 7 Days",0.1,7,0.8,7.843,,yes
france,"Roamix","France 100MB 7Days",0.1,7,0.85,8.5,,yes
france,"eSIMNow","France 100MB 7Days",0.1,7,0.91,9.1,,yes
france,"IbridMarket","France 100MB 7Days",0.1,7,0.92,9.2,,no
france,"ESIM.DOG 🐶","⚡️ [5G] Orange France - Best 5G Coverage (100MB/90Days) - Black route",0.1,90,0.98,9.8,,yes
france,"StaffTraveler eSIM","StaffTraveler eSIM 100 MB",0.1,365,0.99,9.9,,no
france,"Zwitchy","France · 100 MB · 1 day",0.1,1,1,10,,yes
france,"DashRoam","France 100MB 7Days",0.1,7,1.45,14.5,,yes
france,"merdata","eSIM France 100 MB 7 days",0.1,7,1.470957924283237,14.71,,no
france,"ESIM.DOG 🐶","⚡️ [5G] Orange France - Best 5G Coverage (100MB/7Days) - Blue route",0.1,7,1.49,14.9,,yes
france,"ESIM.DOG 🐶","⚡️ [5G] Orange France - Best 5G Coverage (100MB/7Days) - Black route",0.1,7,1.49,14.9,,yes
france,"ESIM.DOG 🐶","⚡️ [5G] Orange France - Best 5G Coverage (100MB/1Days) - Black route",0.1,1,1.49,14.9,,yes
france,"PuraSIM","France 100MB 7Days",0.1,7,1.49,14.9,,yes
france,"PikaSim","France 100MB 7Days",0.1,7,1.5,15,,no
france,"Simsima","France 100MB 7Days",0.1,7,1.5,15,,yes
france,"eSIM Hero","France 100MB 7 Days",0.1,7,1.5,15,,yes
georgia,"Horizon eSIM","Georgia 1GB 7Days",1,7,0.30711123,0.307,,no
georgia,"ESIM.DOG 🐶","⚡️ Magti Georgia - Best Coverage (5GB/3Days) - Black route",5,3,2.64,0.528,,no
georgia,"ESIM.DOG 🐶","⚡️ Magti Georgia - Best Coverage (5GB/1Days) - Black route",5,1,2.64,0.528,,no
georgia,"ESIM.DOG 🐶","⚡️ [5G] Beeline Georgia &amp; more - Best 5G Coverage (3GB/1Days) - Blue route",3,1,1.59,0.53,,no
georgia,"Tripuck eSIM","Europe 5 GB / 3 Days",5,3,2.65,0.53,,yes
georgia,"Tripuck eSIM","Europe 5 GB / 3 Days",5,3,2.65,0.53,,yes
georgia,"Stellar eSim","Georgia eSIM Unlimited - 1 day",3,1,1.6038030899999998,0.535,,no
georgia,"ESIM.DOG 🐶","⚡️ Magti Georgia - Best Coverage (4GB/1Days) - Black route",4,1,2.64,0.66,,no
georgia,"ESIM.DOG 🐶","⚡️ Magti Georgia - Best Coverage (4GB/3Days) - Black route",4,3,2.64,0.66,,no
georgia,"GoMoWorld","Georgia",19,30,12.99,0.684,,no
georgia,"ESIM.DOG 🐶","⚡️ Magti Georgia - Best Coverage (3GB/1Days) - Black route",3,1,2.1,0.7,,no
georgia,"ESIM.DOG 🐶","⚡️ Magti Georgia - Best Coverage (3GB/3Days) - Black route",3,3,2.11,0.703,,no
georgia,"ESIM.DOG 🐶","⚡️ Magti Georgia - Best Coverage (2GB/1Days) - Black route",2,1,1.41,0.705,,no
georgia,"Tripuck eSIM","Europe 3 GB / 3 Days",3,3,2.12,0.707,,yes
georgia,"Tripuck eSIM","Europe 3 GB / 3 Days",3,3,2.12,0.707,,yes
georgia,"Tripuck eSIM","Europe 2 GB/day / 1 Days",2,1,1.42,0.71,,yes
georgia,"Tripuck eSIM","Europe 2 GB/day / 1 Days",2,1,1.42,0.71,,yes
georgia,"RedEx eSIM","Unlimited Data - 1 Days (3 GB / 384 KBPS)",3,1,2.17,0.723,,no
georgia,"RedEx eSIM","Unlimited Data - 1 Days (3 GB / 384 KBPS)",3,1,2.17,0.723,,no
georgia,"4S eSIM","Georgia 10GB - 7 Days",10,7,7.25,0.725,,no
georgia,"ESIM.DOG 🐶","⚡️ Magti Georgia - Best Coverage (3GB/5Days) - Black route",3,5,2.18,0.727,,no
georgia,"Tripuck eSIM","Europe 3 GB / 5 Days",3,5,2.19,0.73,,yes
georgia,"Tripuck eSIM","Europe 3 GB / 5 Days",3,5,2.19,0.73,,yes
georgia,"Tripuck eSIM","Georgia 3 GB / 1 Days",3,1,2.21,0.737,,yes
georgia,"ESIM.DOG 🐶","⚡️ Magti Georgia - Best Coverage (3GB/30Days) - Black route",3,30,2.24,0.747,,no
georgia,"ESIM.DOG 🐶","⚡️ [5G] Beeline Georgia &amp; more - Best 5G Coverage (3GB/15Days) - Blue route",3,15,2.24,0.747,,no
georgia,"ESIM.DOG 🐶","⚡️ Magti Georgia - Best Coverage (3GB/7Days) - Black route",3,7,2.24,0.747,,no
georgia,"ESIM.DOG 🐶","⚡️ Magti Georgia - Best Coverage (3GB/10Days) - Black route",3,10,2.24,0.747,,no
georgia,"ESIM.DOG 🐶","⚡️ Magti Georgia - Best Coverage (3GB/20Days) - Black route",3,20,2.24,0.747,,no
georgia,"Superalink","Georgia - 2GB/day",2,1,1.5,0.75,,yes
georgia,"ESIM888","Georgia (3GB/30DAYS)",3,30,2.25,0.75,,no
georgia,"Tripuck eSIM","Europe 3 GB / 25 Days",3,25,2.25,0.75,,yes
georgia,"Stellar eSim","Georgia 3GB 5Days + Free Stellar VPN",3,5,2.2862724899999995,0.762,,no
georgia,"Stellar eSim","Georgia 3GB 1Days + Free Stellar VPN",3,1,2.2862724899999995,0.762,,no
georgia,"Tripuck eSIM","Europe 3 GB / 7 Days",3,7,2.35,0.783,,yes
georgia,"Tripuck eSIM","Europe 3 GB / 7 Days",3,7,2.35,0.783,,yes
georgia,"AlpineSIM","AlpineSIM Georgia - 3GB/Day / 1 Days",3,1,2.36,0.787,,yes
georgia,"Stellar eSim","Georgia 3GB 15Days + Free Stellar VPN",3,15,2.3886429000000002,0.796,,no
georgia,"Horizon eSIM","Georgia 3GB 30Days",3,30,2.4227663699999997,0.808,,no
georgia,"Horizon eSIM","Georgia 3GB 15Days",3,15,2.4227663699999997,0.808,,no
georgia,"Horizon eSIM","Georgia 3 GB / 7 days",3,7,2.4227663699999997,0.808,,no
georgia,"Stellar eSim","Georgia 3GB 20Days + Free Stellar VPN",3,20,2.46826433,0.823,,no
georgia,"Stellar eSim","Georgia 3GB 30Days + Free Stellar VPN",3,30,2.46826433,0.823,,no
georgia,"MegaEsim","Georgia Unlimited, 1 day (3 GB/day full speed)",3,1,2.47,0.823,,no
georgia,"Tripuck eSIM","Multi-Region 3 GB / 7 Days",3,7,2.47,0.823,,no
georgia,"MoodSIM","Georgia Unlimited (3 GB/day, then 1 Mbps) 1 Day",3,1,2.49,0.83,,yes
georgia,"Tripuck eSIM","Georgia 3 GB / 3 Days",3,3,2.5,0.833,,no
georgia,"Tripuck eSIM","Balkans 3 GB / 3 Days",3,3,2.5,0.833,,yes
georgia,"Tripuck eSIM","Europe 3 GB / 10 Days",3,10,2.51,0.837,,yes
georgia,"Tripuck eSIM","Europe 3 GB / 10 Days",3,10,2.51,0.837,,yes
georgia,"RedEx eSIM","Unlimited Data - 1 Days (2 GB / 384 KBPS)",2,1,1.71,0.855,,no
georgia,"RedEx eSIM","Unlimited Data - 1 Days (2 GB / 384 KBPS)",2,1,1.71,0.855,,no
georgia,"Tripuck eSIM","Georgia 3 GB / 5 Days",3,5,2.6,0.867,,no
georgia,"Tripuck eSIM","Balkans 3 GB / 5 Days",3,5,2.6,0.867,,yes
georgia,"4S eSIM","Georgia 3GB - 1 Day",3,1,2.62,0.873,,no
georgia,"ESIM.DOG 🐶","⚡️ [5G] Beeline Georgia &amp; more - Best 5G Coverage (1GB/7Days) - Blue route",1,7,0.89,0.89,,no
georgia,"ESIM.DOG 🐶","⚡️ Magti Georgia - Best Coverage (1GB/3Days) - Black route",1,3,0.89,0.89,,no
georgia,"ESIM.DOG 🐶","⚡️ Magti Georgia - Best Coverage (1GB/5Days) - Black route",1,5,0.89,0.89,,no
georgia,"Tripuck eSIM","Balkans 3 GB / 25 Days",3,25,2.69,0.897,,yes
georgia,"ESIM888","Georgia (1GB/7DAYS)",1,7,0.9,0.9,,no
georgia,"Tripuck eSIM","Georgia 3 GB / 7 Days",3,7,2.71,0.903,,no
georgia,"Tripuck eSIM","Balkans 3 GB / 7 Days",3,7,2.71,0.903,,yes
georgia,"4S eSIM","Georgia 3GB - 5 Days",3,5,2.73,0.91,,no
georgia,"Tripuck eSIM","Europe 3 GB / 15 Days",3,15,2.74,0.913,,yes
georgia,"Tripuck eSIM","Europe 3 GB / 15 Days",3,15,2.74,0.913,,yes
georgia,"ESIM.DOG 🐶","⚡️ Magti Georgia - Best Coverage (2GB/15Days) - Black route",2,15,1.86,0.93,,no
georgia,"ESIM.DOG 🐶","⚡️ Magti Georgia - Best Coverage (2GB/14Days) - Black route",2,14,1.86,0.93,,no
georgia,"Tripuck eSIM","Europe 3 GB / 20 Days",3,20,2.79,0.93,,yes
georgia,"Tripuck eSIM","Europe 2 GB / 15 Days",2,15,1.87,0.935,,yes
georgia,"Tripuck eSIM","Europe 2 GB / 15 Days",2,15,1.87,0.935,,yes
georgia,"Tripuck eSIM","Georgia 3 GB / 10 Days",3,10,2.81,0.937,,no
georgia,"abesteSIM","eSIM Asia (27 Regions, Support Tiktok) - 1 Day / Daily 500MB",0.5,1,0.4766180599203855,0.953,,yes
georgia,"Tripuck eSIM","Georgia 2 GB/day / 1 Days",2,1,1.96,0.98,,no
georgia,"Tripuck eSIM","Balkans 2 GB/day / 1 Days",2,1,1.96,0.98,,yes
georgia,"Tripuck eSIM","Georgia 2 GB / 15 Days",2,15,2.08,1.04,,no
georgia,"Tripuck eSIM","Balkans 2 GB / 15 Days",2,15,2.08,1.04,,yes
georgia,"ESIM.DOG 🐶","⚡️ Asia (6 countries) - Best Coverage (500MB/1Days) - Green route",0.5,1,0.53,1.06,,no
georgia,"ESIM.DOG 🐶","⚡️ [5G] Beeline Georgia &amp; more - Best 5G Coverage (500MB/1Days) - Blue route",0.5,1,0.53,1.06,,no
georgia,"ESIM.DOG 🐶","⚡️ Magti Georgia - Best Coverage (500MB/1Days) - Black route",0.5,1,0.53,1.06,,no
georgia,"abesteSIM","eSIM Global (23 Destinations) - 1 Day / Daily 500MB",0.5,1,0.5391253464673212,1.078,,yes
georgia,"abesteSIM","eSIM Middle East (17 Countries) - 1 Day / Daily 500MB",0.5,1,0.5391253464673212,1.078,,yes
georgia,"Tripuck eSIM","Georgia 2 GB / 1 Days",2,1,2.2,1.1,,yes
georgia,"ESIM.DOG 🐶","⚡️ Magti Georgia - Best Coverage (2GB/30Days) - Black route",2,30,2.22,1.11,,no
georgia,"Stellar eSim","Georgia 2GB 20Days + Free Stellar VPN",2,20,2.22940004,1.115,,no
georgia,"Stellar eSim","Georgia 2GB 30Days + Free Stellar VPN",2,30,2.22940004,1.115,,no
georgia,"AlpineSIM","AlpineSIM Georgia - 2GB/Day / 1 Days",2,1,2.28,1.14,,yes
georgia,"Stellar eSim","Georgia 1GB 7Days + Free Stellar VPN",1,7,1.16019798,1.16,,no
georgia,"EZsim","Georgia - 1GB/7Days",1,7,1.2,1.2,,no
georgia,"AlpineSIM","AlpineSIM Georgia - 1GB / 7 Days",1,7,1.2,1.2,,yes
georgia,"Tripuck eSIM","Multi-Region 1 GB / 7 Days",1,7,1.23,1.23,,no
georgia,"AlpineSIM","AlpineSIM Georgia - 1GB/Day / 1 Days",1,1,1.24,1.24,,yes
georgia,"Tripuck eSIM","Europe 1 GB / 7 Days",1,7,1.24,1.24,,yes
georgia,"Tripuck eSIM","Europe 1 GB / 7 Days",1,7,1.24,1.24,,yes
georgia,"MoodSIM","Georgia Unlimited (2 GB/day, then 512 Kbps) 1 Day",2,1,2.49,1.245,,yes
georgia,"Billion Connect","Georgia eSIM 1 Day 2GB/Day",2,1,2.5,1.25,,yes
georgia,"RedEx eSIM","Unlimited Data - 1 Days (2 GB / 384 KBPS)",2,1,2.52,1.26,,no
georgia,"RedEx eSIM","Unlimited Data - 1 Days (2 GB / 384 KBPS)",2,1,2.52,1.26,,no
georgia,"Tripuck eSIM","Europe 2 GB/day / 1 Days",2,1,2.58,1.29,,yes
georgia,"GlobaleSIM","Georgia",10,30,13,1.3,,no
georgia,"Superalink","Georgia - 1GB/day",1,1,1.3,1.3,,yes
georgia,"Tripuck eSIM","Georgia 2 GB / 3 Days",2,3,2.64,1.32,,no
georgia,"Tripuck eSIM","Georgia 1 GB / 7 Days",1,7,1.36,1.36,,yes
georgia,"Manet Travel","Local Georgia - 15 Days - 2 GB",2,15,2.7298776,1.365,,no
georgia,"4S eSIM","Georgia 1GB - 1 Day",1,1,1.37,1.37,,no
georgia,"RedEx eSIM","2 GB - 15 Days",2,15,2.79,1.395,,no
georgia,"RedEx eSIM","2 GB - 15 Days",2,15,2.79,1.395,,no
georgia,"EscapeSIM","Georgia 2GB",2,15,2.79,1.395,,yes
georgia,"Ozly eSIM","Georgia 1GB 7Days",1,7,1.4,1.4,,yes
georgia,"Tripuck eSIM","Balkans 1 GB / 7 Days",1,7,1.4,1.4,,yes
georgia,"Bloomy eSIM","Georgia Unlimited (2GB/day) 1 Day",2,1,2.8,1.4,,yes
georgia,"4S eSIM","Georgia 1GB - 5 Days",1,5,1.41,1.41,,no
georgia,"Esoim","Georgia eSIM 1 GB (1 Days)",1,1,1.42181125,1.422,,no
georgia,"Tripuck eSIM","Georgia 1 GB / 1 Days",1,1,1.43,1.43,,yes
georgia,"4S eSIM","Georgia 1GB - 7 Days",1,7,1.44,1.44,,no
georgia,"LimitSIM","CIS 1GB",1,7,1.45593472,1.456,,no
georgia,"Textr eSIM","Georgia 1GB",1,7,1.46,1.46,,no
georgia,"4S eSIM","Caucasus+ 1GB - 1 Day",1,1,1.47,1.47,,no
georgia,"MegaEsim","Georgia 1 GB, 7 days",1,7,1.49,1.49,,no
georgia,"MoodSIM","Georgia 1 GB 7 Days",1,7,1.49,1.49,,yes
georgia,"MoodSIM","Georgia Unlimited (1 GB/day, then 512 Kbps) 1 Day",1,1,1.49,1.49,,yes
georgia,"Orange Travel","World - Zone 1",20,30,29.99,1.499,ESIMDBWRLD,no
georgia,"AlpineSIM","AlpineSIM Georgia - 500MB/Day / 1 Days",0.5,1,0.75,1.5,,yes
georgia,"mobineX","Unlimited Standard",1,1,1.5,1.5,,yes
georgia,"MegaEsim","Georgia 1 GB, 1 day",1,1,1.5,1.5,,no
georgia,"SimOptions","Georgia 1GB",1,3,1.5,1.5,,no
georgia,"4S eSIM","Caucasus+ 1GB - 5 Days",1,5,1.51,1.51,,no
georgia,"Bloomy eSIM","Georgia 1GB 7 Days",1,7,1.54,1.54,,yes
georgia,"Stellar eSim","Georgia 750MB 7Days + Free Stellar VPN",0.75,7,1.16019798,1.547,,no
georgia,"4S eSIM","Caucasus+ 1GB - 7 Days",1,7,1.56,1.56,,no
georgia,"Hiroaming","Georgia 1GB 7Days",1,7,1.56,1.56,,no
georgia,"EscapeSIM","Georgia 1GB",1,14,1.59,1.59,,yes
georgia,"eSIM4Travel","Georgia (Beeline/Cellfie, Silknet) - 1GB/1Days",1,1,1.63,1.63,,yes
georgia,"MegaEsim","Georgia Unlimited, 1 day (1 GB/day full speed)",1,1,1.64,1.64,,no
georgia,"RedEx eSIM","1 GB - 7 Days",1,7,1.65,1.65,,no
georgia,"RedEx eSIM","1 GB - 7 Days",1,7,1.65,1.65,,no
georgia,"Bloomy eSIM","Georgia Unlimited (1GB/day) 1 Day",1,1,1.65,1.65,,yes
georgia,"LimitSIM","Georgia 1GB",1,7,1.6720500299999999,1.672,,no
georgia,"Connect Me Guru","Georgia 1GB 7Days",1,7,1.69,1.69,,yes
georgia,"thirr.com","GE 1GB 3D",1,3,1.6947990099999999,1.695,,yes
georgia,"PRIeSIM","Georgia 1 GB · 7 days",1,7,1.6947990099999999,1.695,,no
georgia,"IbridMarket","Georgia 1GB 7Days",1,7,1.7,1.7,,no
georgia,"eSIM4Travel","Georgia (Beeline/Cellfie, Silknet) - 1GB/7Days",1,7,1.7,1.7,,yes
georgia,"Yesim","Georgia",0.3,1,0.51185205,1.706,,yes
georgia,"Manet Travel","Local Georgia - 7 Days - 1 GB",1,7,1.7061735,1.706,,no
georgia,"Billion Connect","Georgia eSIM 1 Day 1GB/Day",1,1,1.71,1.71,,yes
georgia,"Yatelo","GEO 1GB 7 Days",1,7,1.71,1.71,,yes
georgia,"SparkRoam","Georgia 1GB 7Days",1,7,1.72,1.72,,yes
georgia,"SeferESIM","Georgia 1GB 7Days",1,7,1.72,1.72,,yes
georgia,"Tripuck eSIM","Georgia 1 GB / 3 Days",1,3,1.72,1.72,,no
georgia,"ASIMGO","eSIM Asia (26 Regions, Support Tiktok) - 1 Day / Daily 500MB",0.5,1,0.88,1.76,,yes
georgia,"Horizon eSIM","Caucasus 1 GB / 7 days",1,7,1.7971694200000001,1.797,,no
georgia,"Connect Me Guru","Georgia 1GB/Day",1,1,1.8,1.8,,yes
georgia,"voilà","",1,7,1.8,1.8,,no
georgia,"IbridMarket","Georgia 1GB/Day",1,1,1.8,1.8,,no
georgia,"Bloomy eSIM","Georgia Unlimited (1GB/day) 1 Day",1,1,1.8,1.8,,yes
georgia,"LimitSIM","CIS 0.49GB",0.5,1,0.9327081799999999,1.858,,no
georgia,"SeferESIM","Georgia 1GB/Day",1,1,1.86,1.86,,yes
georgia,"ESIM.DOG 🐶","⚡️ Magti Georgia - Best Coverage (1GB/15Days) - Black route",1,15,1.86,1.86,,no
georgia,"Hiroaming","Georgia 1GB/Day FUP1Mbps",1,1,1.87,1.87,,no
georgia,"Billion Connect","Global eSIM [67 Countries] 1 Day 1GB/Day",1,1,1.88,1.88,,yes
georgia,"Landed eSIM","Georgia 1GB/day · 1 day",1,1,1.89,1.89,,no
georgia,"eSIMCard","1GB eSIM Data for 3 Days in Georgia",1,3,1.92,1.92,,no
georgia,"eSIM4Travel","South Caucasus 4 (Georgia, Armenia, Azerbaijan, Turkey) - 1GB/1Days",1,1,1.93,1.93,,no
georgia,"Tripuck eSIM","Multi-Region 502 MB / 1 Days",0.5,1,0.97,1.932,,no
georgia,"IbridMarket","Georgia 1GB/Day FUP1Mbps",1,1,1.94,1.94,,no
georgia,"bndless","Georgia 1GB 7Days",1,7,1.94,1.94,,yes
georgia,"GLOBAL YO","Europe Explorer - 3 Days - 1 GB (42 countries)",1,3,1.94,1.94,,no
georgia,"Connect Me Guru","Georgia 1GB/Day FUP1Mbps",1,1,1.95,1.95,,yes
georgia,"RedEx eSIM","1 GB - 7 Days",1,7,1.95,1.95,,no
georgia,"RedEx eSIM","1 GB - 7 Days",1,7,1.95,1.95,,no
georgia,"Roamless","Georgia - No Expiration",1,0,1.95,1.95,,no
georgia,"Hiroaming","Georgia 500MB/Day",0.5,1,0.98,1.96,,no
georgia,"Astaroam","Georgia 1GB 7Days",1,7,1.9683345218296182,1.968,,yes
georgia,"Earth Esim","500MB/1 Day Georgia 5G eSIM",0.5,1,0.99,1.98,,yes
georgia,"ASIMGO","eSIM Middle East - 17 Countries - 1 Day / Daily 500MB",0.5,1,0.99,1.98,,yes
georgia,"MoodSIM","Georgia Unlimited (500 MB/day, then 512 Kbps) 1 Day",0.5,1,0.99,1.98,,yes
georgia,"SimSwift","Georgia 1GB 7Days",1,7,1.99,1.99,,no
georgia,"SimSwift","Georgia 1GB/Day",1,1,1.99,1.99,,no
georgia,"Earth Esim","1GB/1 Day Georgia 5G eSIM",1,1,1.99,1.99,,yes
georgia,"ESIM.DOG 🐶","⚡️ Best Coverage in Georgia (1GB/7Days) - Green route",1,7,1.99,1.99,,no
georgia,"ESIM.DOG 🐶","⚡️ Magti Georgia - Best Coverage (1GB/7Days) - Black route",1,7,1.99,1.99,,no
georgia,"YonoSIM","Georgia 1GB 7Days",1,7,1.99,1.99,,yes
georgia,"Simbye","Georgia 1GB 7Days",1,7,1.99,1.99,,no
georgia,"ESIM.DOG 🐶","⚡️ [5G] Beeline Georgia &amp; more - Best 5G Coverage (1GB/1Days) - Blue route",1,1,1.99,1.99,,no
georgia,"ESIM.DOG 🐶","⚡️ Magti Georgia - Best Coverage (1GB/1Days) - Black route",1,1,1.99,1.99,,no
georgia,"Avelis eSIM","Standard 1GB / 7 Days",1,7,1.99,1.99,,no
georgia,"Govora","Georgia 1GB 7Days",1,7,1.99,1.99,,no
georgia,"MoodSIM","Georgia Unlimited (1 GB/day, then 1 Mbps) 1 Day",1,1,1.99,1.99,,yes
georgia,"Superalink","Georgia - 500MB/day",0.5,1,1,2,,yes
georgia,"Instabridge","1 GB Georgia eSIM Mobile Data Plan",1,7,2,2,,no
georgia,"esimzon","Georgia 1GB 30Days",1,30,2,2,,no
georgia,"eSIMNEXA","Georgia 1GB 3Days",1,3,2,2,,yes
georgia,"Roamic","Georgia eSIM 1GB / 7 Days",1,7,2,2,,no
georgia,"eSIM4Travel","South Caucasus 4 (Georgia, Armenia, Azerbaijan, Turkey) - 1GB/7Days",1,7,2.02,2.02,,no
georgia,"SeferESIM","Georgia 1GB/Day FUP1Mbps",1,1,2.06,2.06,,yes
georgia,"Wiiline","for Georgia 1 Days 0.49GB - 490 MB",0.49,1,1.01,2.061,,no
georgia,"Tripuck eSIM","Georgia 502 MB / 1 Days",0.5,1,1.04,2.072,,yes
georgia,"bndless","Georgia 1GB/Day",1,1,2.09,2.09,,yes
georgia,"Tourist eSIM","CIS Countries (6+ countries) • 1 GB • 7 Days",1,7,2.09,2.09,,no
georgia,"AdventureSIMs","Georgia 1GB 7 Days",1,7,2.094793407722403,2.095,,yes
georgia,"AirPlans","Georgia 1GB 1 Day",1,1,2.14,2.14,,no
georgia,"Flysimio","Georgia 1GB 7Days",1,7,2.15,2.15,,no
georgia,"LimitSIM","Georgia 0.49GB",0.5,1,1.08057655,2.153,,yes
georgia,"SeferESIM","Georgia 500MB/Day",0.5,1,1.08,2.16,,yes
georgia,"Roameer","GE 1GB / 7 Days",1,7,2.16,2.16,,no
georgia,"eSIM4Travel","South Caucasus 4 (Georgia, Armenia, Azerbaijan, Turkey) - 500MB/1Days",0.5,1,1.09,2.18,,no
georgia,"RedSim","Georgia 1GB/day 1 Day",1,1,2.18,2.18,,yes
georgia,"4S eSIM","Global 1GB - 1 Day",1,1,2.19,2.19,,no
georgia,"Voyasim","Georgia 1GB 7Days",1,7,2.2,2.2,,yes
georgia,"abesteSIM","eSIM Asia (27 Regions, Support Tiktok) - 1 Day / Daily 1GB",1,1,2.226822083234588,2.227,,yes
georgia,"eSIM Hero","Georgia 1GB 7 Days",1,7,2.25,2.25,,yes
georgia,"eSimy","Georgia - 1 GB - 7 Days",1,7,2.2635235099999997,2.264,,no
georgia,"eSIM Agora","Georgia 1GB 7Days",1,7,2.2635235099999997,2.264,,no
georgia,"FlyEsim.me","Georgia 1GB 7Days",1,7,2.2635235099999997,2.264,,no
georgia,"Revo eSIM","Georgia",1,7,2.27,2.27,,no
georgia,"4S eSIM","Global 1GB - 5 Days",1,5,2.27,2.27,,no
georgia,"MTX Connect","1GB LOCAL",1,7,2.274898,2.275,,no
georgia,"nextSIM","eSIM EUROPE_LITE 1GB 30Days Premium",1,30,2.274898,2.275,,yes
georgia,"DashRoam","Georgia 1GB 7Days",1,7,2.29,2.29,,yes
georgia,"Voyasim","Georgia 1GB/Day",1,1,2.3,2.3,,yes
georgia,"RedEx eSIM","Georgia 1GB 7Days",1,7,2.3,2.3,,yes
georgia,"eSimfly","Georgia 1 GB 7 Days",1,7,2.3,2.3,,no
georgia,"bndless","Georgia 1GB/Day",1,1,2.32,2.32,,yes
georgia,"eSIM Agora","Georgia 1GB/Day FUP1Mbps",1,1,2.34314494,2.343,,no
georgia,"4S eSIM","Global 1GB - 7 Days",1,7,2.36,2.36,,no
georgia,"SimSmash","Georgia 1GB for 7 Days",1,7,2.38,2.38,,no
georgia,"RedEx eSIM","Georgia 1GB/Day",1,1,2.38,2.38,,yes
georgia,"MoreMins eSIM","eSIM internet in Georgia",1,7,2.39,2.39,,no
georgia,"mobineX","1 GB - 3 days",1,3,2.4,2.4,,yes
georgia,"Yoho Mobile","GE eSIM 1GB/Day 1Day",1,1,2.41,2.41,,yes
georgia,"Connect Me Guru","Georgia 500MB/Day",0.5,1,1.21,2.42,,yes
georgia,"eSIMCard","1GB eSIM Data for 3 Days in Europe",1,3,2.43,2.43,,yes
georgia,"bndless","Georgia 500MB/Day",0.5,1,1.22,2.44,,yes
georgia,"Roamify","Mediterranean eSIM 1 GB - 7 Days",1,7,2.47,2.47,,yes
georgia,"eSIMCard","Unlimited eSIM Data for 1 Day in Georgia",1,1,2.48,2.48,,no
georgia,"RedEx eSIM","Georgia 1GB/Day FUP1Mbps",1,1,2.48,2.48,,yes
georgia,"Hungry eSIM","Georgia eSIM Data — 7 Day / 1GB",1,7,2.48,2.48,,no
georgia,"SimSmash","Georgia Daily Unlimited 1GB/day for 1 Days",1,1,2.49,2.49,,no
georgia,"Nimbus","Europe (1 GB/7 Days)",1,7,2.49,2.49,,yes
georgia,"ESIM.DOG 🐶","⚡️ Asia (6 countries) - Best Coverage (1GB/7Days) - Green route",1,7,2.49,2.49,,no
georgia,"SIMDUCK.COM","Georgia 1 GB, 7 days",1,7,2.49,2.49,,yes
georgia,"ESIM.DOG 🐶","⚡️ Best Coverage in Georgia (1GB/1Days) - Pink route",1,1,2.49,2.49,,no
georgia,"Tourist eSIM","Georgia • 1 GB • 7 Days",1,7,2.49,2.49,,no
georgia,"Ezy eSIM","Georgia 1GB 7Days",1,7,2.5,2.5,,no
georgia,"Roamingo","Georgia 1GB for 7 days",1,7,2.5,2.5,,no
georgia,"Roamify","Balkans eSIM 1 GB - 7 Days",1,7,2.5,2.5,,yes
georgia,"Roamify","Georgia eSIM 1 GB - 7 Days",1,7,2.5,2.5,,no
georgia,"Zwitchy","Georgia · 1 GB · 30 days",1,30,2.5,2.5,,yes
georgia,"Roamify","Europe &amp; United States eSIM 1 GB - 7 Days",1,7,2.5,2.5,,yes
georgia,"iRoamly","Georgia-eSIM-1GB-1 Day-Daily",1,1,2.5,2.5,,yes
georgia,"Awinst Connect","1 GB / 7 days",1,7,2.5,2.5,,no
georgia,"ASIMGO","eSIM Asia (26 Regions, Support Tiktok) - 1 Day / Daily 1GB",1,1,2.51,2.51,,yes
georgia,"IbridMarket","Georgia 500MB/Day",0.5,1,1.26,2.52,,no
georgia,"MicroEsim","Georgia eSIM - 1 Day / Daily 1GB",1,1,2.52,2.52,,yes
georgia,"Giga.Tel","Georgia – 1GB ($2.55) – 1 Day – Free VPN",1,1,2.55,2.55,,no
georgia,"TraveleSIM.CH","Sim Card for Georgia - 1GB - 7 Days",1,7,2.559782469772725,2.56,,no
georgia,"Landed eSIM","Georgia 500MB/day · 1 day",0.5,1,1.29,2.58,,no
georgia,"Skyalo","Georgia • 1 GB • 7 days",1,7,2.58,2.58,,yes
georgia,"Tripuck eSIM","Asia 1 GB / 3 Days",1,3,2.58,2.58,,yes
georgia,"Roamify","Europe eSIM 1 GB - 7 Days",1,7,2.59,2.59,,yes
georgia,"Voyasim","Georgia 1GB/Day FUP1Mbps",1,1,2.6,2.6,,yes
georgia,"mobineX","1 GB - 3 days",1,3,2.6,2.6,,yes
georgia,"MicroEsim","Global eSIM 24 Destinations - 1 Day / Daily 1GB",1,1,2.6,2.6,,yes
georgia,"FullBars","Georgia 1GB · 7 days",1,7,2.6288494620408995,2.629,,no
georgia,"MicroEsim","Caucasus Mountains eSIM 3 Countries - 1 Day / Daily 1GB",1,1,2.65,2.65,,yes
georgia,"Hungry eSIM","Georgia Unlimited eSIM — 1GB/Day · 1 Mbps after",1,1,2.68,2.68,,no
georgia,"mobineX","1 GB - 7 days",1,7,2.7,2.7,,yes
georgia,"ESIM.DOG 🐶","⚡️ [5G] Global (202 countries) - Best 5G Coverage (1GB/5Days) - Yellow route",1,5,2.7,2.7,,yes
georgia,"eSimfly","Europe Max 1 GB 7 Days",1,7,2.71,2.71,,no
georgia,"Always Mobile","Georgia 1GB 7Days",1,7,2.75,2.75,,yes
georgia,"Giga.Tel","Georgia – 1 GB/Day – 1 Day (Activate within 90 Days)",1,1,2.75,2.75,,no
georgia,"Yoho Mobile","26-Country eSIM 1GB 7Day",1,7,2.76,2.76,,yes
georgia,"Yoho Mobile","GE eSIM 1GB 7Day",1,7,2.76,2.76,,yes
georgia,"eSIMNow","Georgia 1GB/Day for 1 Day",1,1,2.78,2.78,,no
georgia,"Mi eSIM","1GB eSIM Data for 3 Days in Georgia, V2",1,3,2.78675005,2.787,,no
georgia,"Skyalo","Georgia • 1 GB/day • 1 day",1,1,2.79,2.79,,yes
georgia,"EscapeSIM","Asia 26 Countries 1GB Stopover",1,7,2.79,2.79,,yes
georgia,"Voyasim","Georgia 500MB/Day",0.5,1,1.4,2.8,,yes
georgia,"mobineX","Unlimited Standard",1,1,2.8,2.8,,yes
georgia,"mobineX","Unlimited Standard",1,1,2.8,2.8,,yes
georgia,"Tripuck eSIM","Europe 502 MB / 3 Days",0.5,3,1.6,3.187,,yes
georgia,"AirPlans","Georgia 500MB 1 Day",0.5,1,1.63,3.26,,no
georgia,"eSIM2Me","Georgia 500MB/Day",0.5,1,1.7,3.4,,yes
georgia,"SimSmash","Georgia Daily Unlimited 0.49GB/day for 1 Days",0.49,1,1.69,3.449,,no
georgia,"MicroEsim","Global eSIM 24 Destinations - 1 Day / Daily 500MB",0.5,1,1.73,3.46,,yes
georgia,"eSIMNow","Georgia 500MB/Day for 1 Day",0.5,1,1.93,3.86,,no
georgia,"RedEx eSIM","Georgia 500MB/Day",0.5,1,1.97,3.94,,yes
georgia,"ESIM.DOG 🐶","⚡️ [5G] Beeline Georgia &amp; more - Best Unlimited 5G Coverage - Blue route",0.5,1,1.98,3.96,,no
georgia,"JamboSim","eSIM JamboSim Europe 500MB / 3 Days",0.5,3,1.99,3.98,,yes
georgia,"ESIM.DOG 🐶","⚡️ Best Coverage in Georgia (500MB/1Days) - Green route",0.5,1,1.99,3.98,,no
georgia,"ESIM.DOG 🐶","⚡️ Magti Georgia - Best Coverage (500MB/7Days) - Black route",0.5,7,1.99,3.98,,no
georgia,"merdata","eSIM Georgia 500 MB/day 1 day",0.5,1,1.9963000400986788,3.993,,no
georgia,"Hungry eSIM","Georgia Unlimited eSIM — 0.5GB/Day · 512 Kbps after",0.5,1,2.12,4.24,,no
georgia,"AlpineSIM","AlpineSIM Georgia - 500MB/Day / 3 Days",0.5,3,2.24,4.48,,yes
georgia,"PRIeSIM","Europe 500 MB · 3 days",0.5,3,2.2635235099999997,4.527,,no
georgia,"EtravelSIM","Georgia eSIM Unlimited - 7 Days",4,7,19,4.75,,no
georgia,"ESIM.DOG 🐶","⚡️ [5G] Global (202 countries) - Best 5G Coverage (300MB/3Days) - Yellow route",0.3,3,1.49,4.967,,yes
georgia,"ESIM.DOG 🐶","⚡️ Best Coverage in Georgia (500MB/3Days) - Yellow route",0.5,3,2.49,4.98,,no
georgia,"ESIM.DOG 🐶","⚡️ Best Coverage in Georgia (500MB/1Days) - Pink route",0.5,1,2.49,4.98,,no
georgia,"Tripuck eSIM","Global 297 MB / 3 Days",0.3,3,1.5,5.051,,yes
georgia,"eSIMzio","Europe 500 MB — 3 days",0.5,3,2.6420597608451253,5.284,,yes
georgia,"BlueSky eSIM","🔷 [5G] Worldwide (201 countries) Best Coverage (300MB/3d)",0.3,3,1.97,6.567,,yes
georgia,"eSIMzio","Global 300 MB — 3 days",0.3,3,1.981544820633844,6.605,,yes
georgia,"JamboSim","eSIM JamboSim Global 300MB / 3 Days",0.3,3,1.99,6.633,,yes
georgia,"PRIeSIM","Discover Global 300 MB · 3 days",0.3,3,2.2635235099999997,7.545,,no
georgia,"eSIM4Travel","South Caucasus 4 (Georgia, Armenia, Azerbaijan, Turkey) - 100MB/1Days",0.1,1,0.8,8,,no
georgia,"Tripuck eSIM","Global 205 MB / 30 Days",0.2,30,1.85,9.024,,yes
georgia,"ESIM.DOG 🐶","⚡️ Best Coverage in Georgia (200MB/30Days) - Yellow route",0.2,30,1.84,9.2,,no
georgia,"ESIM.DOG 🐶","⚡️ [5G] Global (202 countries) - Best 5G Coverage (200MB/30Days) - Yellow route",0.2,30,1.84,9.2,,yes
georgia,"ESIM.DOG 🐶","⚡️ Magti Georgia - Best Coverage (100MB/90Days) - Black route",0.1,90,0.98,9.8,,no
georgia,"BlueSky eSIM","✈️ [5G] Worldwide (201 countries) Best Coverage (200MB/30d)",0.2,30,1.97,9.85,,yes
georgia,"StaffTraveler eSIM","StaffTraveler eSIM 100 MB",0.1,365,0.99,9.9,,no
georgia,"eSIMzio","Global 200 MB — 30 days",0.2,30,1.981544820633844,9.908,,yes
georgia,"Zwitchy","Georgia · 100 MB · 1 day",0.1,1,1,10,,yes
georgia,"PRIeSIM","Discover Global 200 MB · 30 days",0.2,30,2.2635235099999997,11.318,,no
georgia,"MobileSIM","Global 200 MB for 30 days",0.2,30,2.3,11.5,,no
georgia,"ESIM.DOG 🐶","⚡️ Magti Georgia - Best Coverage (100MB/1Days) - Black route",0.1,1,1.49,14.9,,no
georgia,"Keepgo","Tucana",0.1,0,2,20,,yes
georgia,"Roamify","Global One Year eSIM 100 MB - 365 Days",0.1,365,2.5,25,,yes
georgia,"Tripuck eSIM","Global 102 MB / 365 Days",0.1,365,2.6,25.49,,yes
germany,"ESIM.DOG 🐶","🛜 Vodafone Germany - Essential Coverage (3GB/30Days) - Amber route",3,30,0.67,0.223,,yes
germany,"ESIM.DOG 🐶","🛜 Vodafone Germany - Essential Coverage (3GB/15Days) - Amber route",3,15,0.67,0.223,,yes
germany,"ESIM.DOG 🐶","🛜 Vodafone Germany - Essential Coverage (3GB/7Days) - Amber route",3,7,0.67,0.223,,yes
germany,"ESIM.DOG 🐶","🛜 Vodafone Germany - Essential Coverage (3GB/1Days) - Amber route",3,1,0.67,0.223,,yes
germany,"ESIM.DOG 🐶","🛜 Vodafone Germany - Essential Coverage (3GB/3Days) - Amber route",3,3,0.67,0.223,,yes
germany,"ESIM.DOG 🐶","🛜 Vodafone Germany - Essential Coverage (3GB/5Days) - Amber route",3,5,0.67,0.223,,yes
germany,"ESIM.DOG 🐶","🛜 Vodafone Germany - Essential Coverage (3GB/10Days) - Amber route",3,10,0.67,0.223,,yes
germany,"ESIM.DOG 🐶","🛜 Vodafone Germany - Essential Coverage (3GB/12Days) - Amber route",3,12,0.67,0.223,,yes
germany,"ESIM.DOG 🐶","🛜 Vodafone Germany - Essential Coverage (3GB/14Days) - Amber route",3,14,0.67,0.223,,yes
germany,"ESIM.DOG 🐶","🛜 Vodafone Germany - Essential Coverage (3GB/20Days) - Amber route",3,20,0.67,0.223,,yes
germany,"ESIM.DOG 🐶","🛜 Vodafone Germany - Essential Coverage (3GB/21Days) - Amber route",3,21,0.67,0.223,,yes
germany,"ESIM.DOG 🐶","🛜 Vodafone Germany - Essential Coverage (3GB/25Days) - Amber route",3,25,0.67,0.223,,yes
germany,"Stellar eSim","Germany 3GB 30Days + Free Stellar VPN",3,30,0.6824694,0.227,,no
germany,"Stellar eSim","Germany 3GB 20Days + Free Stellar VPN",3,20,1.00095512,0.334,,no
germany,"Stellar eSim","Germany 3GB 15Days + Free Stellar VPN",3,15,1.00095512,0.334,,no
germany,"ESIM.DOG 🐶","⚡️ [5G] Vodafone Germany - Best 5G Coverage (2GB/15Days) - Black route",2,15,0.67,0.335,,yes
germany,"ESIM.DOG 🐶","⚡️ [5G] Vodafone Germany - Best 5G Coverage (2GB/1Days) - Black route",2,1,0.67,0.335,,yes
germany,"ESIM.DOG 🐶","⚡️ [5G] Vodafone Germany - Best 5G Coverage (2GB/14Days) - Black route",2,14,0.67,0.335,,yes
germany,"ESIM.DOG 🐶","⚡️ [5G] Vodafone Germany - Best 5G Coverage (2GB/20Days) - Black route",2,20,0.67,0.335,,yes
germany,"ESIM.DOG 🐶","🛜 Vodafone Germany - Essential Coverage (2GB/30Days) - Amber route",2,30,0.67,0.335,,yes
germany,"ESIM.DOG 🐶","⚡️ [5G] Vodafone Germany - Best 5G Coverage (4GB/1Days) - Black route",4,1,1.34,0.335,,yes
germany,"ESIM.DOG 🐶","⚡️ [5G] Vodafone Germany - Best 5G Coverage (4GB/30Days) - Black route",4,30,1.34,0.335,,yes
germany,"ESIM.DOG 🐶","⚡️ [5G] Europe (2 countries) - Best 5G Coverage (4GB/1Days) - Black route",4,1,1.34,0.335,,yes
germany,"ESIM.DOG 🐶","⚡️ [5G] Europe (2 countries) - Best 5G Coverage (4GB/3Days) - Black route",4,3,1.34,0.335,,yes
germany,"ESIM.DOG 🐶","⚡️ [5G] Europe (2 countries) - Best 5G Coverage (4GB/5Days) - Black route",4,5,1.34,0.335,,yes
germany,"ESIM.DOG 🐶","⚡️ [5G] Europe (2 countries) - Best 5G Coverage (4GB/7Days) - Black route",4,7,1.34,0.335,,yes
germany,"ESIM.DOG 🐶","⚡️ [5G] Europe (2 countries) - Best 5G Coverage (4GB/10Days) - Black route",4,10,1.34,0.335,,yes
germany,"ESIM.DOG 🐶","⚡️ [5G] Europe (2 countries) - Best 5G Coverage (4GB/15Days) - Black route",4,15,1.34,0.335,,yes
germany,"ESIM.DOG 🐶","⚡️ [5G] Europe (2 countries) - Best 5G Coverage (4GB/20Days) - Black route",4,20,1.34,0.335,,yes
germany,"ESIM.DOG 🐶","⚡️ [5G] Europe (2 countries) - Best 5G Coverage (4GB/30Days) - Black route",4,30,1.34,0.335,,yes
germany,"Stellar eSim","Europe (35 areas) 4GB 20Days + Free Stellar VPN",4,20,1.3535643099999999,0.338,,no
germany,"Stellar eSim","Europe (35 areas) 4GB 30Days + Free Stellar VPN",4,30,1.3535643099999999,0.338,,no
germany,"MyTravel eSIM","Europe (35 areas) 1GB/Day FUP1Mbps - 0.3€ - First 5 buyers only",1,1,0.3412347,0.341,,no
germany,"ESIM.DOG 🐶","⚡️ [5G] Europe (33 countries) - Best 5G Coverage (3GB/3Days) - Pink route",3,3,1.05,0.35,,no
germany,"ESIM.DOG 🐶","⚡️ [5G] Europe (2 countries) - Best 5G Coverage (3GB/1Days) - Black route",3,1,1.05,0.35,,yes
germany,"ESIM.DOG 🐶","⚡️ [5G] Europe (2 countries) - Best 5G Coverage (3GB/5Days) - Black route",3,5,1.05,0.35,,yes
germany,"ESIM.DOG 🐶","⚡️ [5G] Europe (2 countries) - Best 5G Coverage (3GB/7Days) - Black route",3,7,1.05,0.35,,yes
germany,"ESIM.DOG 🐶","⚡️ [5G] Europe (2 countries) - Best 5G Coverage (3GB/10Days) - Black route",3,10,1.05,0.35,,yes
germany,"ESIM.DOG 🐶","⚡️ [5G] Europe (2 countries) - Best 5G Coverage (3GB/15Days) - Black route",3,15,1.05,0.35,,yes
germany,"ESIM.DOG 🐶","⚡️ [5G] Europe (2 countries) - Best 5G Coverage (3GB/20Days) - Black route",3,20,1.05,0.35,,yes
germany,"Stellar eSim","Europe (33 areas) 4GB 30Days + Free Stellar VPN",4,30,1.39906227,0.35,,no
germany,"Stellar eSim","Europe (33 areas) 4GB 20Days + Free Stellar VPN",4,20,1.39906227,0.35,,no
germany,"Stellar eSim","Europe (33 areas) 3GB 15Days + Free Stellar VPN",3,15,1.05782757,0.353,,no
germany,"Stellar eSim","Europe (33 areas) 3GB 30Days + Free Stellar VPN",3,30,1.05782757,0.353,,no
germany,"Stellar eSim","Germany eSIM Unlimited - 1 day",3,1,1.05782757,0.353,,no
germany,"Stellar eSim","Europe (33 areas) 3GB 20Days + Free Stellar VPN",3,20,1.05782757,0.353,,no
germany,"Stellar eSim","Europe (35 areas) 3GB 15Days + Free Stellar VPN",3,15,1.08057655,0.36,,no
germany,"ESIM.DOG 🐶","⚡️ [5G] Europe (2 countries) - Best 5G Coverage (3GB/30Days) - Black route",3,30,1.09,0.363,,yes
germany,"Stellar eSim","Europe (35 areas) eSIM Unlimited - 1 day",3,1,1.0919510399999999,0.364,,no
germany,"Stellar eSim","Europe (33 areas) eSIM Unlimited - 1 day",3,1,1.10332553,0.368,,no
germany,"Stellar eSim","Europe (35 areas) 3GB 20Days + Free Stellar VPN",3,20,1.10332553,0.368,,no
germany,"Stellar eSim","Europe (35 areas) 3GB 30Days + Free Stellar VPN",3,30,1.10332553,0.368,,no
germany,"Horizon eSIM","Germany 1GB 7Days",1,7,0.37535817,0.375,,no
germany,"Stellar eSim","Germany 2GB 15Days + Free Stellar VPN",2,15,0.77346532,0.387,,no
germany,"GoMoWorld","Germany",50,30,24.99,0.5,,no
germany,"ESIM.DOG 🐶","⚡️ [5G] Europe (2 countries) - Best 5G Coverage (2GB/1Days) - Black route",2,1,1.05,0.525,,yes
germany,"ESIM.DOG 🐶","⚡️ [5G] Europe (2 countries) - Best 5G Coverage (2GB/3Days) - Black route",2,3,1.05,0.525,,yes
germany,"ESIM.DOG 🐶","⚡️ [5G] Europe (2 countries) - Best 5G Coverage (2GB/5Days) - Black route",2,5,1.05,0.525,,yes
germany,"ESIM.DOG 🐶","⚡️ [5G] Europe (2 countries) - Best 5G Coverage (2GB/7Days) - Black route",2,7,1.05,0.525,,yes
germany,"ESIM.DOG 🐶","⚡️ [5G] Europe (2 countries) - Best 5G Coverage (2GB/10Days) - Black route",2,10,1.05,0.525,,yes
germany,"ESIM.DOG 🐶","⚡️ [5G] Europe (2 countries) - Best 5G Coverage (2GB/15Days) - Black route",2,15,1.05,0.525,,yes
germany,"ESIM.DOG 🐶","⚡️ [5G] Europe (2 countries) - Best 5G Coverage (2GB/20Days) - Black route",2,20,1.05,0.525,,yes
germany,"ESIM.DOG 🐶","⚡️ [5G] Europe (2 countries) - Best 5G Coverage (2GB/30Days) - Black route",2,30,1.05,0.525,,yes
germany,"Stellar eSim","Europe (33 areas) 2GB 30Days + Free Stellar VPN",2,30,1.0692020599999998,0.535,,no
germany,"Stellar eSim","Europe (33 areas) 2GB 20Days + Free Stellar VPN",2,20,1.0692020599999998,0.535,,no
germany,"Stellar eSim","Europe (35 areas) 2GB 15Days + Free Stellar VPN",2,15,1.0919510399999999,0.546,,no
germany,"Stellar eSim","Europe (33 areas) 2GB 15Days + Free Stellar VPN",2,15,1.11470002,0.557,,no
germany,"eSIMX","Germany 10GB 7Days",10,7,5.8,0.58,,yes
germany,"Stellar eSim","Europe (35 areas) 2GB 20Days + Free Stellar VPN",2,20,1.16019798,0.58,,no
germany,"Stellar eSim","Europe (35 areas) 2GB 30Days + Free Stellar VPN",2,30,1.16019798,0.58,,no
germany,"ESIM.DOG 🐶","⚡️ Best Coverage in Germany (1GB/1Days) - Pink route",1,1,0.59,0.59,,no
germany,"ASIMGO","eSIM Germany - 1 Day / Daily 1GB",1,1,0.6,0.6,,yes
germany,"abesteSIM","eSIM Germany - 1 Day / Daily 1GB",1,1,0.6016326330142571,0.602,,yes
germany,"ESIM.DOG 🐶","⚡️ [5G] Vodafone/O2 Germany - Best 5G Coverage (1GB/7Days) - Blue route",1,7,0.61,0.61,,yes
germany,"ESIM.DOG 🐶","⚡️ Best Coverage in Germany (1GB/3Days) - Pink route",1,3,0.61,0.61,,no
germany,"ESIM.DOG 🐶","⚡️ [5G] Vodafone Germany - Best 5G Coverage (1GB/5Days) - Black route",1,5,0.61,0.61,,yes
germany,"ESIM.DOG 🐶","⚡️ [5G] Europe (2 countries) - Best 5G Coverage (1GB/1Days) - Black route",1,1,0.61,0.61,,yes
germany,"ESIM.DOG 🐶","⚡️ [5G] Europe (2 countries) - Best 5G Coverage (1GB/3Days) - Black route",1,3,0.61,0.61,,yes
germany,"ESIM.DOG 🐶","⚡️ [5G] Europe (2 countries) - Best 5G Coverage (1GB/5Days) - Black route",1,5,0.61,0.61,,yes
germany,"ESIM.DOG 🐶","⚡️ [5G] Europe (2 countries) - Best 5G Coverage (1GB/7Days) - Black route",1,7,0.61,0.61,,yes
germany,"eSIM4Travel","Best Europe 41 - 1GB/7Days",1,7,0.62,0.62,,yes
germany,"eSIM4Travel","Best Europe 41 - 1GB/1Days",1,1,0.62,0.62,,yes
germany,"Billion Connect","Global eSIM [45 Countries] 1 Day 2GB/Day",2,1,1.25,0.625,,yes
germany,"abesteSIM","eSIM Germany - 1 Day / Daily 2GB",2,1,1.2892127850305508,0.645,,yes
germany,"Billion Connect","Europe eSIM [33 Countries] 1 Day 2GB/Day",2,1,1.3,0.65,,yes
germany,"ESIM.DOG 🐶","⚡️ [5G] Vodafone Germany - Best 5G Coverage (1GB/15Days) - Black route",1,15,0.67,0.67,,yes
germany,"ESIM.DOG 🐶","⚡️ [5G] Vodafone Germany - Best 5G Coverage (1GB/20Days) - Black route",1,20,0.67,0.67,,yes
germany,"ESIM.DOG 🐶","⚡️ [5G] Vodafone Germany - Best 5G Coverage (1GB/30Days) - Black route",1,30,0.67,0.67,,yes
germany,"Stellar eSim","Europe (35 areas) 1GB 7Days + Free Stellar VPN",1,7,0.67109491,0.671,,no
germany,"Astaroam","Europe (33 areas) 1GB 7Days",1,7,0.673725239015507,0.674,,yes
germany,"AlpineSIM","AlpineSIM Germany - 2GB/Day / 1 Days",2,1,1.35,0.675,,yes
germany,"Stellar eSim","Europe (33 areas) 1GB 7Days + Free Stellar VPN",1,7,0.6824694,0.682,,no
germany,"AlpineSIM","AlpineSIM Germany - 1GB/Day / 1 Days",1,1,0.75,0.75,,yes
germany,"Stellar eSim","Europe (35 areas) 750MB 7Days + Free Stellar VPN",0.75,7,0.58009899,0.773,,no
germany,"Stellar eSim","Germany 1GB 7Days + Free Stellar VPN",1,7,0.77346532,0.773,,no
germany,"Stellar eSim","Europe (33 areas) 750MB 7Days + Free Stellar VPN",0.75,7,0.59147348,0.789,,no
germany,"ESIM888","Germany (1GB/7DAYS)",1,7,0.8,0.8,,no
germany,"abesteSIM","eSIM World 45 Regions - 1 Day / Daily 500MB",0.5,1,0.4062973625550827,0.813,,yes
germany,"AlpineSIM","AlpineSIM Germany - 1GB / 7 Days",1,7,0.82,0.82,,yes
germany,"Sim Local","Germany 20 GB for 30 Days",20,30,17,0.85,,yes
germany,"abesteSIM","eSIM Europe (32 Countries) - 1 Day / Daily 500MB",0.5,1,0.42973759501018366,0.859,,yes
germany,"abesteSIM","eSIM Asia+Europe 52 Regions - 1 Day / Daily 500MB",0.5,1,0.42973759501018366,0.859,,yes
germany,"abesteSIM","eSIM Germany - 1 Day / Daily 500MB",0.5,1,0.42973759501018366,0.859,,yes
germany,"abesteSIM","eSIM Europe (49 Destinations) - 1 Day / Daily 500MB",0.5,1,0.42973759501018366,0.859,,yes
germany,"abesteSIM","eSIM Global (66 Destinations) - 1 Day / Daily 500MB",0.5,1,0.42973759501018366,0.859,,yes
germany,"abesteSIM","eSIM Europe (36 Countries) - 1 Day / Daily 500MB",0.5,1,0.4375510058285506,0.875,,yes
germany,"AlpineSIM","AlpineSIM Germany - 500MB/Day / 1 Days",0.5,1,0.44,0.88,,yes
germany,"AlpineSIM","AlpineSIM Europe (35 areas) - 1GB / 7 Days",1,7,0.88,0.88,,yes
germany,"Stellar eSim","Germany 750MB 7Days + Free Stellar VPN",0.75,7,0.67109491,0.895,,no
germany,"AlpineSIM","AlpineSIM Europe (33 areas) - 1GB / 7 Days",1,7,0.92,0.92,,yes
germany,"Astaroam","Europe (35 areas) 1GB 7Days",1,7,0.9247209162957938,0.925,,yes
germany,"AlpineSIM","AlpineSIM Europe (35 areas) - 1GB/Day / 1 Days",1,1,0.93,0.93,,yes
germany,"MicroEsim","Germany eSIM 5G - 1 Day / Daily 1GB",1,1,0.95,0.95,,yes
germany,"Textr eSIM","Germany 1GB",1,7,0.97,0.97,,no
germany,"AlpineSIM","AlpineSIM Europe (33 areas) - 1GB/Day / 1 Days",1,1,0.97,0.97,,yes
germany,"ASIMGO","eSIM World - 45 Countries - 1 Day / Daily 1GB",1,1,0.98,0.98,,yes
germany,"MicroEsim","Europe eSIM 33 Countries - 1 Day / Daily 1GB",1,1,0.98,0.98,,yes
germany,"SimSmash","Germany 1GB for 7 Days",1,7,0.99,0.99,,yes
germany,"Billion Connect","Europe eSIM [33 Countries] 1 Day 1GB/Day",1,1,0.99,0.99,,yes
germany,"MoodSIM","Germany 1 GB 7 Days",1,7,0.99,0.99,,yes
germany,"MoodSIM","Germany Unlimited (1 GB/day, then 512 Kbps) 1 Day",1,1,0.99,0.99,,yes
germany,"GlobaleSIM","Germany",10,30,10,1,,no
germany,"Voyasim","Germany 500MB/Day",0.5,1,0.5,1,,yes
germany,"EZsim","Germany - 1GB/7Days",1,7,1,1,,no
germany,"Orbit Mobile","Global Pass",1,1,1,1,,no
germany,"eSIMNEXA","Germany 1GB 3Days",1,3,1,1,,yes
germany,"ASIMGO","eSIM Europe (41 Countries) - 1 Day / Daily 1GB",1,1,1,1,,yes
germany,"Roaming4You","Germany Unlimited Data - 1 Day",1,1,1,1,,yes
germany,"Roamic","Germany eSIM 1GB / 7 Days",1,7,1,1,,no
germany,"ROWM","Germany Daily",1,1,1,1,,no
germany,"Horizon eSIM","Europe 1 GB / 7 days",1,7,1.00095512,1.001,,no
germany,"abesteSIM","eSIM Europe (36 Countries) - 1 Day / Daily 1GB",1,1,1.0157434063877067,1.016,,yes
germany,"Yesim","Germany",0.5,1,0.51185205,1.024,,yes
germany,"Yesim","Europe &amp; UK",0.5,1,0.51185205,1.024,,yes
germany,"Hiroaming","Germany 1GB 7Days",1,7,1.04,1.04,,no
germany,"Tripuck eSIM","Germany 1 GB / 1 Days",1,1,1.04,1.04,,yes
germany,"ESIM.DOG 🐶","⚡️ [5G] Europe (2 countries) - Best 5G Coverage (1GB/10Days) - Black route",1,10,1.04,1.04,,yes
germany,"ESIM.DOG 🐶","⚡️ [5G] Europe (2 countries) - Best 5G Coverage (1GB/15Days) - Black route",1,15,1.04,1.04,,yes
germany,"ESIM.DOG 🐶","⚡️ [5G] Europe (2 countries) - Best 5G Coverage (1GB/20Days) - Black route",1,20,1.04,1.04,,yes
germany,"ESIM.DOG 🐶","⚡️ [5G] Europe (2 countries) - Best 5G Coverage (1GB/30Days) - Black route",1,30,1.04,1.04,,yes
germany,"Horizon eSIM","Europe 1 GB / 30 days",1,30,1.04645308,1.046,,no
germany,"LimitSIM","Germany 1GB/Day",1,1,1.05782757,1.058,,yes
germany,"eSIM4Travel","Germany (Vodafone, O2) - 1GB/1Days",1,1,1.06,1.06,,yes
germany,"Bloomy eSIM","Germany Unlimited (1GB/day) 1 Day",1,1,1.06,1.06,,yes
germany,"Tripuck eSIM","Germany 1 GB / 7 Days",1,7,1.07,1.07,,yes
germany,"Astaroam","Europe Unlimited - 1Day",1,1,1.0700342031422758,1.07,,yes
germany,"ASIMGO","eSIM Europe (36 Countries) - 1 Day / Daily 500MB",0.5,1,0.54,1.08,,yes
germany,"ASIMGO","eSIM Europe - 32 Countries - 1 Day / Daily 500MB",0.5,1,0.54,1.08,,yes
germany,"SeferESIM","Germany 1GB/Day",1,1,1.08,1.08,,yes
germany,"SimSmash","Germany Daily Unlimited 1GB/day for 1 Days",1,1,1.09,1.09,,yes
germany,"GLOBAL YO","Germany - 3 Days - 1 GB",1,3,1.09,1.09,,no
germany,"Orange Travel","Germany 20GB",20,14,21.99,1.099,,no
germany,"Ozly eSIM","Germany 1GB 7Days",1,7,1.1,1.1,,yes
germany,"Billion Connect","Global eSIM [45 Countries] 1 Day 1GB/Day",1,1,1.11,1.11,,yes
germany,"eSIM4Travel","Germany (Vodafone, O2) - 1GB/7Days",1,7,1.11,1.11,,yes
germany,"Bloomy eSIM","Germany 1GB 7 Days",1,7,1.11,1.11,,yes
germany,"LimitSIM","Germany 1GB",1,7,1.11470002,1.115,,yes
germany,"ASIMGO","eSIM Asia&amp;Europe - 54 Countries - 1 Day / Daily 500MB",0.5,1,0.56,1.12,,yes
germany,"MicroEsim","Europe eSIM 36 Countries - 1 Day / Daily 1GB",1,1,1.12,1.12,,yes
germany,"Tripuck eSIM","Europe 1 GB / 7 Days",1,7,1.12,1.12,,yes
germany,"PRIeSIM","Germany 1 GB · 7 days",1,7,1.12607451,1.126,,no
germany,"ASIMGO","eSIM Europe (36 Countries) - 1 Day / Daily 1GB",1,1,1.13,1.13,,yes
germany,"Hiroaming","Europe (35 areas) 1GB 7Days",1,7,1.13,1.13,,no
germany,"ASIMGO","eSIM Europe (49 Destinations) - 1 Day / Daily 500MB",0.5,1,0.57,1.14,,yes
germany,"ESIM.DOG 🐶","⚡️ [5G] Vodafone Germany - Best 5G Coverage (500MB/7Days) - Black route",0.5,7,0.57,1.14,,yes
germany,"ESIM.DOG 🐶","⚡️ [5G] Europe (2 countries) - Best 5G Coverage (500MB/3Days) - Black route",0.5,3,0.57,1.14,,yes
germany,"ESIM.DOG 🐶","⚡️ [5G] Europe (2 countries) - Best 5G Coverage (500MB/5Days) - Black route",0.5,5,0.57,1.14,,yes
germany,"ESIM.DOG 🐶","⚡️ [5G] Europe (2 countries) - Best 5G Coverage (500MB/7Days) - Black route",0.5,7,0.57,1.14,,yes
germany,"SeferESIM","Germany 1GB 7Days",1,7,1.14,1.14,,yes
germany,"Tripuck eSIM","Europe 1 GB / 7 Days",1,7,1.14,1.14,,yes
germany,"abesteSIM","eSIM Europe (32 Countries) - 1 Day / Daily 1GB",1,1,1.1407579794815783,1.141,,yes
germany,"Yoho Mobile","32-Country eSIM 1GB/Day 1Day",1,1,1.15,1.15,,yes
germany,"Yoho Mobile","DE eSIM 1GB/Day 1Day",1,1,1.15,1.15,,yes
germany,"Ozly eSIM","Europe (35 areas) 1GB 7Days",1,7,1.15,1.15,,yes
germany,"Hiroaming","Germany 1GB/Day FUP1Mbps",1,1,1.15,1.15,,no
germany,"Hiroaming","Germany 500MB/Day",0.5,1,0.58,1.16,,no
germany,"4S eSIM","Germany 1GB - 1 Day",1,1,1.16,1.16,,no
germany,"Yoho Mobile","36-Country eSIM 1GB 7Day",1,7,1.16,1.16,,yes
germany,"Yoho Mobile","39-Country eSIM 1GB 7Day",1,7,1.16,1.16,,yes
germany,"Yoho Mobile","DE eSIM 1GB 7Day",1,7,1.16,1.16,,yes
germany,"Hiroaming","Europe (33 areas) 1GB 7Days",1,7,1.16,1.16,,no
germany,"Stellar eSim","Europe(30+ areas) 1GB 7Days + Free Stellar VPN",1,7,1.16019798,1.16,,no
germany,"RedEx eSIM","Germany 1GB/Day",1,1,1.17,1.17,,yes
germany,"MicroEsim","Europe eSIM 42 Countries - 1 Day / Daily 1GB",1,1,1.18,1.18,,yes
germany,"Tripuck eSIM","Europe 1 GB / 1 Days",1,1,1.18,1.18,,yes
germany,"Bloomy eSIM","Europe (35 areas) 1GB 7 Days",1,7,1.18,1.18,,yes
germany,"nadanada","eSIM, 1GB, 7 Days, Europe Extra",1,7,1.19,1.19,,no
germany,"4S eSIM","Germany 1GB - 5 Days",1,5,1.19,1.19,,no
germany,"4S eSIM","Europe+ 1GB - 1 Day",1,1,1.19,1.19,,no
germany,"voilà","",1,7,1.2,1.2,,yes
germany,"Bloomy eSIM","Germany Unlimited (1GB/day) 1 Day",1,1,1.2,1.2,,yes
germany,"Connect Me Guru","Germany 1GB/Day",1,1,1.21,1.21,,yes
germany,"4S eSIM","Germany 1GB - 7 Days",1,7,1.21,1.21,,no
germany,"4S eSIM","Europe+ 1GB - 5 Days",1,5,1.21,1.21,,no
germany,"Tripuck eSIM","Europe 1 GB / 1 Days",1,1,1.21,1.21,,yes
germany,"Bloomy eSIM","Europe (33 areas) 1GB 7 Days",1,7,1.21,1.21,,yes
germany,"bndless","Germany 1GB/Day",1,1,1.22,1.22,,yes
germany,"Tripuck eSIM","Europe 1 GB / 7 Days",1,7,1.23,1.23,,no
germany,"4S eSIM","Europe+ 1GB - 7 Days",1,7,1.24,1.24,,no
germany,"SeferESIM","Europe (35 areas) 1GB 7Days",1,7,1.24,1.24,,yes
germany,"Hiroaming","Europe (35 areas) 1GB/Day FUP1Mbps",1,1,1.24,1.24,,no
germany,"Tripuck eSIM","Europe 1 GB / 7 Days",1,7,1.24,1.24,,yes
germany,"Tripuck eSIM","Europe 1 GB / 7 Days",1,7,1.24,1.24,,yes
germany,"LimitSIM","Germany 0.49GB",0.5,1,0.62559695,1.246,,yes
germany,"eSIM4Travel","Germany (Vodafone, O2) - 500MB/1Days",0.5,1,0.63,1.26,,yes
germany,"Connect Me Guru","Germany 1GB 7Days",1,7,1.26,1.26,,yes
germany,"ASIMGO","eSIM Europe - 32 Countries - 1 Day / Daily 1GB",1,1,1.26,1.26,,yes
germany,"IbridMarket","Germany 1GB/Day",1,1,1.26,1.26,,no
germany,"SeferESIM","Germany 1GB/Day FUP1Mbps",1,1,1.26,1.26,,yes
germany,"Bloomy eSIM","Europe (35 areas) Unlimited (1GB/day) 1 Day",1,1,1.27,1.27,,yes
germany,"SeferESIM","Germany 500MB/Day",0.5,1,0.64,1.28,,yes
germany,"bndless","Germany 1GB 7Days",1,7,1.28,1.28,,yes
germany,"SeferESIM","Europe (33 areas) 1GB 7Days",1,7,1.28,1.28,,yes
germany,"abesteSIM","eSIM Germany - 5 Days / Total 1GB",1,5,1.2813993742121839,1.281,,yes
germany,"abesteSIM","eSIM Asia+Europe 52 Regions - 1 Day / Daily 1GB",1,1,1.2892127850305508,1.289,,yes
germany,"MegaEsim","Germany 1 GB, 1 day",1,1,1.29,1.29,,yes
germany,"MegaEsim","Germany 1 GB, 7 days",1,7,1.29,1.29,,yes
germany,"MegaEsim","Germany Unlimited, 1 day (1 GB/day full speed)",1,1,1.29,1.29,,yes
germany,"MegaEsim","Europe Unlimited, 1 day (1 GB/day full speed)",1,1,1.29,1.29,,no
germany,"Landed eSIM","Germany 1GB/day · 1 day",1,1,1.29,1.29,,yes
germany,"Hiroaming","Europe (33 areas) 1GB/Day FUP1Mbps",1,1,1.29,1.29,,no
germany,"MicroEsim","Europe eSIM 33 Countries - 3 Days / Total 1GB",1,3,1.3,1.3,,yes
germany,"voilà","",1,7,1.3,1.3,,no
germany,"IbridMarket","Germany 1GB 7Days",1,7,1.3,1.3,,no
germany,"abesteSIM","eSIM World 45 Regions - 1 Day / Daily 1GB",1,1,1.3126530174856517,1.313,,yes
germany,"RedEx eSIM","Germany 1GB/Day FUP1Mbps",1,1,1.32,1.32,,yes
germany,"Bloomy eSIM","Europe (33 areas) Unlimited (1GB/day) 1 Day",1,1,1.32,1.32,,yes
germany,"FullBars","Germany 1GB · 7 days",1,7,1.3210298804225626,1.321,,yes
germany,"Connect Me Guru","Europe (35 areas) 1GB 7Days",1,7,1.33,1.33,,no
germany,"Tripuck eSIM","Germany 1 GB / 3 Days",1,3,1.33,1.33,,yes
germany,"abesteSIM","eSIM Europe (41 Countries) - 1 Day / Daily 1GB",1,1,1.3360932499407527,1.336,,yes
germany,"ESIM.DOG 🐶","⚡️ [5G] Vodafone Germany - Best 5G Coverage (500MB/30Days) - Black route",0.5,30,0.67,1.34,,yes
germany,"MicroEsim","Germany eSIM 5G - 5 Days / Total 1GB",1,5,1.34,1.34,,yes
germany,"Yoho Mobile","52-Country eSIM 1GB 7Day",1,7,1.34,1.34,,yes
germany,"SparkRoam","Germany eSIM 1 GB 7 Days",1,7,1.34,1.34,,yes
germany,"Connect Me Guru","Germany 1GB/Day FUP1Mbps",1,1,1.35,1.35,,yes
germany,"Connect Me Guru","Europe (33 areas) 1GB 7Days",1,7,1.36,1.36,,no
germany,"SeferESIM","Europe (35 areas) 1GB/Day FUP1Mbps",1,1,1.36,1.36,,yes
germany,"IbridMarket","Europe (35 areas) 1GB 7Days",1,7,1.37,1.37,,no
germany,"Earth Esim","500MB/1 Day Germany 5G eSIM",0.5,1,0.69,1.38,,yes
germany,"IbridMarket","Germany 1GB/Day FUP1Mbps",1,1,1.38,1.38,,no
germany,"MicroEsim","Europe eSIM 33 Countries - 5 Days / Total 1GB",1,5,1.39,1.39,,yes
germany,"eSIMCard","1GB eSIM Data for 3 Days in Germany",1,3,1.39,1.39,,yes
germany,"MicroEsim","Europe eSIM 5G 41 Countries - 1 Day / Daily 1GB",1,1,1.39,1.39,,yes
germany,"AdventureSIMs","Germany 1GB 7 Days",1,7,1.394193605808556,1.394,,yes
germany,"AdventureSIMs","Europe Saver 1GB 7 Days",1,7,1.394193605808556,1.394,,yes
germany,"Voyasim","Germany 1GB 7Days",1,7,1.4,1.4,,yes
germany,"Voyasim","Germany 1GB/Day",1,1,1.4,1.4,,yes
germany,"ASIMGO","eSIM Germany - 5 Days / Total 1GB",1,5,1.4,1.4,,yes
germany,"IbridMarket","Europe (33 areas) 1GB 7Days",1,7,1.4,1.4,,no
germany,"mobineX","Unlimited Standard",1,1,1.4,1.4,,yes
germany,"bndless","Europe (35 areas) 1GB 7Days",1,7,1.4,1.4,,yes
germany,"RedEx eSIM","Germany 1GB 7Days",1,7,1.4,1.4,,yes
germany,"RedEx eSIM","Europe (35 areas) 1GB/Day FUP1Mbps",1,1,1.4,1.4,,yes
germany,"Yoho Mobile","29-Country eSIM 1GB/Day 1Day",1,1,1.4,1.4,,yes
germany,"AlpineSIM","AlpineSIM Europe(30+ areas) - 1GB / 7 Days",1,7,1.4,1.4,,yes
germany,"TravelGator eSIM","Europe eSIM Roaming Data",1,30,1.4064139473060555,1.406,,no
germany,"SimSmash","Germany Daily Unlimited 0.49GB/day for 1 Days",0.49,1,0.69,1.408,,yes
germany,"ASIMGO","eSIM Asia&amp;Europe - 54 Countries - 1 Day / Daily 1GB",1,1,1.41,1.41,,yes
germany,"Yatelo","DEU 1GB 7 Days",1,7,1.41,1.41,,yes
germany,"bndless","Germany 500MB/Day",0.5,1,0.72,1.44,,yes
germany,"Tripuck eSIM","Germany 502 MB / 1 Days",0.5,1,0.82,1.633,,yes
germany,"RedEx eSIM","Germany 500MB/Day",0.5,1,0.83,1.66,,yes
germany,"MicroEsim","Germany eSIM 5G - 1 Day / Daily 500MB",0.5,1,0.84,1.68,,yes
germany,"MicroEsim","Europe eSIM 36 Countries - 1 Day / Daily 500MB",0.5,1,0.85,1.7,,yes
germany,"MicroEsim","Europe eSIM 33 Countries - 1 Day / Daily 500MB",0.5,1,0.86,1.72,,yes
germany,"Connect Me Guru","Germany 500MB/Day",0.5,1,0.88,1.76,,yes
germany,"LimitSIM","Europe 0.49GB",0.5,1,0.9327081799999999,1.858,,no
germany,"IbridMarket","Germany 500MB/Day",0.5,1,0.95,1.9,,no
germany,"Tripuck eSIM","Europe 502 MB / 1 Days",0.5,1,0.97,1.932,,no
germany,"MicroEsim","Europe eSIM 5G 41 Countries - 1 Day / Daily 500MB",0.5,1,0.99,1.98,,yes
germany,"Landed eSIM","Germany 500MB/day · 1 day",0.5,1,0.99,1.98,,yes
germany,"MoodSIM","Germany Unlimited (500 MB/day, then 512 Kbps) 1 Day",0.5,1,0.99,1.98,,yes
germany,"AlpineSIM","AlpineSIM Europe(30+ areas) - 300MB/Day / 1 Days",0.3,1,0.61,2.033,,yes
germany,"MicroEsim","Europe eSIM 42 Countries - 1 Day / Daily 500MB",0.5,1,1.02,2.04,,yes
germany,"ESIM.DOG 🐶","⚡️ [5G] Europe (2 countries) - Best 5G Coverage (500MB/10Days) - Black route",0.5,10,1.04,2.08,,yes
germany,"ESIM.DOG 🐶","⚡️ [5G] Europe (2 countries) - Best 5G Coverage (500MB/15Days) - Black route",0.5,15,1.04,2.08,,yes
germany,"ESIM.DOG 🐶","⚡️ [5G] Europe (2 countries) - Best 5G Coverage (500MB/20Days) - Black route",0.5,20,1.04,2.08,,yes
germany,"ESIM.DOG 🐶","⚡️ [5G] Europe (2 countries) - Best 5G Coverage (500MB/30Days) - Black route",0.5,30,1.04,2.08,,yes
germany,"abesteSIM","eSIM Germany - 1 Day / Total 200MB",0.2,1,0.42192418419181665,2.11,,yes
germany,"abesteSIM","eSIM Europe (41 Countries) - 1 Day / Total 200MB",0.2,1,0.42192418419181665,2.11,,yes
germany,"eSIMNow","Germany 500MB/Day for 1 Day",0.5,1,1.08,2.16,,yes
germany,"MicroEsim","Europe eSIM 5G 49 Destinations - 1 Day / Daily 500MB",0.5,1,1.08,2.16,,yes
germany,"AlpineSIM","AlpineSIM Europe(30+ areas) - 500MB/Day / 1 Days",0.5,1,1.11,2.22,,yes
germany,"eSIM2Me","Germany 500MB/Day",0.5,1,1.13,2.26,,yes
germany,"abesteSIM","eSIM Europe (36 Countries) - 2 Days / Daily 500MB",0.5,2,1.1798250335734133,2.36,,yes
germany,"ASIMGO","eSIM World - 45 Countries - 1 Day / Daily 500MB",0.5,1,1.24,2.48,,yes
germany,"abesteSIM","eSIM Germany - 3 Days / Daily 500MB",0.5,3,1.2892127850305508,2.578,,yes
germany,"AlpineSIM","AlpineSIM Germany - 500MB/Day / 3 Days",0.5,3,1.29,2.58,,yes
germany,"ASIMGO","eSIM Europe (36 Countries) - 2 Days / Daily 500MB",0.5,2,1.3,2.6,,yes
germany,"AirPlans","Germany 500MB 1 Day",0.5,1,1.33,2.66,,yes
germany,"ASIMGO","eSIM Germany - 1 Day / Total 200MB",0.2,1,0.54,2.7,,yes
germany,"ASIMGO","eSIM Europe (41 Countries) - 1 Day / Total 200MB",0.2,1,0.54,2.7,,yes
germany,"abesteSIM","eSIM Europe (32 Countries) - 3 Days / Daily 500MB",0.5,3,1.3517200715774866,2.703,,yes
germany,"Hiroaming","Europe(30+ areas) 300MB/Day",0.3,1,0.82,2.733,,no
germany,"ASIMGO","eSIM Germany - 3 Days / Daily 500MB",0.5,3,1.41,2.82,,yes
germany,"MicroEsim","Germany eSIM 5G - 3 Days / Daily 500MB",0.5,3,1.41,2.82,,yes
germany,"LimitSIM","Europe(30+ areas) 300MB/Day",0.3,1,0.87583573,2.919,,no
germany,"SeferESIM","Europe(30+ areas) 300MB/Day",0.3,1,0.9,3,,yes
germany,"Tripuck eSIM","Europe 297 MB / 1 Days",0.3,1,0.95,3.199,,yes
germany,"MoodSIM","Europe Unlimited (300 MB/day, then 384 Kbps) 1 Day",0.3,1,0.99,3.3,,yes
germany,"bndless","Europe(30+ areas) 300MB/Day",0.3,1,1.01,3.367,,yes
germany,"Connect Me Guru","Europe(30+ areas) 300MB/Day",0.3,1,1.08,3.6,,no
germany,"Voyasim","Europe(30+ areas) 300MB/Day",0.3,1,1.1,3.667,,yes
germany,"IbridMarket","Europe(30+ areas) 300MB/Day",0.3,1,1.13,3.767,,no
germany,"eSIMNow","Europe(30+ areas) 300MB/Day for 1 Day",0.3,1,1.17,3.9,,yes
germany,"ESIM.DOG 🐶","⚡️ [5G] Europe (2 countries) - Best 5G Coverage (100MB/5Days) - Black route",0.1,5,0.57,5.7,,yes
germany,"ESIM.DOG 🐶","⚡️ [5G] Europe (2 countries) - Best 5G Coverage (100MB/7Days) - Black route",0.1,7,0.57,5.7,,yes
germany,"ESIM.DOG 🐶","⚡️ [5G] Vodafone Germany - Best 5G Coverage (100MB/30Days) - Black route",0.1,30,0.67,6.7,,yes
germany,"ESIM.DOG 🐶","⚡️ [5G] Vodafone Germany - Best 5G Coverage (100MB/90Days) - Black route",0.1,90,0.98,9.8,,yes
germany,"ESIM.DOG 🐶","⚡️ [5G] Europe (2 countries) - Best 5G Coverage (100MB/10Days) - Black route",0.1,10,0.98,9.8,,yes
germany,"ESIM.DOG 🐶","⚡️ [5G] Europe (2 countries) - Best 5G Coverage (100MB/15Days) - Black route",0.1,15,0.98,9.8,,yes
germany,"ESIM.DOG 🐶","⚡️ [5G] Europe (2 countries) - Best 5G Coverage (100MB/20Days) - Black route",0.1,20,0.98,9.8,,yes
germany,"ESIM.DOG 🐶","⚡️ [5G] Europe (2 countries) - Best 5G Coverage (100MB/30Days) - Black route",0.1,30,0.98,9.8,,yes
germany,"StaffTraveler eSIM","StaffTraveler eSIM 100 MB",0.1,365,0.99,9.9,,no
germany,"Zwitchy","Germany · 100 MB · 1 day",0.1,1,1,10,,yes
indonesia,"Stellar eSim","Indonesia 3GB 20Days + Free Stellar VPN",3,20,0.62559695,0.209,,no
indonesia,"Stellar eSim","Indonesia 3GB 15Days + Free Stellar VPN",3,15,0.62559695,0.209,,no
indonesia,"ESIM.DOG 🐶","🛜 Smartfren/XL Axiata Indonesia - Essential Coverage (3GB/3Days) - Amber route",3,3,0.68,0.227,,yes
indonesia,"Stellar eSim","Indonesia 3GB 30Days + Free Stellar VPN",3,30,0.69384389,0.231,,no
indonesia,"Stellar eSim","Indonesia 3GB 1Days + Free Stellar VPN",3,1,0.87583573,0.292,,no
indonesia,"ESIM.DOG 🐶","⚡️ Best Coverage in Indonesia (2GB/1Days) - Pink route",2,1,0.87,0.435,,no
indonesia,"Stellar eSim","Indonesia eSIM Unlimited - 1 day",3,1,1.3535643099999999,0.451,,no
indonesia,"ESIM.DOG 🐶","⚡️ Best Coverage in Indonesia (1.5GB/1Days) - Pink route",1.5,1,0.68,0.453,,no
indonesia,"ESIM.DOG 🐶","⚡️ Best Coverage in Indonesia (3GB/5Days) - Pink route",3,5,1.49,0.497,,no
indonesia,"Stellar eSim","Indonesia 3GB 5Days + Free Stellar VPN",3,5,1.50143268,0.5,,no
indonesia,"abesteSIM","eSIM Indonesia - 1 Day / Daily 3GB",3,1,1.507988287944826,0.503,,yes
indonesia,"MicroEsim","Indonesia eSIM - 1 Day / Daily 3GB",3,1,1.63,0.543,,yes
indonesia,"ASIMGO","eSIM Indonesia - 1 Day / Daily 3GB",3,1,1.63,0.543,,yes
indonesia,"Superalink","Indonesia - 3GB/day",3,1,1.69,0.563,,yes
indonesia,"Billion Connect","Indonesia eSIM 5 Days 3GB",3,5,1.7,0.567,,yes
indonesia,"eSIMX","Indonesia 10GB 7Days",10,7,5.8,0.58,,yes
indonesia,"ESIM.DOG 🐶","⚡️ Best Coverage in Indonesia (1GB/1Days) - Pink route",1,1,0.58,0.58,,no
indonesia,"ESIM.DOG 🐶","⚡️ [5G] Asia (5 countries) - Best 5G Coverage (1GB/1Days) - Pink route",1,1,0.58,0.58,,no
indonesia,"ASIMGO","eSIM Southeast Asia - 5 Countries - 1 Day / Daily 1GB",1,1,0.59,0.59,,yes
indonesia,"ESIM.DOG 🐶","⚡️ [5G] Fren/Hepi Indonesia &amp; more - Best 5G Coverage (1GB/7Days) - Blue route",1,7,0.62,0.62,,yes
indonesia,"ESIM.DOG 🐶","⚡️ [5G] Smartfren/XL Axiata Indonesia - Best 5G Coverage (1GB/3Days) - Black route",1,3,0.62,0.62,,yes
indonesia,"ESIM.DOG 🐶","⚡️ [5G] Smartfren/XL Axiata Indonesia - Best 5G Coverage (1GB/5Days) - Black route",1,5,0.62,0.62,,yes
indonesia,"ESIM.DOG 🐶","⚡️ [5G] Smartfren/XL Axiata Indonesia - Best 5G Coverage (1GB/15Days) - Black route",1,15,0.62,0.62,,yes
indonesia,"ESIM.DOG 🐶","⚡️ [5G] Asia (5 countries) - Best 5G Coverage (2GB/1Days) - Pink route",2,1,1.25,0.625,,no
indonesia,"Tripuck eSIM","Southeast Asia 2 GB/day / 1 Days",2,1,1.26,0.63,,yes
indonesia,"abesteSIM","eSIM Indonesia (Support Tiktok) - 1 Day / Daily 2GB",2,1,1.3126530174856517,0.656,,yes
indonesia,"MobiMatter","Indonesia 15 GB",15,30,9.99,0.666,,no
indonesia,"MicroEsim","Indonesia eSIM - 1 Day / Daily 2GB",2,1,1.35,0.675,,yes
indonesia,"ESIM.DOG 🐶","⚡️ [5G] Smartfren/XL Axiata Indonesia - Best 5G Coverage (1GB/30Days) - Black route",1,30,0.68,0.68,,yes
indonesia,"ASIMGO","eSIM Indonesia - 1 Day / Daily 1GB",1,1,0.69,0.69,,yes
indonesia,"ASIMGO","eSIM Indonesia - Support Tikok - 1 Day / Daily 2GB",2,1,1.43,0.715,,yes
indonesia,"MicroEsim","Southeast Asia eSIM 5 Countries - 1 Day / Daily 2GB",2,1,1.46,0.73,,yes
indonesia,"RedEx eSIM","Unlimited Data - 1 Days (2 GB / 384 KBPS)",2,1,1.46,0.73,,no
indonesia,"Superalink","Indonesia - 2GB/day",2,1,1.49,0.745,,yes
indonesia,"Stellar eSim","Indonesia 1GB 7Days + Free Stellar VPN",1,7,0.77346532,0.773,,no
indonesia,"Billion Connect","Singapore &amp; Malaysia &amp; Indonesia eSIM 1 Day 2GB/Day",2,1,1.56,0.78,,yes
indonesia,"Billion Connect","Indonesia eSIM 1 Day 2GB/Day",2,1,1.57,0.785,,yes
indonesia,"Billion Connect","Indonesia eSIM 7 Days 1GB",1,7,0.8,0.8,,yes
indonesia,"abesteSIM","eSIM Southeast Asia (5 Countries) - 1 Day / Daily 2GB",2,1,1.6408162718570647,0.82,,yes
indonesia,"ESIM.DOG 🐶","⚡️ [5G] Asia (5 countries) - Best 5G Coverage (1.5GB/1Days) - Pink route",1.5,1,1.25,0.833,,no
indonesia,"Billion Connect","Southeast Asia eSIM [5 Countries] 1 Day 2GB/Day",2,1,1.7,0.85,,yes
indonesia,"abesteSIM","eSIM Asia+Europe 52 Regions - 1 Day / Daily 2GB",2,1,1.7111369692223675,0.856,,yes
indonesia,"abesteSIM","eSIM Indonesia - 1 Day / Daily 500MB",0.5,1,0.42973759501018366,0.859,,yes
indonesia,"abesteSIM","eSIM Asia+Europe 52 Regions - 1 Day / Daily 500MB",0.5,1,0.42973759501018366,0.859,,yes
indonesia,"abesteSIM","eSIM Southeast Asia (5 Countries) - 1 Day / Daily 500MB",0.5,1,0.42973759501018366,0.859,,yes
indonesia,"abesteSIM","eSIM Global (66 Destinations) - 1 Day / Daily 500MB",0.5,1,0.42973759501018366,0.859,,yes
indonesia,"TravelGator eSIM","Indonesia eSIM Roaming Data",2,1,1.7189503800407346,0.859,,no
indonesia,"ASIMGO","eSIM Southeast Asia - 5 Countries - 1 Day / Daily 2GB",2,1,1.76,0.88,,yes
indonesia,"MicroEsim","Indonesia eSIM - 1 Day / Daily 1GB",1,1,0.89,0.89,,yes
indonesia,"mobineX","Unlimited Standard",1,1,0.9,0.9,,yes
indonesia,"Yoho Mobile","ID eSIM 1GB/Day 1Day",1,1,0.92,0.92,,no
indonesia,"ESIM.DOG 🐶","⚡️ [5G] Asia (2 countries) - Best 5G Coverage (1GB/3Days) - Black route",1,3,0.92,0.92,,yes
indonesia,"ESIM.DOG 🐶","⚡️ [5G] Asia (2 countries) - Best 5G Coverage (1GB/5Days) - Black route",1,5,0.92,0.92,,yes
indonesia,"ESIM.DOG 🐶","⚡️ [5G] Asia (2 countries) - Best 5G Coverage (1GB/7Days) - Black route",1,7,0.92,0.92,,yes
indonesia,"Horizon eSIM","Indonesia 1GB 7Days",1,7,0.9213336900000001,0.921,,no
indonesia,"eSIM4Travel","South Asia 5 (Singapore, Malaysia, Thailand, Indonesia, Vietnam) - 1GB/7Days",1,7,0.93,0.93,,yes
indonesia,"abesteSIM","eSIM Asia (27 Regions, Support Tiktok) - 1 Day / Daily 500MB",0.5,1,0.4766180599203855,0.953,,yes
indonesia,"MicroEsim","Indonesia eSIM - 3 Days / Total 1GB",1,3,0.98,0.98,,yes
indonesia,"MicroEsim","Southeast Asia eSIM 5 Countries - 1 Day / Daily 1GB",1,1,0.99,0.99,,yes
indonesia,"AlpineSIM","AlpineSIM Indonesia - 1GB / 7 Days",1,7,0.99,0.99,,yes
indonesia,"Voyasim","Indonesia 500MB 7Days",0.5,7,0.5,1,,yes
indonesia,"Instabridge","1 GB Indonesia eSIM Mobile Data Plan",1,7,1,1,,no
indonesia,"Orbit Mobile","Global Pass",1,1,1,1,,no
indonesia,"ROWM","Indonesia Daily",1,1,1,1,,no
indonesia,"abesteSIM","eSIM Indonesia (Support Tiktok) - 1 Day / Daily 1GB",1,1,1.0001165847509728,1,,yes
indonesia,"Yesim","Indonesia",0.5,1,0.51185205,1.024,,yes
indonesia,"Yesim","South East Asia",0.5,1,0.51185205,1.024,,yes
indonesia,"MicroEsim","Indonesia eSIM - 5 Days / Total 1GB",1,5,1.04,1.04,,yes
indonesia,"Yoho Mobile","4-Country eSIM 1GB 7Day",1,7,1.05,1.05,,yes
indonesia,"Yoho Mobile","ID eSIM 1GB 7Day",1,7,1.05,1.05,,yes
indonesia,"Stellar eSim","Asia (7 areas) 1GB 7Days + Free Stellar VPN",1,7,1.05782757,1.058,,no
indonesia,"abesteSIM","eSIM Indonesia - 3 Days / Total 1GB",1,3,1.0626238712979086,1.063,,yes
indonesia,"Billion Connect","Indonesia eSIM 1 Day 1GB/Day",1,1,1.07,1.07,,yes
indonesia,"MicroEsim","Indonesia eSIM - 7 Days / Total 1GB",1,7,1.07,1.07,,yes
indonesia,"abesteSIM","eSIM Global (23 Destinations) - 1 Day / Daily 500MB",0.5,1,0.5391253464673212,1.078,,yes
indonesia,"ASIMGO","eSIM Indonesia - Support Tikok - 1 Day / Daily 500MB",0.5,1,0.54,1.08,,yes
indonesia,"ESIM.DOG 🐶","⚡️ [5G] Fren/Hepi Indonesia &amp; more - Best 5G Coverage (500MB/7Days) - Blue route",0.5,7,0.54,1.08,,yes
indonesia,"ESIM.DOG 🐶","⚡️ [5G] Smartfren/XL Axiata Indonesia - Best 5G Coverage (500MB/7Days) - Black route",0.5,7,0.54,1.08,,yes
indonesia,"Billion Connect","Singapore &amp; Malaysia &amp; Indonesia eSIM 1 Day 1GB/Day",1,1,1.08,1.08,,yes
indonesia,"MicroEsim","Indonesia eSIM - 10 Days / Total 1GB",1,10,1.09,1.09,,yes
indonesia,"Horizon eSIM","Indonesia 500MB 7Days",0.5,7,0.5459755199999999,1.092,,no
indonesia,"TravelGator eSIM","Indonesia eSIM Roaming Data",1,1,1.0938775145713764,1.094,,no
indonesia,"ASIMGO","eSIM Southeast Asia - 5 Countries - 1 Day / Daily 500MB",0.5,1,0.55,1.1,,yes
indonesia,"mobineX","Unlimited Standard",1,1,1.1,1.1,,yes
indonesia,"abesteSIM","eSIM Indonesia (Support Tiktok) - 5 Days / Total 1GB",1,5,1.1095043362081103,1.11,,yes
indonesia,"MicroEsim","Indonesia eSIM - 15 Days / Total 1GB",1,15,1.11,1.11,,yes
indonesia,"MicroEsim","Indonesia eSIM - 30 Days / Total 1GB",1,30,1.11,1.11,,yes
indonesia,"Tripuck eSIM","Southeast Asia 1 GB / 7 Days",1,7,1.11,1.11,,yes
indonesia,"ASIMGO","eSIM Asia&amp;Europe - 54 Countries - 1 Day / Daily 500MB",0.5,1,0.56,1.12,,yes
indonesia,"AlpineSIM","AlpineSIM Indonesia - 500MB / 7 Days",0.5,7,0.56,1.12,,yes
indonesia,"abesteSIM","eSIM Indonesia (Support Tiktok) - 7 Days / Total 1GB",1,7,1.1251311578448444,1.125,,yes
indonesia,"abesteSIM","eSIM Indonesia (Support Tiktok) - 10 Days / Total 1GB",1,10,1.1329445686632114,1.133,,yes
indonesia,"abesteSIM","eSIM Indonesia - 30 Days / Total 1GB",1,30,1.1485713902999453,1.149,,yes
indonesia,"abesteSIM","eSIM Indonesia (Support Tiktok) - 15 Days / Total 1GB",1,15,1.1485713902999453,1.149,,yes
indonesia,"Yoho Mobile","4-Country eSIM 1GB/Day 1Day",1,1,1.15,1.15,,yes
indonesia,"eSIM4Travel","Indonesia (Telkomsel/XL) - 1GB/1Days",1,1,1.16,1.16,,yes
indonesia,"ASIMGO","eSIM Indonesia - 3 Days / Total 1GB",1,3,1.18,1.18,,yes
indonesia,"Yoho Mobile","12-Country eSIM 1GB 7Day",1,7,1.18,1.18,,yes
indonesia,"Yoho Mobile","9-Country eSIM 1GB 7Day",1,7,1.18,1.18,,yes
indonesia,"Yoho Mobile","10-Country eSIM 1GB 7Day",1,7,1.18,1.18,,yes
indonesia,"Yoho Mobile","5-Country eSIM 1GB 7Day",1,7,1.18,1.18,,yes
indonesia,"SimSmash","Indonesia 1GB for 7 Days",1,7,1.19,1.19,,yes
indonesia,"Superalink","Indonesia - 1GB/day",1,1,1.19,1.19,,yes
indonesia,"iRoamly","Indonesia-eSIM-1GB-1 Day-Daily",1,1,1.2,1.2,,yes
indonesia,"ESIM888","Indonesia (1GB/7DAYS) (Throttling)",1,7,1.2,1.2,,no
indonesia,"mobineX","Unlimited Standard",1,1,1.2,1.2,,yes
indonesia,"Billion Connect","Southeast Asia eSIM [5 Countries] 1 Day 1GB/Day",1,1,1.2,1.2,,yes
indonesia,"Tripuck eSIM","Indonesia 1 GB / 7 Days",1,7,1.2,1.2,,yes
indonesia,"eSIM4Travel","Indonesia (Telkomsel/XL) - 1GB/7Days",1,7,1.21,1.21,,yes
indonesia,"ASIMGO","eSIM Indonesia - 5 Days / Total 1GB",1,5,1.22,1.22,,yes
indonesia,"abesteSIM","eSIM Southeast Asia (5 Countries) - 1 Day / Daily 1GB",1,1,1.226705498483615,1.227,,yes
indonesia,"TravelGator eSIM","Indonesia eSIM Roaming Data",1,3,1.2345189093019822,1.235,,no
indonesia,"ESIM.DOG 🐶","⚡️ [5G] Smartfren/XL Axiata Indonesia - Best 5G Coverage (500MB/20Days) - Black route",0.5,20,0.62,1.24,,yes
indonesia,"ASIMGO","eSIM Indonesia - 7 Days / Total 1GB",1,7,1.24,1.24,,yes
indonesia,"AlpineSIM","AlpineSIM Indonesia - 1GB/Day / 1 Days",1,1,1.24,1.24,,yes
indonesia,"ASIMGO","eSIM Indonesia - 10 Days / Total 1GB",1,10,1.25,1.25,,yes
indonesia,"Ozly eSIM","Indonesia 1GB 7Days",1,7,1.25,1.25,,yes
indonesia,"AdventureSIMs","Indonesia 1GB 7 Days",1,7,1.2540736454257866,1.254,,yes
indonesia,"ASIMGO","eSIM Indonesia - 15 Days / Total 1GB",1,15,1.27,1.27,,yes
indonesia,"ASIMGO","eSIM Indonesia - 30 Days / Total 1GB",1,30,1.27,1.27,,yes
indonesia,"abesteSIM","eSIM Asia+Europe 52 Regions - 1 Day / Daily 1GB",1,1,1.2892127850305508,1.289,,yes
indonesia,"MegaEsim","Indonesia 1 GB, 7 days",1,7,1.29,1.29,,yes
indonesia,"iRoamly","Indonesia-eSIM-1GB-3 Days-Total",1,3,1.3,1.3,,yes
indonesia,"Billion Connect","Global eSIM [19 Regions] 3 Days 1GB",1,3,1.3,1.3,,yes
indonesia,"Bloomy eSIM","Indonesia 1GB 7 Days",1,7,1.3,1.3,,yes
indonesia,"Yoho Mobile","9-Country eSIM 1GB/Day 1Day",1,1,1.31,1.31,,yes
indonesia,"Yoho Mobile","5-Country eSIM 1GB/Day 1Day",1,1,1.31,1.31,,yes
indonesia,"Tripuck eSIM","Indonesia 1 GB / 1 Days",1,1,1.33,1.33,,yes
indonesia,"Yoho Mobile","14-Country eSIM 1GB 7Day",1,7,1.34,1.34,,yes
indonesia,"Yoho Mobile","52-Country eSIM 1GB 7Day",1,7,1.34,1.34,,yes
indonesia,"Yoho Mobile","13-Country eSIM 1GB 7Day",1,7,1.34,1.34,,yes
indonesia,"AlpineSIM","AlpineSIM Asia (14 areas) - 1GB / 7 Days",1,7,1.34,1.34,,yes
indonesia,"AlpineSIM","AlpineSIM Indonesia - 500MB/Day / 1 Days",0.5,1,0.68,1.36,,yes
indonesia,"ESIM.DOG 🐶","⚡️ [5G] Smartfren/XL Axiata Indonesia - Best 5G Coverage (500MB/30Days) - Black route",0.5,30,0.68,1.36,,yes
indonesia,"LimitSIM","Indonesia 1GB",1,7,1.3649388,1.365,,yes
indonesia,"abesteSIM","eSIM Asia (10 Regions) - 1 Day / Daily 1GB",1,1,1.3673468932142205,1.367,,yes
indonesia,"4S eSIM","Indonesia 1GB - 1 Day",1,1,1.37,1.37,,no
indonesia,"TravelGator eSIM","Indonesia eSIM Roaming Data",1,5,1.3751603040325875,1.375,,no
indonesia,"SimSmash","Indonesia Daily Unlimited 1GB/day for 1 Days",1,1,1.39,1.39,,yes
indonesia,"Tripuck eSIM","Multi-Region 1 GB / 7 Days",1,7,1.39,1.39,,no
indonesia,"TravelGator eSIM","Indonesia eSIM Roaming Data",1,7,1.3986005364876886,1.399,,no
indonesia,"iRoamly","Indonesia-eSIM-1GB-5 Days-Total",1,5,1.4,1.4,,yes
indonesia,"EZsim","Indonesia - 1GB Daily / 1Days",1,1,1.4,1.4,,no
indonesia,"voilà","",1,7,1.4,1.4,,yes
indonesia,"SeferESIM","Indonesia 1GB 7Days",1,7,1.4,1.4,,yes
indonesia,"4S eSIM","Indonesia 1GB - 5 Days",1,5,1.41,1.41,,no
indonesia,"ASIMGO","eSIM Asia&amp;Europe - 54 Countries - 1 Day / Daily 1GB",1,1,1.41,1.41,,yes
indonesia,"RedEx eSIM","1 GB - 7 Days",1,7,1.42,1.42,,no
indonesia,"AlpineSIM","AlpineSIM Asia (14 areas) - 1GB/Day / 1 Days",1,1,1.43,1.43,,yes
indonesia,"AlpineSIM","AlpineSIM South East Asia (8 areas) - 1GB / 7 Days",1,7,1.43,1.43,,yes
indonesia,"Yoho Mobile","10-Country eSIM 1GB/Day 1Day",1,1,1.44,1.44,,yes
indonesia,"Tripuck eSIM","Asia 1 GB / 7 Days",1,7,1.44,1.44,,yes
indonesia,"TravelGator eSIM","Indonesia eSIM Roaming Data",1,10,1.4454810013978905,1.445,,no
indonesia,"EZsim","Indonesia - 1GB/7Days",1,7,1.45,1.45,,no
indonesia,"4S eSIM","Indonesia 1GB - 7 Days",1,7,1.45,1.45,,no
indonesia,"Connect Me Guru","Indonesia 1GB 7Days",1,7,1.45,1.45,,yes
indonesia,"Hiroaming","Indonesia 500MB 7Days",0.5,7,0.73,1.46,,no
indonesia,"IbridMarket","Indonesia 1GB 7Days",1,7,1.48,1.48,,no
indonesia,"TravelGator eSIM","Indonesia eSIM Roaming Data",1,15,1.484548055489725,1.485,,no
indonesia,"MegaEsim","Indonesia 1 GB, 1 day",1,1,1.49,1.49,,yes
indonesia,"Airhub","Indonesia 1GB 7Days",1,7,1.49,1.49,,yes
indonesia,"MoodSIM","Indonesia 1 GB 7 Days",1,7,1.49,1.49,,yes
indonesia,"MoodSIM","Indonesia Unlimited (1 GB/day, then 512 Kbps) 1 Day",1,1,1.49,1.49,,yes
indonesia,"MoodSIM","Indonesia Unlimited (1 GB/day, then 1 Mbps) 1 Day",1,1,1.49,1.49,,yes
indonesia,"MoodSIM","South East Asia 1 GB 7 Days",1,7,1.49,1.49,,yes
indonesia,"MoodSIM","Asia 1 GB 7 Days",1,7,1.49,1.49,,yes
indonesia,"Jetpac","Southeast Asia 15GB",15,7,22.5,1.5,ESIMDB15,no
indonesia,"MoodSIM","Indonesia 500 MB 7 Days",0.5,7,0.75,1.5,,yes
indonesia,"iRoamly","Indonesia-eSIM-1GB-7 Days-Total",1,7,1.5,1.5,,yes
indonesia,"mobineX","Unlimited Standard",1,1,1.5,1.5,,yes
indonesia,"Roaming4You","Indonesia Unlimited Data - 1 Day",1,1,1.5,1.5,,yes
indonesia,"Ozly eSIM","Asia (14 areas) 1GB 7Days",1,7,1.5,1.5,,yes
indonesia,"Bloomy eSIM","Indonesia Unlimited (1GB/day) 1 Day",1,1,1.5,1.5,,yes
indonesia,"SimOptions","Indonesia 1GB",1,3,1.5,1.5,,no
indonesia,"Tripuck eSIM","Asia 1 GB / 7 Days",1,7,1.5,1.5,,yes
indonesia,"SparkRoam","Indonesia 1GB 7Days",1,7,1.51,1.51,,yes
indonesia,"AlpineSIM","AlpineSIM South East Asia (8 areas) - 1GB/Day / 1 Days",1,1,1.53,1.53,,yes
indonesia,"Yatelo","IDN 1GB 7 Days",1,7,1.54,1.54,,yes
indonesia,"Tripuck eSIM","Asia 1 GB / 1 Days",1,1,1.54,1.54,,yes
indonesia,"Ozly eSIM","South East Asia (8 areas) 1GB 7Days",1,7,1.55,1.55,,yes
indonesia,"Superalink","Indonesia - 500MB/day",0.5,1,0.79,1.58,,yes
indonesia,"bndless","Indonesia 1GB 7Days",1,7,1.58,1.58,,yes
indonesia,"eSIMNow","Indonesia 1GB 7Days",1,7,1.59,1.59,,yes
indonesia,"LimitSIM","Indonesia 500MB 7Days",0.5,7,0.7962142999999999,1.592,,yes
indonesia,"Ubigi","",10,30,16,1.6,,yes
indonesia,"SeferESIM","Indonesia 500MB 7Days",0.5,7,0.8,1.6,,yes
indonesia,"iRoamly","Indonesia-eSIM-1GB-10 Days-Total",1,10,1.6,1.6,,yes
indonesia,"eSIMNEXA","Indonesia 1GB 3Days",1,3,1.6,1.6,,yes
indonesia,"MegaEsim","Indonesia Unlimited, 1 day (1 GB/day full speed)",1,1,1.6,1.6,,yes
indonesia,"Bloomy eSIM","Indonesia Unlimited (1GB/day) 1 Day",1,1,1.6,1.6,,yes
indonesia,"Tripuck eSIM","Asia 1 GB / 1 Days",1,1,1.61,1.61,,yes
indonesia,"eSIM4Travel","Global 72 - 1GB/7Days",1,7,1.62,1.62,,yes
indonesia,"4S eSIM","Asia+ 1GB - 1 Day",1,1,1.63,1.63,,no
indonesia,"RedEx eSIM","Indonesia 1GB/Day FUP1Mbps (nonhkip)",1,1,1.63,1.63,,yes
indonesia,"Connect Me Guru","Indonesia 1GB/Day FUP1Mbps (nonhkip)",1,1,1.65,1.65,,yes
indonesia,"Yoho Mobile","14-Country eSIM 1GB/Day 1Day",1,1,1.65,1.65,,yes
indonesia,"Yoho Mobile","15-Country eSIM 1GB/Day 1Day",1,1,1.65,1.65,,yes
indonesia,"Yoho Mobile","11-Country eSIM 1GB/Day 1Day",1,1,1.65,1.65,,yes
indonesia,"Yoho Mobile","12-Country eSIM 1GB/Day 1Day",1,1,1.65,1.65,,yes
indonesia,"abesteSIM","eSIM Global (66 Destinations) - 1 Day / Daily 1GB",1,1,1.6564430934937988,1.656,,yes
indonesia,"IbridMarket","Indonesia 1GB/Day FUP1Mbps (nonhkip",1,1,1.66,1.66,,no
indonesia,"SeferESIM","Indonesia 1GB/Day FUP1Mbps (nonhkip)",1,1,1.66,1.66,,yes
indonesia,"MegaEsim","Southeast Asia 1 GB, 7 days",1,7,1.66,1.66,,no
indonesia,"Bloomy eSIM","Asia (14 areas) 1GB 7 Days",1,7,1.66,1.66,,yes
indonesia,"MicroEsim","Indonesia eSIM - 1 Day / Daily 500MB",0.5,1,0.84,1.68,,yes
indonesia,"4S eSIM","Asia+ 1GB - 5 Days",1,5,1.68,1.68,,no
indonesia,"Yoho Mobile","14-Country eSIM 1GB/Day 1Day",1,1,1.68,1.68,,yes
indonesia,"PRIeSIM","Indonesia 1 GB · 7 days",1,7,1.6947990099999999,1.695,,no
indonesia,"Bloomy eSIM","Indonesia 500MB 7 Days",0.5,7,0.85,1.7,,yes
indonesia,"iRoamly","Indonesia-eSIM-1GB-15 Days-Total",1,15,1.7,1.7,,yes
indonesia,"Superalink","Indonesia - Regular",1,7,1.71,1.71,,yes
indonesia,"4S eSIM","Asia+ 1GB - 7 Days",1,7,1.73,1.73,,no
indonesia,"Flysimio","Indonesia 1GB 7Days",1,7,1.75,1.75,,yes
indonesia,"Connect Me Guru","Indonesia 1GB/Day",1,1,1.75,1.75,,yes
indonesia,"Bloomy eSIM","South East Asia (8 areas) 1GB 7 Days",1,7,1.75,1.75,,yes
indonesia,"ASIMGO","eSIM Asia (26 Regions, Support Tiktok) - 1 Day / Daily 500MB",0.5,1,0.88,1.76,,yes
indonesia,"MicroEsim","Southeast Asia eSIM 5 Countries - 1 Day / Daily 500MB",0.5,1,0.88,1.76,,yes
indonesia,"Tripuck eSIM","Indonesia 502 MB / 7 Days",0.5,7,0.9,1.793,,yes
indonesia,"bndless","Indonesia 500MB 7Days",0.5,7,0.9,1.8,,yes
indonesia,"SimSmash","Indonesia Daily Unlimited 0.49GB/day for 1 Days",0.49,1,0.89,1.816,,yes
indonesia,"ESIM.DOG 🐶","⚡️ [5G] Asia (2 countries) - Best 5G Coverage (500MB/3Days) - Black route",0.5,3,0.92,1.84,,yes
indonesia,"ESIM.DOG 🐶","⚡️ [5G] Asia (2 countries) - Best 5G Coverage (500MB/5Days) - Black route",0.5,5,0.92,1.84,,yes
indonesia,"ESIM.DOG 🐶","⚡️ [5G] Asia (2 countries) - Best 5G Coverage (500MB/7Days) - Black route",0.5,7,0.92,1.84,,yes
indonesia,"Stellar eSim","Indonesia 500MB 7Days + Free Stellar VPN",0.5,7,0.9440826699999999,1.888,,no
indonesia,"Earth Esim","500MB/1 Day Indonesia 5G eSIM",0.5,1,0.99,1.98,,yes
indonesia,"ASIMGO","eSIM Asia 22 Regions - 1 Day / Daily 500MB",0.5,1,0.99,1.98,,yes
indonesia,"MoodSIM","Indonesia Unlimited (500 MB/day, then 512 Kbps) 1 Day",0.5,1,0.99,1.98,,yes
indonesia,"Tripuck eSIM","Indonesia 502 MB / 1 Days",0.5,1,1,1.992,,yes
indonesia,"Connect Me Guru","Indonesia 500MB 7Days",0.5,7,1,2,,yes
indonesia,"SeferESIM","Indonesia 500MB/Day",0.5,1,1,2,,yes
indonesia,"abesteSIM","eSIM Asia (10 Regions) - 1 Day / Total 200MB",0.2,1,0.4062973625550827,2.031,,yes
indonesia,"Wiiline","for Indonesia 1 Days 0.49GB 490 MB",0.49,1,1,2.041,,no
indonesia,"IbridMarket","Indonesia 500MB 7Days",0.5,7,1.06,2.12,,no
indonesia,"Tripuck eSIM","Multi-Region 502 MB / 1 Days",0.5,1,1.07,2.131,,no
indonesia,"eSIMNow","Indonesia 500MB 7Days",0.5,7,1.08,2.16,,yes
indonesia,"bndless","Indonesia 500MB/Day",0.5,1,1.13,2.26,,yes
indonesia,"LimitSIM","SEA 0.49GB",0.5,1,1.137449,2.266,,no
indonesia,"Connect Me Guru","Indonesia 500MB/Day",0.5,1,1.15,2.3,,yes
indonesia,"Superalink","Indonesia - 500MB/day",0.5,3,1.19,2.38,,yes
indonesia,"IbridMarket","Indonesia 500MB/Day",0.5,1,1.2,2.4,,no
indonesia,"Voyasim","Indonesia 500MB/Day",0.5,1,1.2,2.4,,yes
indonesia,"Hiroaming","Indonesia 500MB/Day (nonhkip)",0.5,1,1.2,2.4,,no
indonesia,"AlpineSIM","AlpineSIM Asia (7 areas) - 500MB/Day / 1 Days",0.5,1,1.24,2.48,,yes
indonesia,"eSIMNow","Indonesia 500MB/Day for 1 Day",0.5,1,1.25,2.5,,yes
indonesia,"Landed eSIM","Indonesia 500MB/day · 1 day",0.5,1,1.29,2.58,,yes
indonesia,"SeferESIM","Indonesia 500MB/Day (nonhkip)",0.5,1,1.32,2.64,,yes
indonesia,"Horizon eSIM","Indonesia 100MB 7Days",0.1,7,0.27298775999999997,2.73,,no
indonesia,"Connect Me Guru","Indonesia 500MB/Day (nonhkip)",0.5,1,1.39,2.78,,yes
indonesia,"Tripuck eSIM","Asia 502 MB / 1 Days",0.5,1,1.4,2.789,,yes
indonesia,"abesteSIM","eSIM Indonesia (Support Tiktok) - 3 Days / Daily 500MB",0.5,3,1.4064139473060555,2.813,,yes
indonesia,"IbridMarket","Indonesia 500MB/Day (nonhkip)",0.5,1,1.42,2.84,,no
indonesia,"AlpineSIM","AlpineSIM Indonesia - 100MB / 7 Days",0.1,7,0.29,2.9,,yes
indonesia,"merdata","eSIM Indonesia 500 MB 7 days",0.5,7,1.470957924283237,2.942,,no
indonesia,"abesteSIM","eSIM Indonesia - 3 Days / Daily 500MB",0.5,3,1.476734644671358,2.953,,yes
indonesia,"bndless","Indonesia 500MB/Day (nonhkip)",0.5,1,1.49,2.98,,yes
indonesia,"PuraSIM","Indonesia 500MB 7Days",0.5,7,1.49,2.98,,yes
indonesia,"ESIM.DOG 🐶","⚡️ [5G] Smartfren/XL Axiata Indonesia - Best 5G Coverage (500MB/1Days) - Black route",0.5,1,1.49,2.98,,yes
indonesia,"MoodSIM","Indonesia Unlimited (500 MB/day, then 512 Kbps) 1 Day",0.5,1,1.49,2.98,,yes
indonesia,"MoodSIM","Asia Unlimited (500 MB/day, then 128 Kbps) 1 Day",0.5,1,1.49,2.98,,yes
indonesia,"MicroEsim","Indonesia eSIM - 3 Days / Daily 500MB",0.5,3,1.5,3,,yes
indonesia,"abesteSIM","eSIM Southeast Asia (5 Countries) - 3 Days / Daily 500MB",0.5,3,1.5001748771264591,3,,yes
indonesia,"ASIMGO","eSIM Indonesia - Support Tikok - 3 Days / Daily 500MB",0.5,3,1.52,3.04,,yes
indonesia,"ASIMGO","eSIM Indonesia - 3 Days / Daily 500MB",0.5,3,1.52,3.04,,yes
indonesia,"abesteSIM","eSIM Asia+Europe 52 Regions - 3 Days / Daily 500MB",0.5,3,1.5783089853101289,3.157,,yes
indonesia,"AirPlans","Indonesia 500MB 1 Day",0.5,1,1.58,3.16,,yes
indonesia,"Voyasim","Indonesia 500MB/Day (nonhkip)",0.5,1,1.6,3.2,,yes
indonesia,"DashRoam","Indonesia 500MB 7Days",0.5,7,1.6,3.2,,yes
indonesia,"ASIMGO","eSIM Southeast Asia - 5 Countries - 3 Days / Daily 500MB",0.5,3,1.62,3.24,,yes
indonesia,"MicroEsim","Southeast Asia eSIM 5 Countries - 3 Days / Daily 500MB",0.5,3,1.62,3.24,,yes
indonesia,"Hiroaming","Asia (7 areas) 500MB/Day",0.5,1,1.64,3.28,,no
indonesia,"abesteSIM","eSIM Asia (10 Regions) - 3 Days / Daily 500MB",0.5,3,1.6955101475856336,3.391,,yes
indonesia,"ASIMGO","eSIM Asia&amp;Europe - 54 Countries - 3 Days / Daily 500MB",0.5,3,1.7,3.4,,yes
indonesia,"eSIM2Me","Indonesia 500MB 7Days",0.5,7,1.7,3.4,,yes
indonesia,"eSIM2Me","Indonesia 500MB/Day",0.5,1,1.7,3.4,,yes
indonesia,"MicroEsim","Global eSIM 24 Destinations - 1 Day / Daily 500MB",0.5,1,1.73,3.46,,yes
indonesia,"Connect Me Guru","Asia (7 areas) 500MB/Day",0.5,1,1.75,3.5,,no
indonesia,"eSIM Hero","Indonesia 500MB 7 Days",0.5,7,1.75,3.5,,yes
indonesia,"LimitSIM","Asia (7 areas) 500MB/Day",0.5,1,1.75167146,3.503,,no
indonesia,"MoodSIM","Indonesia 100 MB 7 Days",0.1,7,0.49,4.9,,yes
indonesia,"ESIM.DOG 🐶","⚡️ [5G] Global (202 countries) - Best 5G Coverage (300MB/3Days) - Yellow route",0.3,3,1.49,4.967,,yes
indonesia,"Voyasim","Indonesia 100MB 7Days",0.1,7,0.5,5,,yes
indonesia,"MicroEsim","Asia eSIM 10 Regions - Support TikTok - 1 Day / Total 200MB",0.2,1,1.01,5.05,,yes
indonesia,"Tripuck eSIM","Global 297 MB / 3 Days",0.3,3,1.5,5.051,,yes
indonesia,"Hiroaming","Indonesia 100MB 7Days",0.1,7,0.55,5.5,,no
indonesia,"Truely","Indonesia - 300MB, 2 days",0.3,2,1.69,5.633,,yes
indonesia,"GIGAGO","Indonesia eSIM",2,7,11.5,5.75,,no
indonesia,"SeferESIM","Indonesia 100MB 7Days",0.1,7,0.6,6,,yes
indonesia,"LimitSIM","Indonesia 100MB 7Days",0.1,7,0.60284797,6.028,,yes
indonesia,"bndless","Indonesia 100MB 7Days",0.1,7,0.68,6.8,,yes
indonesia,"ESIM.DOG 🐶","⚡️ [5G] Smartfren/XL Axiata Indonesia - Best 5G Coverage (100MB/30Days) - Black route",0.1,30,0.68,6.8,,yes
indonesia,"Bloomy eSIM","Indonesia 100MB 7 Days",0.1,7,0.7,7,,yes
indonesia,"Tripuck eSIM","Indonesia 102 MB / 7 Days",0.1,7,0.8,7.843,,yes
indonesia,"Connect Me Guru","Indonesia 100MB 7Days",0.1,7,0.85,8.5,,yes
indonesia,"Roamix","Indonesia 100MB 7Days",0.1,7,0.85,8.5,,yes
indonesia,"eSIMNow","Indonesia 100MB 7Days",0.1,7,0.91,9.1,,yes
indonesia,"IbridMarket","Indonesia 100MB 7Days",0.1,7,0.92,9.2,,no
indonesia,"ESIM.DOG 🐶","⚡️ [5G] Asia (2 countries) - Best 5G Coverage (100MB/3Days) - Black route",0.1,3,0.92,9.2,,yes
indonesia,"ESIM.DOG 🐶","⚡️ [5G] Asia (2 countries) - Best 5G Coverage (100MB/5Days) - Black route",0.1,5,0.92,9.2,,yes
indonesia,"ESIM.DOG 🐶","⚡️ [5G] Asia (2 countries) - Best 5G Coverage (100MB/7Days) - Black route",0.1,7,0.92,9.2,,yes
indonesia,"Stellar eSim","Indonesia 100MB 7Days + Free Stellar VPN",0.1,7,0.9440826699999999,9.441,,no
indonesia,"ESIM.DOG 🐶","⚡️ [5G] Smartfren/XL Axiata Indonesia - Best 5G Coverage (100MB/90Days) - Black route",0.1,90,0.98,9.8,,yes
indonesia,"ESIM.DOG 🐶","⚡️ [5G] Asia (2 countries) - Best 5G Coverage (100MB/10Days) - Black route",0.1,10,0.98,9.8,,yes
indonesia,"ESIM.DOG 🐶","⚡️ [5G] Asia (2 countries) - Best 5G Coverage (100MB/15Days) - Black route",0.1,15,0.98,9.8,,yes
indonesia,"ESIM.DOG 🐶","⚡️ [5G] Asia (2 countries) - Best 5G Coverage (100MB/20Days) - Black route",0.1,20,0.98,9.8,,yes
indonesia,"ESIM.DOG 🐶","⚡️ [5G] Asia (2 countries) - Best 5G Coverage (100MB/30Days) - Black route",0.1,30,0.98,9.8,,yes
indonesia,"StaffTraveler eSIM","StaffTraveler eSIM 100 MB",0.1,365,0.99,9.9,,no
indonesia,"Avelis eSIM","Standard 100MB / 7 Days",0.1,7,0.99,9.9,,yes
indonesia,"Keepgo","Norm",0.1,0,1,10,,yes
indonesia,"Zwitchy","Indonesia · 100 MB · 1 day",0.1,1,1,10,,yes
indonesia,"DashRoam","Indonesia 100MB 7Days",0.1,7,1.45,14.5,,yes
indonesia,"ESIM.DOG 🐶","⚡️ [5G] Smartfren/XL Axiata Indonesia - Best 5G Coverage (100MB/1Days) - Black route",0.1,1,1.49,14.9,,yes
indonesia,"PuraSIM","Indonesia 100MB 7Days",0.1,7,1.49,14.9,,yes
indonesia,"ESIM.DOG 🐶","⚡️ [5G] Smartfren/XL Axiata Indonesia - Best 5G Coverage (100MB/3Days) - Black route",0.1,3,1.49,14.9,,yes
indonesia,"PikaSim","Indonesia 100MB 7Days",0.1,7,1.5,15,,no
indonesia,"Simsima","Indonesia 100MB 7Days",0.1,7,1.5,15,,yes
indonesia,"eSIM Hero","Indonesia 100MB 7 Days",0.1,7,1.5,15,,yes
indonesia,"RedEx eSIM","Indonesia 100MB 7Days",0.1,7,1.71,17.1,,yes
italy,"ESIM.DOG 🐶","🛜 TIM/Wind Italy - Essential Coverage (3GB/15Days) - Amber route",3,15,0.56,0.187,,yes
italy,"ESIM.DOG 🐶","🛜 TIM/Wind Italy - Essential Coverage (3GB/7Days) - Amber route",3,7,0.56,0.187,,yes
italy,"ESIM.DOG 🐶","🛜 TIM/Wind Italy - Essential Coverage (3GB/1Days) - Amber route",3,1,0.56,0.187,,yes
italy,"ESIM.DOG 🐶","🛜 TIM/Wind Italy - Essential Coverage (3GB/3Days) - Amber route",3,3,0.56,0.187,,yes
italy,"ESIM.DOG 🐶","🛜 TIM/Wind Italy - Essential Coverage (3GB/5Days) - Amber route",3,5,0.56,0.187,,yes
italy,"ESIM.DOG 🐶","🛜 TIM/Wind Italy - Essential Coverage (3GB/10Days) - Amber route",3,10,0.56,0.187,,yes
italy,"ESIM.DOG 🐶","🛜 TIM/Wind Italy - Essential Coverage (3GB/12Days) - Amber route",3,12,0.56,0.187,,yes
italy,"ESIM.DOG 🐶","🛜 TIM/Wind Italy - Essential Coverage (3GB/20Days) - Amber route",3,20,0.56,0.187,,yes
italy,"ESIM.DOG 🐶","🛜 TIM/Wind Italy - Essential Coverage (3GB/25Days) - Amber route",3,25,0.56,0.187,,yes
italy,"ESIM.DOG 🐶","🛜 TIM/Wind Italy - Essential Coverage (3GB/14Days) - Amber route",3,14,0.56,0.187,,yes
italy,"ESIM.DOG 🐶","🛜 TIM/Wind Italy - Essential Coverage (3GB/21Days) - Amber route",3,21,0.56,0.187,,yes
italy,"Stellar eSim","Italy 3GB 20Days + Free Stellar VPN",3,20,0.5687245,0.19,,no
italy,"Stellar eSim","Italy 3GB 30Days + Free Stellar VPN",3,30,0.5687245,0.19,,no
italy,"Stellar eSim","Italy 3GB 15Days + Free Stellar VPN",3,15,0.5687245,0.19,,no
italy,"ESIM.DOG 🐶","🛜 TIM/Wind Italy - Essential Coverage (4GB/1Days) - Amber route",4,1,0.82,0.205,,yes
italy,"ESIM.DOG 🐶","🛜 TIM/Wind Italy - Essential Coverage (4GB/12Days) - Amber route",4,12,0.82,0.205,,yes
italy,"Stellar eSim","Italy 4GB 20Days + Free Stellar VPN",4,20,0.83033777,0.208,,no
italy,"ESIM.DOG 🐶","🛜 TIM/Wind Italy - Essential Coverage (2GB/15Days) - Amber route",2,15,0.56,0.28,,yes
italy,"ESIM.DOG 🐶","🛜 TIM/Wind Italy - Essential Coverage (2GB/14Days) - Amber route",2,14,0.56,0.28,,yes
italy,"ESIM.DOG 🐶","🛜 TIM/Wind Italy - Essential Coverage (2GB/20Days) - Amber route",2,20,0.56,0.28,,yes
italy,"ESIM.DOG 🐶","🛜 TIM/Wind Italy - Essential Coverage (2GB/30Days) - Amber route",2,30,0.56,0.28,,yes
italy,"ESIM.DOG 🐶","🛜 TIM/Wind Italy - Essential Coverage (4GB/25Days) - Amber route",4,25,1.23,0.307,,yes
italy,"ESIM.DOG 🐶","🛜 TIM/Wind Italy - Essential Coverage (4GB/30Days) - Amber route",4,30,1.23,0.307,,yes
italy,"Stellar eSim","Italy 4GB 30Days + Free Stellar VPN",4,30,1.23981941,0.31,,no
italy,"Stellar eSim","Europe (35 areas) 4GB 20Days + Free Stellar VPN",4,20,1.3535643099999999,0.338,,no
italy,"Stellar eSim","Europe (35 areas) 4GB 30Days + Free Stellar VPN",4,30,1.3535643099999999,0.338,,no
italy,"Stellar eSim","Italy 1GB 7Days + Free Stellar VPN",1,7,0.3412347,0.341,,no
italy,"MyTravel eSIM","Europe (35 areas) 1GB/Day FUP1Mbps - 0.3€ - First 5 buyers only",1,1,0.3412347,0.341,,no
italy,"ESIM.DOG 🐶","🛜 TIM/Wind Italy - Essential Coverage (3GB/30Days) - Amber route",3,30,1.05,0.35,,yes
italy,"ESIM.DOG 🐶","⚡️ [5G] Europe (33 countries) - Best 5G Coverage (3GB/3Days) - Pink route",3,3,1.05,0.35,,no
italy,"Stellar eSim","Europe (33 areas) 4GB 30Days + Free Stellar VPN",4,30,1.39906227,0.35,,no
italy,"Stellar eSim","Europe (33 areas) 4GB 20Days + Free Stellar VPN",4,20,1.39906227,0.35,,no
italy,"Stellar eSim","Europe (33 areas) 3GB 15Days + Free Stellar VPN",3,15,1.05782757,0.353,,no
italy,"Stellar eSim","Europe (33 areas) 3GB 30Days + Free Stellar VPN",3,30,1.05782757,0.353,,no
italy,"Stellar eSim","Italy eSIM Unlimited - 1 day",3,1,1.05782757,0.353,,no
italy,"Stellar eSim","Europe (33 areas) 3GB 20Days + Free Stellar VPN",3,20,1.05782757,0.353,,no
italy,"Stellar eSim","Europe (35 areas) 3GB 15Days + Free Stellar VPN",3,15,1.08057655,0.36,,no
italy,"Stellar eSim","Europe (35 areas) eSIM Unlimited - 1 day",3,1,1.0919510399999999,0.364,,no
italy,"Stellar eSim","Europe (33 areas) eSIM Unlimited - 1 day",3,1,1.10332553,0.368,,no
italy,"Stellar eSim","Europe (35 areas) 3GB 20Days + Free Stellar VPN",3,20,1.10332553,0.368,,no
italy,"Stellar eSim","Europe (35 areas) 3GB 30Days + Free Stellar VPN",3,30,1.10332553,0.368,,no
italy,"Horizon eSIM","Italy 1GB 7Days",1,7,0.37535817,0.375,,no
italy,"Tripuck eSIM","Europe 3 GB / 3 Days",3,3,1.47,0.49,,yes
italy,"Stellar eSim","Europe (33 areas) 2GB 30Days + Free Stellar VPN",2,30,1.0692020599999998,0.535,,no
italy,"Stellar eSim","Europe (33 areas) 2GB 20Days + Free Stellar VPN",2,20,1.0692020599999998,0.535,,no
italy,"Stellar eSim","Europe (35 areas) 2GB 15Days + Free Stellar VPN",2,15,1.0919510399999999,0.546,,no
italy,"Stellar eSim","Europe (33 areas) 2GB 15Days + Free Stellar VPN",2,15,1.11470002,0.557,,no
italy,"ESIM.DOG 🐶","⚡️ [5G] TIM Italy &amp; more - Best 5G Coverage (1GB/7Days) - Blue route",1,7,0.56,0.56,,yes
italy,"ESIM.DOG 🐶","⚡️ [5G] TIM/Wind Italy - Best 5G Coverage (1GB/15Days) - Black route",1,15,0.56,0.56,,yes
italy,"ESIM.DOG 🐶","⚡️ [5G] TIM/Wind Italy - Best 5G Coverage (1GB/20Days) - Black route",1,20,0.56,0.56,,yes
italy,"ESIM.DOG 🐶","⚡️ [5G] TIM/Wind Italy - Best 5G Coverage (1GB/30Days) - Black route",1,30,0.56,0.56,,yes
italy,"abesteSIM","eSIM Italy - 1 Day / Daily 1GB",1,1,0.5781924005591561,0.578,,yes
italy,"Stellar eSim","Europe (35 areas) 2GB 20Days + Free Stellar VPN",2,20,1.16019798,0.58,,no
italy,"Stellar eSim","Europe (35 areas) 2GB 30Days + Free Stellar VPN",2,30,1.16019798,0.58,,no
italy,"eSIM4Travel","Best Europe 41 - 1GB/7Days",1,7,0.62,0.62,,yes
italy,"eSIM4Travel","Best Europe 41 - 1GB/1Days",1,1,0.62,0.62,,yes
italy,"Billion Connect","Global eSIM [45 Countries] 1 Day 2GB/Day",2,1,1.25,0.625,,yes
italy,"abesteSIM","eSIM Italy - 1 Day / Daily 2GB",2,1,1.2892127850305508,0.645,,no
italy,"Billion Connect","Europe eSIM [33 Countries] 1 Day 2GB/Day",2,1,1.3,0.65,,yes
italy,"Stellar eSim","Europe (35 areas) 1GB 7Days + Free Stellar VPN",1,7,0.67109491,0.671,,no
italy,"Astaroam","Europe (33 areas) 1GB 7Days",1,7,0.673725239015507,0.674,,yes
italy,"AlpineSIM","AlpineSIM Italy - 2GB/Day / 1 Days",2,1,1.35,0.675,,yes
italy,"eSIMX","Italy 10GB 7Days",10,7,6.8,0.68,,yes
italy,"Stellar eSim","Europe (33 areas) 1GB 7Days + Free Stellar VPN",1,7,0.6824694,0.682,,no
italy,"ASIMGO","eSIM Italy - 1 Day / Daily 2GB",2,1,1.41,0.705,,no
italy,"Tripuck eSIM","Europe 2 GB/day / 1 Days",2,1,1.42,0.71,,yes
italy,"Tripuck eSIM","Europe 2 GB/day / 1 Days",2,1,1.42,0.71,,yes
italy,"Billion Connect","Italy eSIM 1 Day 2GB/Day",2,1,1.43,0.715,,yes
italy,"abesteSIM","eSIM Europe (36 Countries) - 1 Day / Daily 2GB",2,1,1.4532944122162574,0.727,,yes
italy,"abesteSIM","eSIM Europe (32 Countries) - 1 Day / Daily 2GB",2,1,1.4532944122162574,0.727,,yes
italy,"thirr.com","IT 1GB 3D",1,3,0.73934185,0.739,,yes
italy,"Superalink","Italy - Regular",1,1,0.75,0.75,,yes
italy,"ESIM888","Italy (1GB/7DAYS)",1,7,0.75,0.75,,no
italy,"AlpineSIM","AlpineSIM Italy - 1GB/Day / 1 Days",1,1,0.75,0.75,,yes
italy,"Superalink","Italy - Regular",1,3,0.77,0.77,,yes
italy,"Stellar eSim","Europe (35 areas) 750MB 7Days + Free Stellar VPN",0.75,7,0.58009899,0.773,,no
italy,"Stellar eSim","Europe (33 areas) 750MB 7Days + Free Stellar VPN",0.75,7,0.59147348,0.789,,no
italy,"Superalink","Italy - Regular",1,5,0.79,0.79,,yes
italy,"abesteSIM","eSIM Italy - 1 Day / Daily 500MB",0.5,1,0.3984839517367157,0.797,,yes
italy,"Jetpac","Italy 15GB",15,7,12,0.8,ESIMDB15,no
italy,"abesteSIM","eSIM World 45 Regions - 1 Day / Daily 500MB",0.5,1,0.4062973625550827,0.813,,yes
italy,"Superalink","Italy - Regular",1,7,0.82,0.82,,yes
italy,"AlpineSIM","AlpineSIM Italy - 1GB / 7 Days",1,7,0.82,0.82,,yes
italy,"Superalink","Italy - Regular",1,10,0.83,0.83,,yes
italy,"Superalink","Italy - Regular",1,15,0.85,0.85,,yes
italy,"abesteSIM","eSIM Europe (32 Countries) - 1 Day / Daily 500MB",0.5,1,0.42973759501018366,0.859,,yes
italy,"abesteSIM","eSIM Asia+Europe 52 Regions - 1 Day / Daily 500MB",0.5,1,0.42973759501018366,0.859,,yes
italy,"abesteSIM","eSIM Europe (49 Destinations) - 1 Day / Daily 500MB",0.5,1,0.42973759501018366,0.859,,yes
italy,"abesteSIM","eSIM Global (66 Destinations) - 1 Day / Daily 500MB",0.5,1,0.42973759501018366,0.859,,yes
italy,"Superalink","Italy - Regular",1,20,0.86,0.86,,yes
italy,"Superalink","Italy - Regular",1,30,0.87,0.87,,yes
italy,"abesteSIM","eSIM Europe (36 Countries) - 1 Day / Daily 500MB",0.5,1,0.4375510058285506,0.875,,yes
italy,"AlpineSIM","AlpineSIM Italy - 500MB/Day / 1 Days",0.5,1,0.44,0.88,,yes
italy,"AlpineSIM","AlpineSIM Europe (35 areas) - 1GB / 7 Days",1,7,0.88,0.88,,yes
italy,"SimSmash","Italy 1GB for 7 Days",1,7,0.89,0.89,,yes
italy,"AlpineSIM","AlpineSIM Europe (33 areas) - 1GB / 7 Days",1,7,0.92,0.92,,yes
italy,"Astaroam","Europe (35 areas) 1GB 7Days",1,7,0.9247209162957938,0.925,,yes
italy,"AlpineSIM","AlpineSIM Europe (35 areas) - 1GB/Day / 1 Days",1,1,0.93,0.93,,yes
italy,"MicroEsim","Italy eSIM 5G - 1 Day / Daily 1GB",1,1,0.95,0.95,,yes
italy,"Textr eSIM","Italy 1GB",1,7,0.97,0.97,,no
italy,"AlpineSIM","AlpineSIM Europe (33 areas) - 1GB/Day / 1 Days",1,1,0.97,0.97,,yes
italy,"ASIMGO","eSIM World - 45 Countries - 1 Day / Daily 1GB",1,1,0.98,0.98,,yes
italy,"MicroEsim","Europe eSIM 33 Countries - 1 Day / Daily 1GB",1,1,0.98,0.98,,yes
italy,"SimSmash","Italy Daily Unlimited 1GB/day for 1 Days",1,1,0.99,0.99,,yes
italy,"Earth Esim","1GB/1 Day Italy 5G eSIM",1,1,0.99,0.99,,yes
italy,"Billion Connect","Europe eSIM [33 Countries] 1 Day 1GB/Day",1,1,0.99,0.99,,yes
italy,"MoodSIM","Italy 1 GB 7 Days",1,7,0.99,0.99,,yes
italy,"MoodSIM","Italy Unlimited (1 GB/day, then 512 Kbps) 1 Day",1,1,0.99,0.99,,yes
italy,"GlobaleSIM","Italy",10,30,10,1,,no
italy,"Voyasim","Italy 500MB/Day",0.5,1,0.5,1,,yes
italy,"EZsim","Italy - 1GB/7Days",1,7,1,1,,no
italy,"Orbit Mobile","Global Pass",1,1,1,1,,no
italy,"eSIMNEXA","Italy 1GB 3Days",1,3,1,1,,yes
italy,"ASIMGO","eSIM Europe (41 Countries) - 1 Day / Daily 1GB",1,1,1,1,,yes
italy,"Roaming4You","Italy Unlimited Data - 1 Day",1,1,1,1,,yes
italy,"Roamic","Italy eSIM 1GB / 7 Days",1,7,1,1,,no
italy,"ROWM","Italy Daily",1,1,1,1,,no
italy,"Horizon eSIM","Europe 1 GB / 7 days",1,7,1.00095512,1.001,,no
italy,"abesteSIM","eSIM Europe (36 Countries) - 1 Day / Daily 1GB",1,1,1.0157434063877067,1.016,,yes
italy,"Yesim","Italy",0.5,1,0.51185205,1.024,,yes
italy,"Yesim","Europe &amp; UK",0.5,1,0.51185205,1.024,,yes
italy,"Hiroaming","Italy 1GB 7Days",1,7,1.04,1.04,,no
italy,"Tripuck eSIM","Italy 1 GB / 1 Days",1,1,1.04,1.04,,yes
italy,"Horizon eSIM","Europe 1 GB / 30 days",1,30,1.04645308,1.046,,no
italy,"LimitSIM","Italy 1GB/Day",1,1,1.05782757,1.058,,yes
italy,"Bloomy eSIM","Italy Unlimited (1GB/day) 1 Day",1,1,1.06,1.06,,yes
italy,"Tripuck eSIM","Italy 1 GB / 7 Days",1,7,1.07,1.07,,yes
italy,"Astaroam","Europe Unlimited - 1Day",1,1,1.0700342031422758,1.07,,yes
italy,"ASIMGO","eSIM Europe (36 Countries) - 1 Day / Daily 500MB",0.5,1,0.54,1.08,,yes
italy,"ASIMGO","eSIM Europe - 32 Countries - 1 Day / Daily 500MB",0.5,1,0.54,1.08,,yes
italy,"ASIMGO","eSIM Italy - 1 Day / Daily 500MB",0.5,1,0.54,1.08,,yes
italy,"SeferESIM","Italy 1GB/Day",1,1,1.08,1.08,,yes
italy,"Orange Travel","Italy 20GB",20,14,21.99,1.099,,no
italy,"Ozly eSIM","Italy 1GB 7Days",1,7,1.1,1.1,,yes
italy,"Billion Connect","Global eSIM [45 Countries] 1 Day 1GB/Day",1,1,1.11,1.11,,yes
italy,"Bloomy eSIM","Italy 1GB 7 Days",1,7,1.11,1.11,,yes
italy,"LimitSIM","Italy 1GB",1,7,1.11470002,1.115,,yes
italy,"ASIMGO","eSIM Asia&amp;Europe - 54 Countries - 1 Day / Daily 500MB",0.5,1,0.56,1.12,,yes
italy,"ESIM.DOG 🐶","⚡️ [5G] TIM/Wind Italy - Best 5G Coverage (500MB/30Days) - Black route",0.5,30,0.56,1.12,,yes
italy,"MicroEsim","Europe eSIM 36 Countries - 1 Day / Daily 1GB",1,1,1.12,1.12,,yes
italy,"ASIMGO","eSIM Italy - 1 Day / Daily 1GB",1,1,1.12,1.12,,yes
italy,"Tripuck eSIM","Europe 1 GB / 7 Days",1,7,1.12,1.12,,yes
italy,"PRIeSIM","Italy 1 GB · 7 days",1,7,1.12607451,1.126,,no
italy,"ASIMGO","eSIM Europe (36 Countries) - 1 Day / Daily 1GB",1,1,1.13,1.13,,yes
italy,"Hiroaming","Europe (35 areas) 1GB 7Days",1,7,1.13,1.13,,no
italy,"ASIMGO","eSIM Europe (49 Destinations) - 1 Day / Daily 500MB",0.5,1,0.57,1.14,,yes
italy,"SeferESIM","Italy 1GB 7Days",1,7,1.14,1.14,,yes
italy,"Tripuck eSIM","Europe 1 GB / 7 Days",1,7,1.14,1.14,,yes
italy,"abesteSIM","eSIM Europe (32 Countries) - 1 Day / Daily 1GB",1,1,1.1407579794815783,1.141,,yes
italy,"Yoho Mobile","32-Country eSIM 1GB/Day 1Day",1,1,1.15,1.15,,yes
italy,"Yoho Mobile","IT eSIM 1GB/Day 1Day",1,1,1.15,1.15,,yes
italy,"Ozly eSIM","Europe (35 areas) 1GB 7Days",1,7,1.15,1.15,,yes
italy,"Hiroaming","Italy 1GB/Day FUP1Mbps",1,1,1.15,1.15,,no
italy,"Hiroaming","Italy 500MB/Day",0.5,1,0.58,1.16,,no
italy,"Yoho Mobile","36-Country eSIM 1GB 7Day",1,7,1.16,1.16,,yes
italy,"Yoho Mobile","39-Country eSIM 1GB 7Day",1,7,1.16,1.16,,yes
italy,"Yoho Mobile","IT eSIM 1GB 7Day",1,7,1.16,1.16,,yes
italy,"Hiroaming","Europe (33 areas) 1GB 7Days",1,7,1.16,1.16,,no
italy,"Stellar eSim","Europe(30+ areas) 1GB 7Days + Free Stellar VPN",1,7,1.16019798,1.16,,no
italy,"RedEx eSIM","Italy 1GB/Day",1,1,1.17,1.17,,yes
italy,"MicroEsim","Europe eSIM 42 Countries - 1 Day / Daily 1GB",1,1,1.18,1.18,,yes
italy,"Tripuck eSIM","Europe 1 GB / 1 Days",1,1,1.18,1.18,,yes
italy,"Bloomy eSIM","Europe (35 areas) 1GB 7 Days",1,7,1.18,1.18,,yes
italy,"nadanada","eSIM, 1GB, 7 Days, Italy",1,7,1.19,1.19,,no
italy,"nadanada","eSIM, 1GB, 7 Days, Europe Extra",1,7,1.19,1.19,,no
italy,"4S eSIM","Italy 1GB - 1 Day",1,1,1.19,1.19,,no
italy,"4S eSIM","Europe+ 1GB - 1 Day",1,1,1.19,1.19,,no
italy,"Ubigi","",10,30,12,1.2,,yes
italy,"voilà","",1,7,1.2,1.2,,yes
italy,"Bloomy eSIM","Italy Unlimited (1GB/day) 1 Day",1,1,1.2,1.2,,yes
italy,"Billion Connect","Italy eSIM 1 Day 1GB/Day",1,1,1.21,1.21,,yes
italy,"Connect Me Guru","Italy 1GB/Day",1,1,1.21,1.21,,yes
italy,"4S eSIM","Europe+ 1GB - 5 Days",1,5,1.21,1.21,,no
italy,"Tripuck eSIM","Europe 1 GB / 1 Days",1,1,1.21,1.21,,yes
italy,"Bloomy eSIM","Europe (33 areas) 1GB 7 Days",1,7,1.21,1.21,,yes
italy,"4S eSIM","Italy 1GB - 5 Days",1,5,1.22,1.22,,no
italy,"bndless","Italy 1GB/Day",1,1,1.22,1.22,,yes
italy,"Tripuck eSIM","Europe 1 GB / 7 Days",1,7,1.23,1.23,,no
italy,"4S eSIM","Europe+ 1GB - 7 Days",1,7,1.24,1.24,,no
italy,"SeferESIM","Europe (35 areas) 1GB 7Days",1,7,1.24,1.24,,yes
italy,"Hiroaming","Europe (35 areas) 1GB/Day FUP1Mbps",1,1,1.24,1.24,,no
italy,"Tripuck eSIM","Europe 1 GB / 7 Days",1,7,1.24,1.24,,yes
italy,"Tripuck eSIM","Europe 1 GB / 7 Days",1,7,1.24,1.24,,yes
italy,"LimitSIM","Italy 0.49GB",0.5,1,0.62559695,1.246,,yes
italy,"4S eSIM","Italy 1GB - 7 Days",1,7,1.25,1.25,,no
italy,"Connect Me Guru","Italy 1GB 7Days",1,7,1.26,1.26,,yes
italy,"ASIMGO","eSIM Europe - 32 Countries - 1 Day / Daily 1GB",1,1,1.26,1.26,,yes
italy,"IbridMarket","Italy 1GB/Day",1,1,1.26,1.26,,no
italy,"SeferESIM","Italy 1GB/Day FUP1Mbps",1,1,1.26,1.26,,yes
italy,"Bloomy eSIM","Europe (35 areas) Unlimited (1GB/day) 1 Day",1,1,1.27,1.27,,yes
italy,"SeferESIM","Italy 500MB/Day",0.5,1,0.64,1.28,,yes
italy,"bndless","Italy 1GB 7Days",1,7,1.28,1.28,,yes
italy,"SeferESIM","Europe (33 areas) 1GB 7Days",1,7,1.28,1.28,,yes
italy,"abesteSIM","eSIM Italy - 5 Days / Total 1GB",1,5,1.2813993742121839,1.281,,yes
italy,"abesteSIM","eSIM Asia+Europe 52 Regions - 1 Day / Daily 1GB",1,1,1.2892127850305508,1.289,,yes
italy,"MegaEsim","Italy 1 GB, 1 day",1,1,1.29,1.29,,yes
italy,"MegaEsim","Italy 1 GB, 7 days",1,7,1.29,1.29,,yes
italy,"MegaEsim","Italy Unlimited, 1 day (1 GB/day full speed)",1,1,1.29,1.29,,yes
italy,"MegaEsim","Europe Unlimited, 1 day (1 GB/day full speed)",1,1,1.29,1.29,,no
italy,"Landed eSIM","Italy 1GB/day · 1 day",1,1,1.29,1.29,,yes
italy,"Hiroaming","Europe (33 areas) 1GB/Day FUP1Mbps",1,1,1.29,1.29,,no
italy,"MicroEsim","Europe eSIM 33 Countries - 3 Days / Total 1GB",1,3,1.3,1.3,,yes
italy,"voilà","",1,7,1.3,1.3,,no
italy,"Billion Connect","Global eSIM [19 Regions] 3 Days 1GB",1,3,1.3,1.3,,yes
italy,"IbridMarket","Italy 1GB 7Days",1,7,1.3,1.3,,no
italy,"abesteSIM","eSIM World 45 Regions - 1 Day / Daily 1GB",1,1,1.3126530174856517,1.313,,yes
italy,"Superalink","Italy - Regular",0.5,1,0.66,1.32,,yes
italy,"RedEx eSIM","Italy 1GB/Day FUP1Mbps",1,1,1.32,1.32,,yes
italy,"Bloomy eSIM","Europe (33 areas) Unlimited (1GB/day) 1 Day",1,1,1.32,1.32,,yes
italy,"FullBars","Italy 1GB · 7 days",1,7,1.3210298804225626,1.321,,yes
italy,"Connect Me Guru","Europe (35 areas) 1GB 7Days",1,7,1.33,1.33,,no
italy,"Tripuck eSIM","Italy 1 GB / 3 Days",1,3,1.33,1.33,,yes
italy,"abesteSIM","eSIM Europe (41 Countries) - 1 Day / Daily 1GB",1,1,1.3360932499407527,1.336,,yes
italy,"MicroEsim","Italy eSIM 5G - 5 Days / Total 1GB",1,5,1.34,1.34,,yes
italy,"Yoho Mobile","52-Country eSIM 1GB 7Day",1,7,1.34,1.34,,yes
italy,"SparkRoam","Italy eSIM 1 GB 7 Days",1,7,1.34,1.34,,yes
italy,"Connect Me Guru","Italy 1GB/Day FUP1Mbps",1,1,1.35,1.35,,yes
italy,"Superalink","Italy - Regular",0.5,3,0.68,1.36,,yes
italy,"Connect Me Guru","Europe (33 areas) 1GB 7Days",1,7,1.36,1.36,,no
italy,"SeferESIM","Europe (35 areas) 1GB/Day FUP1Mbps",1,1,1.36,1.36,,yes
italy,"Manet Travel","Local Italy - 7 Days - 1 GB",1,7,1.3649388,1.365,,no
italy,"eSIMNow","Italy 1GB 7Days",1,7,1.37,1.37,,yes
italy,"IbridMarket","Europe (35 areas) 1GB 7Days",1,7,1.37,1.37,,no
italy,"eSIM4Travel","Italy (Vodafone, Wind, TIM, Iliad Italia) - 1GB/7Days",1,7,1.37,1.37,,yes
italy,"Earth Esim","500MB/1 Day Italy 5G eSIM",0.5,1,0.69,1.38,,yes
italy,"IbridMarket","Italy 1GB/Day FUP1Mbps",1,1,1.38,1.38,,no
italy,"MicroEsim","Europe eSIM 33 Countries - 5 Days / Total 1GB",1,5,1.39,1.39,,yes
italy,"eSIMCard","1GB eSIM Data for 3 Days in Italy",1,3,1.39,1.39,,yes
italy,"MicroEsim","Europe eSIM 5G 41 Countries - 1 Day / Daily 1GB",1,1,1.39,1.39,,yes
italy,"AdventureSIMs","Italy 1GB 7 Days",1,7,1.394193605808556,1.394,,yes
italy,"AdventureSIMs","Europe Saver 1GB 7 Days",1,7,1.394193605808556,1.394,,yes
italy,"Superalink","Italy - Regular",0.5,5,0.7,1.4,,yes
italy,"Voyasim","Italy 1GB 7Days",1,7,1.4,1.4,,yes
italy,"Voyasim","Italy 1GB/Day",1,1,1.4,1.4,,yes
italy,"ASIMGO","eSIM Italy - 5 Days / Total 1GB",1,5,1.4,1.4,,yes
italy,"IbridMarket","Europe (33 areas) 1GB 7Days",1,7,1.4,1.4,,no
italy,"mobineX","Unlimited Standard",1,1,1.4,1.4,,yes
italy,"bndless","Europe (35 areas) 1GB 7Days",1,7,1.4,1.4,,yes
italy,"RedEx eSIM","Europe (35 areas) 1GB/Day FUP1Mbps",1,1,1.4,1.4,,yes
italy,"Yoho Mobile","29-Country eSIM 1GB/Day 1Day",1,1,1.4,1.4,,yes
italy,"Yoho Mobile","8-Country eSIM 1GB/Day 1Day",1,1,1.4,1.4,,yes
italy,"AlpineSIM","AlpineSIM Europe(30+ areas) - 1GB / 7 Days",1,7,1.4,1.4,,yes
italy,"Tripuck eSIM","Balkans 1 GB / 7 Days",1,7,1.4,1.4,,yes
italy,"TravelGator eSIM","Europe eSIM Roaming Data",1,30,1.4064139473060555,1.406,,no
italy,"ASIMGO","eSIM Asia&amp;Europe - 54 Countries - 1 Day / Daily 1GB",1,1,1.41,1.41,,yes
italy,"Yatelo","ITA 1GB 7 Days",1,7,1.41,1.41,,yes
italy,"Connect Me Guru","Europe (35 areas) 1GB/Day FUP1Mbps",1,1,1.42,1.42,,no
italy,"bndless","Italy 1GB/Day",1,1,1.42,1.42,,yes
italy,"SeferESIM","Europe (33 areas) 1GB/Day FUP1Mbps",1,1,1.42,1.42,,yes
italy,"Esoim","Italy eSIM 1 GB (1 Days)",1,1,1.42181125,1.422,,no
italy,"Billion Connect","Italy eSIM 3 Days 1GB",1,3,1.43,1.43,,yes
italy,"Flysimio","Italy 1GB 7Days",1,7,1.43,1.43,,yes
italy,"SparkRoam","Europe (33) · 1 GB · 7 days",1,7,1.43,1.43,,yes
italy,"eSIM Agora","Italy 1GB/Day FUP1Mbps",1,1,1.4331857399999999,1.433,,no
italy,"abesteSIM","eSIM Europe (49 Destinations) - 1 Day / Daily 1GB",1,1,1.4376675905795233,1.438,,yes
italy,"Superalink","Italy - Regular",0.5,7,0.72,1.44,,yes
italy,"bndless","Italy 500MB/Day",0.5,1,0.72,1.44,,yes
italy,"bndless","Europe (33 areas) 1GB 7Days",1,7,1.44,1.44,,yes
italy,"RedEx eSIM","Europe (33 areas) 1GB/Day FUP1Mbps",1,1,1.44,1.44,,yes
italy,"SimSmash","Italy Daily Unlimited 0.49GB/day for 1 Days",0.49,1,0.71,1.449,,yes
italy,"IbridMarket","Europe (35 areas) 1GB/Day FUP1Mbps",1,1,1.45,1.45,,no
italy,"LimitSIM","Europe 1GB",1,7,1.45593472,1.456,,no
italy,"Yatelo","EUR 1GB 7 Days",1,7,1.46,1.46,,yes
italy,"TravelGator eSIM","Italy eSIM Roaming Data",1,1,1.4689212338529911,1.469,,no
italy,"Tripuck eSIM","Italy 502 MB / 1 Days",0.5,1,0.82,1.633,,yes
italy,"RedEx eSIM","Italy 500MB/Day",0.5,1,0.83,1.66,,yes
italy,"MicroEsim","Italy eSIM 5G - 1 Day / Daily 500MB",0.5,1,0.84,1.68,,yes
italy,"MicroEsim","Europe eSIM 36 Countries - 1 Day / Daily 500MB",0.5,1,0.85,1.7,,yes
italy,"MicroEsim","Europe eSIM 33 Countries - 1 Day / Daily 500MB",0.5,1,0.86,1.72,,yes
italy,"Connect Me Guru","Italy 500MB/Day",0.5,1,0.88,1.76,,yes
italy,"LimitSIM","Europe 0.49GB",0.5,1,0.9327081799999999,1.858,,no
italy,"IbridMarket","Italy 500MB/Day",0.5,1,0.95,1.9,,no
italy,"Tripuck eSIM","Europe 502 MB / 1 Days",0.5,1,0.97,1.932,,no
italy,"MicroEsim","Europe eSIM 5G 41 Countries - 1 Day / Daily 500MB",0.5,1,0.99,1.98,,yes
italy,"Landed eSIM","Italy 500MB/day · 1 day",0.5,1,0.99,1.98,,yes
italy,"MoodSIM","Italy Unlimited (500 MB/day, then 512 Kbps) 1 Day",0.5,1,0.99,1.98,,yes
italy,"AlpineSIM","AlpineSIM Europe(30+ areas) - 300MB/Day / 1 Days",0.3,1,0.61,2.033,,yes
italy,"MicroEsim","Europe eSIM 42 Countries - 1 Day / Daily 500MB",0.5,1,1.02,2.04,,yes
italy,"Wiiline","for Italy 1 Days 0.49GB - 1 490 MB",0.49,1,1,2.041,,no
italy,"abesteSIM","eSIM Italy - 1 Day / Total 200MB",0.2,1,0.4141107733734497,2.071,,yes
italy,"abesteSIM","eSIM Europe (41 Countries) - 1 Day / Total 200MB",0.2,1,0.42192418419181665,2.11,,yes
italy,"eSIMNow","Italy 500MB/Day for 1 Day",0.5,1,1.08,2.16,,yes
italy,"MicroEsim","Europe eSIM 5G 49 Destinations - 1 Day / Daily 500MB",0.5,1,1.08,2.16,,yes
italy,"AlpineSIM","AlpineSIM Europe(30+ areas) - 500MB/Day / 1 Days",0.5,1,1.11,2.22,,yes
italy,"eSIM2Me","Italy 500MB/Day",0.5,1,1.13,2.26,,yes
italy,"abesteSIM","eSIM Europe (36 Countries) - 2 Days / Daily 500MB",0.5,2,1.1798250335734133,2.36,,yes
italy,"ASIMGO","eSIM World - 45 Countries - 1 Day / Daily 500MB",0.5,1,1.24,2.48,,yes
italy,"abesteSIM","eSIM Italy - 3 Days / Daily 500MB",0.5,3,1.2892127850305508,2.578,,no
italy,"AlpineSIM","AlpineSIM Italy - 500MB/Day / 3 Days",0.5,3,1.29,2.58,,yes
italy,"ASIMGO","eSIM Europe (36 Countries) - 2 Days / Daily 500MB",0.5,2,1.3,2.6,,yes
italy,"AirPlans","Italy 500MB 1 Day",0.5,1,1.33,2.66,,yes
italy,"ASIMGO","eSIM Italy - 1 Day / Total 200MB",0.2,1,0.54,2.7,,yes
italy,"ASIMGO","eSIM Europe (41 Countries) - 1 Day / Total 200MB",0.2,1,0.54,2.7,,yes
italy,"abesteSIM","eSIM Europe (32 Countries) - 3 Days / Daily 500MB",0.5,3,1.3517200715774866,2.703,,yes
italy,"Hiroaming","Europe(30+ areas) 300MB/Day",0.3,1,0.82,2.733,,no
italy,"ASIMGO","eSIM Italy - 3 Days / Daily 500MB",0.5,3,1.41,2.82,,no
italy,"MicroEsim","Italy eSIM 5G - 3 Days / Daily 500MB",0.5,3,1.41,2.82,,no
italy,"abesteSIM","eSIM Europe (36 Countries) - 3 Days / Daily 500MB",0.5,3,1.4220407689427894,2.844,,yes
italy,"Hiroaming","Europe(30+ areas) 500MB/Day",0.5,1,1.45,2.9,,no
italy,"LimitSIM","Europe(30+ areas) 300MB/Day",0.3,1,0.87583573,2.919,,no
italy,"SeferESIM","Europe(30+ areas) 300MB/Day",0.3,1,0.9,3,,yes
italy,"Tripuck eSIM","Europe 297 MB / 1 Days",0.3,1,0.95,3.199,,yes
italy,"MoodSIM","Europe Unlimited (300 MB/day, then 384 Kbps) 1 Day",0.3,1,0.99,3.3,,yes
italy,"bndless","Europe(30+ areas) 300MB/Day",0.3,1,1.01,3.367,,yes
italy,"Connect Me Guru","Europe(30+ areas) 300MB/Day",0.3,1,1.08,3.6,,no
italy,"Voyasim","Europe(30+ areas) 300MB/Day",0.3,1,1.1,3.667,,yes
italy,"IbridMarket","Europe(30+ areas) 300MB/Day",0.3,1,1.13,3.767,,no
italy,"eSIMNow","Europe(30+ areas) 300MB/Day for 1 Day",0.3,1,1.17,3.9,,yes
italy,"ESIM.DOG 🐶","⚡️ [5G] TIM/Wind Italy - Best 5G Coverage (100MB/30Days) - Black route",0.1,30,0.56,5.6,,yes
italy,"Superalink","Italy - Regular",0.1,1,0.63,6.3,,yes
italy,"Superalink","Italy - Regular",0.1,3,0.65,6.5,,yes
italy,"Superalink","Italy - Regular",0.1,5,0.67,6.7,,yes
italy,"Superalink","Italy - Regular",0.1,7,0.69,6.9,,yes
italy,"ESIM.DOG 🐶","⚡️ [5G] TIM/Wind Italy - Best 5G Coverage (100MB/90Days) - Black route",0.1,90,0.98,9.8,,yes
italy,"StaffTraveler eSIM","StaffTraveler eSIM 100 MB",0.1,365,0.99,9.9,,no
italy,"Zwitchy","Italy · 100 MB · 1 day",0.1,1,1,10,,yes
japan,"ESIM.DOG 🐶","⚡️ Best Coverage in Japan (3GB/1Days) - Pink route",3,1,1.11,0.37,,no
japan,"Stellar eSim","Japan 3GB 1Days + Free Stellar VPN",3,1,1.11470002,0.372,,no
japan,"Stellar eSim","Japan 4GB 20Days + Free Stellar VPN",4,20,1.54693064,0.387,,no
japan,"ESIM.DOG 🐶","⚡️ Best Coverage in Japan (3GB/3Days) - Pink route",3,3,1.44,0.48,,no
japan,"Stellar eSim","Japan 3GB 15Days + Free Stellar VPN",3,15,1.44456023,0.482,,no
japan,"Stellar eSim","Japan 3GB 15Days (nonhkip) + Free Stellar VPN",3,15,1.44456023,0.482,,no
japan,"Stellar eSim","Japan 3GB 15Days (IIJ) + Free Stellar VPN",3,15,1.44456023,0.482,,no
japan,"MicroEsim","Japan eSIM 5G SoftBank / KDDI - 1 Day / Daily 3GB",3,1,1.54,0.513,,yes
japan,"ESIM.DOG 🐶","⚡️ [5G] SoftBank Japan &amp; more - Best 5G Coverage (3GB/15Days) - Blue route",3,15,1.54,0.513,,yes
japan,"ESIM.DOG 🐶","⚡️ Best Coverage in Japan (3GB/5Days) - Pink route",3,5,1.54,0.513,,no
japan,"Stellar eSim","Japan eSIM Unlimited - 1 day",3,1,1.5583051300000001,0.519,,no
japan,"Superalink","South Korea/Japan - 3GB/day",3,1,1.69,0.563,,yes
japan,"Superalink","Japan - 3GB/day",3,1,1.69,0.563,,yes
japan,"ESIM.DOG 🐶","⚡️ Best Coverage in Japan (1GB/1Days) - Pink route",1,1,0.61,0.61,,no
japan,"ESIM.DOG 🐶","🛜 SoftBank Japan Japan - Essential Coverage (1GB/2Days) - Amber route",1,2,0.61,0.61,,yes
japan,"abesteSIM","eSIM Japan - 3 Days / Total 1GB",1,3,0.625072865469358,0.625,,no
japan,"abesteSIM","eSIM Japan - 1 Day / Daily 2GB",2,1,1.2892127850305508,0.645,,yes
japan,"ESIM.DOG 🐶","⚡️ [5G] SoftBank Japan &amp; more - Best 5G Coverage (1GB/7Days) - Blue route",1,7,0.67,0.67,,yes
japan,"Stellar eSim","Japan 1GB 7Days + Free Stellar VPN",1,7,0.6824694,0.682,,no
japan,"Stellar eSim","Japan 1GB 7Days (nonhkip) + Free Stellar VPN",1,7,0.6824694,0.682,,no
japan,"Stellar eSim","Japan 1GB 7Days (IIJ) + Free Stellar VPN",1,7,0.6824694,0.682,,no
japan,"eSIM4Travel","Japan (Softbank, KDDI) - 1GB/7Days",1,7,0.69,0.69,,yes
japan,"Superalink","Japan - 2GB/day",2,1,1.39,0.695,,yes
japan,"MicroEsim","Japan eSIM 5G SoftBank / KDDI - 1 Day / Daily 2GB",2,1,1.41,0.705,,yes
japan,"ESIM.DOG 🐶","🛜 SoftBank Japan - Essential Coverage (2GB/15Days) - Amber route",2,15,1.44,0.72,,yes
japan,"ESIM.DOG 🐶","🛜 SoftBank Japan Japan - Essential Coverage (2GB/7Days) - Amber route",2,7,1.44,0.72,,yes
japan,"ESIM.DOG 🐶","🛜 SoftBank Japan Japan - Essential Coverage (2GB/14Days) - Amber route",2,14,1.44,0.72,,yes
japan,"TravelGator eSIM","Japan eSIM Roaming Data",2,1,1.476734644671358,0.738,,no
japan,"Superalink","South Korea/Japan - 2GB/day",2,1,1.49,0.745,,yes
japan,"Superalink","South Korea/Japan - Regular",1,1,0.75,0.75,,yes
japan,"Superalink","Japan - Regular",1,1,0.75,0.75,,yes
japan,"Superalink","South Korea/Japan - Regular",2,1,1.51,0.755,,yes
japan,"Superalink","Japan - Regular",2,1,1.51,0.755,,yes
japan,"Superalink","South Korea/Japan - Regular",2,3,1.53,0.765,,yes
japan,"Superalink","Japan - Regular",2,3,1.53,0.765,,yes
japan,"Superalink","South Korea/Japan - Regular",1,3,0.77,0.77,,yes
japan,"Superalink","Japan - Regular",1,3,0.77,0.77,,yes
japan,"ESIM.DOG 🐶","🛜 SoftBank Japan Japan - Essential Coverage (2GB/20Days) - Amber route",2,20,1.54,0.77,,yes
japan,"TravelGator eSIM","Japan eSIM Roaming Data",1,1,0.7735276710183305,0.774,,no
japan,"Superalink","South Korea/Japan - Regular",2,5,1.57,0.785,,yes
japan,"Superalink","Japan - Regular",2,5,1.57,0.785,,yes
japan,"Superalink","South Korea/Japan - Regular",1,5,0.79,0.79,,yes
japan,"Superalink","Japan - Regular",1,5,0.79,0.79,,yes
japan,"Superalink","South Korea/Japan - Regular",2,7,1.6,0.8,,yes
japan,"Superalink","Japan - Regular",2,7,1.6,0.8,,yes
japan,"Stellar eSim","Japan 2GB 15Days + Free Stellar VPN",2,15,1.61517758,0.808,,no
japan,"Superalink","South Korea/Japan - Regular",2,10,1.62,0.81,,yes
japan,"Superalink","Japan - Regular",2,10,1.62,0.81,,yes
japan,"abesteSIM","eSIM China Mainland &amp; Japan &amp; South Korea (Support Tiktok) - 1 Day / Daily 500MB",0.5,1,0.4062973625550827,0.813,,yes
japan,"Stellar eSim","Japan 2GB 20Days + Free Stellar VPN",2,20,1.6265520699999998,0.813,,no
japan,"ESIM.DOG 🐶","🛜 SoftBank Japan Japan - Essential Coverage (2GB/25Days) - Amber route",2,25,1.63,0.815,,yes
japan,"Stellar eSim","Japan 2GB 30Days + Free Stellar VPN",2,30,1.63792656,0.819,,no
japan,"Superalink","South Korea/Japan - Regular",1,7,0.82,0.82,,yes
japan,"Superalink","Japan - Regular",1,7,0.82,0.82,,yes
japan,"Superalink","South Korea/Japan - Regular",2,15,1.64,0.82,,yes
japan,"Superalink","Japan - Regular",2,15,1.64,0.82,,yes
japan,"Superalink","South Korea/Japan - Regular",1,10,0.83,0.83,,yes
japan,"Superalink","Japan - Regular",1,10,0.83,0.83,,yes
japan,"Superalink","South Korea/Japan - Regular",2,20,1.66,0.83,,yes
japan,"Superalink","Japan - Regular",2,20,1.66,0.83,,yes
japan,"Superalink","South Korea/Japan - Regular",2,30,1.68,0.84,,yes
japan,"Superalink","Japan - Regular",2,30,1.68,0.84,,yes
japan,"Superalink","South Korea/Japan - Regular",1,15,0.85,0.85,,yes
japan,"Superalink","Japan - Regular",1,15,0.85,0.85,,yes
japan,"ESIM.DOG 🐶","🛜 SoftBank Japan Japan - Essential Coverage (1GB/20Days) - Amber route",1,20,0.85,0.85,,yes
japan,"abesteSIM","eSIM Japan - 1 Day / Daily 500MB",0.5,1,0.42973759501018366,0.859,,yes
japan,"abesteSIM","eSIM Japan &amp; South Korea - 1 Day / Daily 500MB",0.5,1,0.42973759501018366,0.859,,yes
japan,"abesteSIM","eSIM Asia+Europe 52 Regions - 1 Day / Daily 500MB",0.5,1,0.42973759501018366,0.859,,yes
japan,"abesteSIM","eSIM Global (66 Destinations) - 1 Day / Daily 500MB",0.5,1,0.42973759501018366,0.859,,yes
japan,"Superalink","South Korea/Japan - Regular",1,20,0.86,0.86,,yes
japan,"Superalink","Japan - Regular",1,20,0.86,0.86,,yes
japan,"ESIM.DOG 🐶","🛜 SoftBank Japan Japan - Essential Coverage (1GB/25Days) - Amber route",1,25,0.86,0.86,,yes
japan,"ESIM.DOG 🐶","🛜 SoftBank Japan - Essential Coverage (1GB/30Days) - Amber route",1,30,0.86,0.86,,yes
japan,"Superalink","South Korea/Japan - Regular",1,30,0.87,0.87,,yes
japan,"Superalink","Japan - Regular",1,30,0.87,0.87,,yes
japan,"abesteSIM","eSIM Asia (27 Regions, Support Tiktok) - 1 Day / Daily 500MB",0.5,1,0.4766180599203855,0.953,,yes
japan,"ASIMGO","eSIM Japan - 5 Days / Total 1GB",1,5,0.99,0.99,,no
japan,"AlpineSIM","AlpineSIM Japan - 1GB / 7 Days",1,7,0.99,0.99,,yes
japan,"Voyasim","Japan 500MB 7Days",0.5,7,0.5,1,,yes
japan,"Orange Travel","Japan 1GB",1,7,1,1,,no
japan,"Orbit Mobile","Global Pass",1,1,1,1,,no
japan,"ROWM","Japan Daily",1,1,1,1,,no
japan,"MicroEsim","Japan eSIM 5G SoftBank / KDDI - 1 Day / Daily 1GB",1,1,1.02,1.02,,yes
japan,"TravelGator eSIM","Japan eSIM Roaming Data",1,3,1.0469970496611747,1.047,,no
japan,"Yoho Mobile","JP eSIM 1GB/Day 1Day",1,1,1.07,1.07,,yes
japan,"Yoho Mobile","4-Country eSIM 1GB/Day 1Day",1,1,1.07,1.07,,yes
japan,"ASIMGO","eSIM Japan - 1 Day / Daily 500MB",0.5,1,0.54,1.08,,yes
japan,"abesteSIM","eSIM Japan - 1 Day / Daily 1GB",1,1,1.0938775145713764,1.094,,yes
japan,"ESIM.DOG 🐶","⚡️ [5G] SoftBank Japan &amp; more - Best 5G Coverage (500MB/7Days) - Blue route",0.5,7,0.55,1.1,,no
japan,"ESIM.DOG 🐶","🛜 SoftBank Japan Japan - Essential Coverage (500MB/2Days) - Amber route",0.5,2,0.55,1.1,,yes
japan,"ESIM.DOG 🐶","🛜 SoftBank Japan Japan - Essential Coverage (500MB/3Days) - Amber route",0.5,3,0.55,1.1,,yes
japan,"SimSmash","Japan 1GB for 7 Days",1,7,1.11,1.11,,yes
japan,"ASIMGO","eSIM Japan &amp; South Korea - 1 Day / Daily 500MB",0.5,1,0.56,1.12,,yes
japan,"ASIMGO","eSIM Asia&amp;Europe - 54 Countries - 1 Day / Daily 500MB",0.5,1,0.56,1.12,,yes
japan,"AlpineSIM","AlpineSIM Japan - 500MB / 7 Days",0.5,7,0.56,1.12,,yes
japan,"Stellar eSim","Japan &amp; South Korea 1GB 7Days + Free Stellar VPN",1,7,1.137449,1.137,,no
japan,"Stellar eSim","Japan &amp; South Korea eSIM Unlimited - 1 day",1,1,1.137449,1.137,,no
japan,"abesteSIM","eSIM Japan &amp; South Korea - 1 Day / Daily 1GB",1,1,1.1407579794815783,1.141,,yes
japan,"MicroEsim","Japan eSIM 5G SoftBank / KDDI - 5 Days / Total 1GB",1,5,1.17,1.17,,no
japan,"Yoho Mobile","12-Country eSIM 1GB 7Day",1,7,1.18,1.18,,yes
japan,"Yoho Mobile","JP eSIM 1GB 7Day",1,7,1.18,1.18,,yes
japan,"Yoho Mobile","9-Country eSIM 1GB 7Day",1,7,1.18,1.18,,yes
japan,"Yoho Mobile","10-Country eSIM 1GB 7Day",1,7,1.18,1.18,,yes
japan,"Yoho Mobile","4-Country eSIM 1GB 7Day",1,7,1.18,1.18,,yes
japan,"Yoho Mobile","3-Country eSIM 1GB 7Day",1,7,1.18,1.18,,yes
japan,"eSIM4Travel","Japan (Softbank, KDDI) - 1GB/1Days",1,1,1.18,1.18,,yes
japan,"Superalink","South Korea/Japan - 1GB/day",1,1,1.19,1.19,,yes
japan,"Superalink","Japan - 1GB/day",1,1,1.19,1.19,,yes
japan,"abesteSIM","eSIM Japan - 5 Days / Total 1GB",1,5,1.1954518552101472,1.195,,no
japan,"mobineX","Unlimited Standard",1,1,1.2,1.2,,yes
japan,"mobineX","Unlimited Standard",1,1,1.2,1.2,,yes
japan,"Roaming4You","Japan Unlimited Data - 1 Day",1,1,1.2,1.2,,yes
japan,"Tripuck eSIM","Japan 1 GB / 7 Days",1,7,1.2,1.2,,yes
japan,"MicroEsim","Japan &amp; South Korea eSIM 5G - 5 Days / Total 1GB",1,5,1.21,1.21,,yes
japan,"Tripuck eSIM","Japan 1 GB/day / 1 Days",1,1,1.24,1.24,,yes
japan,"Ozly eSIM","Japan 1GB 7Days (IIJ)",1,7,1.25,1.25,,yes
japan,"AdventureSIMs","Japan 1GB 7 Days",1,7,1.2540736454257866,1.254,,yes
japan,"ASIMGO","eSIM Japan &amp; South Korea - 1 Day / Daily 1GB",1,1,1.26,1.26,,yes
japan,"abesteSIM","eSIM Asia+Europe 52 Regions - 1 Day / Daily 1GB",1,1,1.2892127850305508,1.289,,yes
japan,"MegaEsim","Japan 1 GB, 1 day",1,1,1.29,1.29,,yes
japan,"MegaEsim","Japan 1 GB, 7 days",1,7,1.29,1.29,,yes
japan,"MegaEsim","Japan Unlimited, 1 day (1 GB/day full speed)",1,1,1.29,1.29,,yes
japan,"iRoamly","Japan-eSIM-1GB-1 Day-Daily",1,1,1.3,1.3,,yes
japan,"Billion Connect","Global eSIM [19 Regions] 3 Days 1GB",1,3,1.3,1.3,,yes
japan,"Billion Connect","Japan 5G eSIM [SoftBank] 1 Day 1GB/Day",1,1,1.3,1.3,,yes
japan,"Tripuck eSIM","Japan 1 GB / 1 Days",1,1,1.3,1.3,,yes
japan,"Bloomy eSIM","Japan 1GB 7 Days",1,7,1.3,1.3,,yes
japan,"Yoho Mobile","9-Country eSIM 1GB/Day 1Day",1,1,1.31,1.31,,yes
japan,"Superalink","South Korea/Japan - Regular",0.5,1,0.66,1.32,,yes
japan,"Superalink","Japan - Regular",0.5,1,0.66,1.32,,yes
japan,"TravelGator eSIM","Japan eSIM Roaming Data",1,5,1.3282798391223856,1.328,,no
japan,"ASIMGO","eSIM Japan &amp; South Korea - 5 Days / Total 1GB",1,5,1.33,1.33,,yes
japan,"MicroEsim","Japan &amp; South Korea eSIM 5G - 1 Day / Daily 1GB",1,1,1.33,1.33,,yes
japan,"Yoho Mobile","14-Country eSIM 1GB 7Day",1,7,1.34,1.34,,yes
japan,"Yoho Mobile","52-Country eSIM 1GB 7Day",1,7,1.34,1.34,,yes
japan,"Yoho Mobile","13-Country eSIM 1GB 7Day",1,7,1.34,1.34,,yes
japan,"ASIMGO","eSIM Japan - 3 Days / Total 1GB",1,3,1.34,1.34,,yes
japan,"AlpineSIM","AlpineSIM Japan - 1GB/Day / 1 Days",1,1,1.34,1.34,,yes
japan,"AlpineSIM","AlpineSIM Asia (14 areas) - 1GB / 7 Days",1,7,1.34,1.34,,yes
japan,"GlobaleSIM","Far East",10,30,13.6,1.36,,no
japan,"Superalink","South Korea/Japan - Regular",0.5,3,0.68,1.36,,yes
japan,"Superalink","Japan - Regular",0.5,3,0.68,1.36,,yes
japan,"AlpineSIM","AlpineSIM Japan - 500MB/Day / 1 Days",0.5,1,0.68,1.36,,yes
japan,"abesteSIM","eSIM Japan - 7 Days / Total 1GB",1,7,1.3595334823958536,1.36,,yes
japan,"LimitSIM","Japan 1GB",1,7,1.3649388,1.365,,yes
japan,"Tripuck eSIM","Japan 1 GB / 3 Days",1,3,1.39,1.39,,yes
japan,"ASIMGO","eSIM Japan - 1 Day / Daily 1GB",1,1,1.39,1.39,,yes
japan,"Tripuck eSIM","Multi-Region 1 GB / 7 Days",1,7,1.39,1.39,,no
japan,"TravelGator eSIM","Japan eSIM Roaming Data",1,7,1.3986005364876886,1.399,,no
japan,"Stellar eSim","China mainland &amp; Japan &amp; South Korea 1GB 7Days + Free Stellar VPN",1,7,1.39906227,1.399,,no
japan,"Ubigi","",10,7,14,1.4,,yes
japan,"Superalink","South Korea/Japan - Regular",0.5,5,0.7,1.4,,yes
japan,"Superalink","Japan - Regular",0.5,5,0.7,1.4,,yes
japan,"voilà","",1,7,1.4,1.4,,yes
japan,"SeferESIM","Japan 1GB 7Days",1,7,1.4,1.4,,yes
japan,"SeferESIM","Japan 1GB 7Days (IIJ)",1,7,1.4,1.4,,yes
japan,"SimSmash","Japan Daily Unlimited 1GB/day for 1 Days",1,1,1.41,1.41,,yes
japan,"ASIMGO","eSIM Asia&amp;Europe - 54 Countries - 1 Day / Daily 1GB",1,1,1.41,1.41,,yes
japan,"abesteSIM","eSIM China Mainland &amp; Japan &amp; South Korea (Support Tiktok) - 1 Day / Daily 1GB",1,1,1.4142273581244225,1.414,,yes
japan,"Esoim","Japan eSIM 1 GB (1 Days)",1,1,1.42181125,1.422,,no
japan,"abesteSIM","eSIM Japan - 10 Days / Total 1GB",1,10,1.4298541797611564,1.43,,yes
japan,"AlpineSIM","AlpineSIM Asia (14 areas) - 1GB/Day / 1 Days",1,1,1.43,1.43,,yes
japan,"Superalink","South Korea/Japan - Regular",0.5,7,0.72,1.44,,yes
japan,"Superalink","Japan - Regular",0.5,7,0.72,1.44,,yes
japan,"Yoho Mobile","10-Country eSIM 1GB/Day 1Day",1,1,1.44,1.44,,yes
japan,"Yoho Mobile","3-Country eSIM 1GB/Day 1Day",1,1,1.44,1.44,,yes
japan,"Tripuck eSIM","Asia 1 GB / 7 Days",1,7,1.44,1.44,,yes
japan,"ESIM888","Japan (1GB/7DAYS)",1,7,1.45,1.45,,no
japan,"Connect Me Guru","Japan 1GB 7Days",1,7,1.45,1.45,,yes
japan,"Connect Me Guru","Japan 1GB 7Days (IIJ)",1,7,1.45,1.45,,yes
japan,"Bloomy eSIM","Japan Unlimited (1GB/day) 1 Day",1,1,1.45,1.45,,yes
japan,"Hiroaming","Japan 500MB 7Days",0.5,7,0.73,1.46,,no
japan,"Tripuck eSIM","Japan 1 GB / 5 Days",1,5,1.47,1.47,,yes
japan,"Stellar eSim","Japan &amp; South Korea 750MB 7Days + Free Stellar VPN",0.75,7,1.10332553,1.471,,no
japan,"Stellar eSim","Japan 500MB 7Days + Free Stellar VPN",0.5,7,0.73934185,1.479,,no
japan,"IbridMarket","Japan 1GB 7Days (IIJ)",1,7,1.48,1.48,,no
japan,"IbridMarket","Japan 1GB 7Days",1,7,1.48,1.48,,no
japan,"Airhub","Japan 1 GB 7 Days",1,7,1.49,1.49,,yes
japan,"MoodSIM","Japan 1 GB 7 Days",1,7,1.49,1.49,,yes
japan,"MoodSIM","Japan Unlimited (1 GB/day, then 384 Kbps) 1 Day",1,1,1.49,1.49,,yes
japan,"MoodSIM","Japan 1 GB 7 Days",1,7,1.49,1.49,,yes
japan,"MoodSIM","Japan Unlimited (1 GB/day, then 1 Mbps) 1 Day",1,1,1.49,1.49,,yes
japan,"MoodSIM","Asia 1 GB 7 Days",1,7,1.49,1.49,,yes
japan,"MoodSIM","Japan 500 MB 7 Days",0.5,7,0.75,1.5,,yes
japan,"mobineX","Unlimited Standard",1,1,1.5,1.5,,yes
japan,"Ozly eSIM","Asia (14 areas) 1GB 7Days",1,7,1.5,1.5,,yes
japan,"abesteSIM","eSIM Japan - 15 Days / Total 1GB",1,15,1.507988287944826,1.508,,yes
japan,"SparkRoam","Japan 1GB 7Days",1,7,1.51,1.51,,yes
japan,"SparkRoam","Japan eSIM 1 GB 7 Days",1,7,1.51,1.51,,yes
japan,"ASIMGO","eSIM China Mainland &amp; Japan &amp; South Korea (Support Tiktok) - 1 Day / Daily 1GB",1,1,1.53,1.53,,yes
japan,"eSIMCard","1GB eSIM Data for 3 Days in Japan",1,3,1.54,1.54,,yes
japan,"Tripuck eSIM","Asia 1 GB / 1 Days",1,1,1.54,1.54,,yes
japan,"Yatelo","JPN 1GB 7 Days",1,7,1.54,1.54,,yes
japan,"ASIMGO","eSIM Japan - 10 Days / Total 1GB",1,10,1.55,1.55,,yes
japan,"abesteSIM","eSIM Japan - 30 Days / Total 1GB",1,30,1.5783089853101289,1.578,,yes
japan,"Superalink","South Korea/Japan - 500MB/day",0.5,1,0.79,1.58,,yes
japan,"Superalink","Japan - 500MB/day",0.5,1,0.79,1.58,,yes
japan,"Earth Esim","500MB/1 Day Japan 5G eSIM",0.5,1,0.79,1.58,,yes
japan,"bndless","Japan 1GB 7Days",1,7,1.58,1.58,,yes
japan,"bndless","Japan 1GB 7Days (IIJ)",1,7,1.58,1.58,,yes
japan,"eSIMNow","Japan 1GB 7Days",1,7,1.59,1.59,,yes
japan,"LimitSIM","Japan 500MB 7Days",0.5,7,0.7962142999999999,1.592,,yes
japan,"SeferESIM","Japan 500MB 7Days",0.5,7,0.8,1.6,,yes
japan,"MATCHA Japan eSIM","eSIM 1GB/day × 1 day",1,1,1.6,1.6,,yes
japan,"iRoamly","Japan-eSIM-1GB-3 Days-Total",1,3,1.6,1.6,,yes
japan,"Connect Me Guru","Japan 1GB/Day FUP1Mbps",1,1,1.6,1.6,,yes
japan,"SeferESIM","Japan 1GB/Day FUP1Mbps",1,1,1.6,1.6,,yes
japan,"TravelGator eSIM","Japan eSIM Roaming Data",1,10,1.6017492177652297,1.602,,no
japan,"Tripuck eSIM","Japan 1 GB / 10 Days",1,10,1.61,1.61,,yes
japan,"MicroEsim","Japan eSIM 5G SoftBank / KDDI - 1 Day / Daily 500MB",0.5,1,0.81,1.62,,yes
japan,"IbridMarket","Japan 1GB/Day FUP1Mbps",1,1,1.62,1.62,,no
japan,"eSIM4Travel","Global 72 - 1GB/7Days",1,7,1.62,1.62,,yes
japan,"4S eSIM","Asia+ 1GB - 1 Day",1,1,1.63,1.63,,no
japan,"ASIMGO","eSIM Japan - 15 Days / Total 1GB",1,15,1.63,1.63,,yes
japan,"ESIM.DOG 🐶","⚡️ [5G] SoftBank Japan Japan - Best 5G Coverage (500MB/10Days) - Black route",0.5,10,0.82,1.64,,yes
japan,"eSIMCard","1GB eSIM Data for 5 Days in Japan",1,5,1.64,1.64,,yes
japan,"ASIMGO","eSIM Japan - 7 Days / Total 1GB",1,7,1.64,1.64,,yes
japan,"Mi eSIM","Unlimited eSIM Data for 1 Day in Japan",1,1,1.6493010499999998,1.649,,yes
japan,"Yoho Mobile","15-Country eSIM 1GB/Day 1Day",1,1,1.65,1.65,,yes
japan,"Yoho Mobile","11-Country eSIM 1GB/Day 1Day",1,1,1.65,1.65,,yes
japan,"Yoho Mobile","12-Country eSIM 1GB/Day 1Day",1,1,1.65,1.65,,yes
japan,"abesteSIM","eSIM Global (66 Destinations) - 1 Day / Daily 1GB",1,1,1.6564430934937988,1.656,,yes
japan,"Bloomy eSIM","Asia (14 areas) 1GB 7 Days",1,7,1.66,1.66,,yes
japan,"ESIM.DOG 🐶","⚡️ [5G] SoftBank Japan Japan - Best 5G Coverage (500MB/15Days) - Black route",0.5,15,0.84,1.68,,yes
japan,"4S eSIM","Asia+ 1GB - 5 Days",1,5,1.68,1.68,,no
japan,"Yoho Mobile","14-Country eSIM 1GB/Day 1Day",1,1,1.68,1.68,,yes
japan,"ASIMGO","eSIM Japan - 30 Days / Total 1GB",1,30,1.69,1.69,,yes
japan,"Tripuck eSIM","Japan 1 GB / 15 Days",1,15,1.69,1.69,,yes
japan,"Bloomy eSIM","Japan Unlimited (1GB/day) 1 Day",1,1,1.69,1.69,,yes
japan,"ESIM.DOG 🐶","⚡️ [5G] SoftBank Japan Japan - Best 5G Coverage (500MB/20Days) - Black route",0.5,20,0.85,1.7,,yes
japan,"Bloomy eSIM","Japan 500MB 7 Days",0.5,7,0.85,1.7,,yes
japan,"ESIM.DOG 🐶","⚡️ [5G] SoftBank Japan Japan - Best 5G Coverage (500MB/30Days) - Black route",0.5,30,0.86,1.72,,yes
japan,"ASIMGO","eSIM Asia (26 Regions, Support Tiktok) - 1 Day / Daily 500MB",0.5,1,0.88,1.76,,yes
japan,"Tripuck eSIM","Japan 502 MB / 7 Days",0.5,7,0.9,1.793,,yes
japan,"bndless","Japan 500MB 7Days",0.5,7,0.9,1.8,,yes
japan,"SimSmash","Japan Daily Unlimited 0.49GB/day for 1 Days",0.49,1,0.89,1.816,,yes
japan,"merdata","eSIM Japan 500 MB 7 days",0.5,7,0.9456158084677951,1.891,,no
japan,"MicroEsim","Japan &amp; South Korea eSIM 5G - 1 Day / Daily 500MB",0.5,1,0.95,1.9,,yes
japan,"Hiroaming","Japan 500MB/Day (nonhkip)",0.5,1,0.95,1.9,,no
japan,"ASIMGO","eSIM Japan &amp; South Korea - 3 Days / Daily 500MB",0.5,3,0.99,1.98,,yes
japan,"ASIMGO","eSIM Asia 22 Regions - 1 Day / Daily 500MB",0.5,1,0.99,1.98,,yes
japan,"MoodSIM","Japan Unlimited (500 MB/day, then 384 Kbps) 1 Day",0.5,1,0.99,1.98,,yes
japan,"MoodSIM","Japan Unlimited (500 MB/day, then 512 Kbps) 1 Day",0.5,1,0.99,1.98,,yes
japan,"MoodSIM","Japan Unlimited (500 MB/day, then 256 Kbps) 1 Day",0.5,1,0.99,1.98,,yes
japan,"Tripuck eSIM","Japan 502 MB / 1 Days",0.5,1,1,1.992,,yes
japan,"Connect Me Guru","Japan 500MB 7Days",0.5,7,1,2,,yes
japan,"SeferESIM","Japan 500MB/Day",0.5,1,1,2,,yes
japan,"SeferESIM","Japan 500MB/Day (IIJ)",0.5,1,1,2,,yes
japan,"SeferESIM","Japan 500MB/Day (nonhkip)",0.5,1,1.04,2.08,,yes
japan,"IbridMarket","Japan 500MB 7Days",0.5,7,1.06,2.12,,no
japan,"Tripuck eSIM","Multi-Region 502 MB / 1 Days",0.5,1,1.07,2.131,,no
japan,"eSIMNow","Japan 500MB 7Days",0.5,7,1.08,2.16,,yes
japan,"bndless","Japan 500MB/Day",0.5,1,1.13,2.26,,yes
japan,"bndless","Japan 500MB/Day (IIJ)",0.5,1,1.13,2.26,,yes
japan,"LimitSIM","SEA 0.49GB",0.5,1,1.137449,2.266,,no
japan,"Connect Me Guru","Japan 500MB/Day",0.5,1,1.15,2.3,,yes
japan,"Connect Me Guru","Japan 500MB/Day (IIJ)",0.5,1,1.15,2.3,,yes
japan,"bndless","Japan 500MB/Day (nonhkip)",0.5,1,1.17,2.34,,yes
japan,"Connect Me Guru","Japan 500MB/Day (nonhkip)",0.5,1,1.19,2.38,,yes
japan,"Superalink","Japan - 500MB/day",0.5,3,1.19,2.38,,yes
japan,"Superalink","South Korea/Japan - 500MB/day",0.5,3,1.19,2.38,,yes
japan,"Voyasim","Japan 500MB/Day (IIJ)",0.5,1,1.2,2.4,,yes
japan,"Voyasim","Japan 500MB/Day",0.5,1,1.2,2.4,,yes
japan,"IbridMarket","Japan 500MB/Day (IIJ)",0.5,1,1.2,2.4,,no
japan,"IbridMarket","Japan 500MB/Day",0.5,1,1.2,2.4,,no
japan,"IbridMarket","Japan 500MB/Day (nonhkip)",0.5,1,1.23,2.46,,no
japan,"eSIMNow","Japan 500MB/Day for 1 Day",0.5,1,1.25,2.5,,yes
japan,"Landed eSIM","Japan 500MB/day · 1 day",0.5,1,1.29,2.58,,yes
japan,"Sim Local","Japan eSIM – Unlimited Data for 10 Days",10,10,26,2.6,,yes
japan,"Voyasim","Japan 500MB/Day (nonhkip)",0.5,1,1.3,2.6,,yes
japan,"abesteSIM","eSIM Japan - 3 Days / Daily 500MB",0.5,3,1.3439066607591197,2.688,,yes
japan,"MicroEsim","Japan eSIM 5G SoftBank / KDDI - 3 Days / Daily 500MB",0.5,3,1.39,2.78,,yes
japan,"AlpineSIM","AlpineSIM Japan - 100MB / 7 Days",0.1,7,0.29,2.9,,yes
japan,"ASIMGO","eSIM Japan - 3 Days / Daily 500MB",0.5,3,1.46,2.92,,yes
japan,"PuraSIM","Japan 500MB 7Days",0.5,7,1.49,2.98,,yes
japan,"Horizon eSIM","Japan 100MB 7Days",0.1,7,0.30711123,3.071,,no
japan,"Horizon eSIM","Japan 500MB 7Days",0.5,7,1.5696796199999998,3.139,,no
japan,"abesteSIM","eSIM Asia+Europe 52 Regions - 3 Days / Daily 500MB",0.5,3,1.5783089853101289,3.157,,yes
japan,"AirPlans","Japan 500MB 1 Day",0.5,1,1.58,3.16,,yes
japan,"DashRoam","Japan 500MB 7Days",0.5,7,1.6,3.2,,yes
japan,"AlpineSIM","AlpineSIM China mainland &amp; Japan &amp; South Korea - 500MB/Day / 1 Days",0.5,1,1.62,3.24,,yes
japan,"MoodSIM","Japan 100 MB 7 Days",0.1,7,0.49,4.9,,yes
japan,"ESIM.DOG 🐶","⚡️ [5G] Global (202 countries) - Best 5G Coverage (300MB/3Days) - Yellow route",0.3,3,1.49,4.967,,yes
japan,"Voyasim","Japan 100MB 7Days",0.1,7,0.5,5,,yes
japan,"Tripuck eSIM","Global 297 MB / 3 Days",0.3,3,1.5,5.051,,yes
japan,"Hiroaming","Japan 100MB 7Days",0.1,7,0.55,5.5,,no
japan,"SeferESIM","Japan 100MB 7Days",0.1,7,0.6,6,,yes
japan,"LimitSIM","Japan 100MB 7Days",0.1,7,0.60284797,6.028,,yes
japan,"Superalink","Japan - Regular",0.1,1,0.63,6.3,,yes
japan,"Superalink","South Korea/Japan - Regular",0.1,1,0.63,6.3,,yes
japan,"Superalink","Japan - Regular",0.1,3,0.65,6.5,,yes
japan,"Superalink","South Korea/Japan - Regular",0.1,3,0.65,6.5,,yes
japan,"Superalink","Japan - Regular",0.1,5,0.67,6.7,,yes
japan,"Superalink","South Korea/Japan - Regular",0.1,5,0.67,6.7,,yes
japan,"bndless","Japan 100MB 7Days",0.1,7,0.68,6.8,,yes
japan,"Superalink","Japan - Regular",0.1,7,0.69,6.9,,yes
japan,"Superalink","South Korea/Japan - Regular",0.1,7,0.69,6.9,,yes
japan,"Bloomy eSIM","Japan 100MB 7 Days",0.1,7,0.7,7,,yes
japan,"Stellar eSim","Japan 100MB 7Days + Free Stellar VPN",0.1,7,0.73934185,7.393,,no
japan,"Superalink","Japan - 2GB/day",2,15,14.79,7.395,,yes
japan,"Tripuck eSIM","Japan 102 MB / 7 Days",0.1,7,0.8,7.843,,yes
japan,"Connect Me Guru","Japan 100MB 7Days",0.1,7,0.85,8.5,,yes
japan,"Roamix","Japan 100MB 7Days",0.1,7,0.85,8.5,,yes
japan,"ESIM.DOG 🐶","⚡️ [5G] SoftBank Japan Japan - Best 5G Coverage (100MB/30Days) - Black route",0.1,30,0.86,8.6,,yes
japan,"eSIMNow","Japan 100MB 7Days",0.1,7,0.91,9.1,,yes
japan,"IbridMarket","Japan 100MB 7Days",0.1,7,0.92,9.2,,no
japan,"ESIM.DOG 🐶","⚡️ [5G] SoftBank Japan Japan - Best 5G Coverage (100MB/90Days) - Black route",0.1,90,0.98,9.8,,yes
japan,"StaffTraveler eSIM","StaffTraveler eSIM 100 MB",0.1,365,0.99,9.9,,no
japan,"Keepgo","Norm",0.1,0,1,10,,yes
japan,"DashRoam","Japan 100MB 7Days",0.1,7,1.45,14.5,,yes
japan,"merdata","eSIM Japan 100 MB 7 days",0.1,7,1.470957924283237,14.71,,no
japan,"ESIM.DOG 🐶","⚡️ [5G] SoftBank Japan Japan - Best 5G Coverage (100MB/1Days) - Black route",0.1,1,1.49,14.9,,yes
japan,"PuraSIM","Japan 100MB 7Days",0.1,7,1.49,14.9,,yes
japan,"ESIM.DOG 🐶","⚡️ [5G] SoftBank Japan Japan - Best 5G Coverage (100MB/5Days) - Black route",0.1,5,1.49,14.9,,yes
japan,"ESIM.DOG 🐶","⚡️ [5G] SoftBank Japan Japan - Best 5G Coverage (100MB/3Days) - Black route",0.1,3,1.49,14.9,,yes
japan,"Simsima","Japan 100MB 7Days",0.1,7,1.5,15,,yes
malaysia,"ESIM.DOG 🐶","🛜 U-Mobile Malaysia - Essential Coverage (3GB/1Days) - Amber route",3,1,0.59,0.197,,yes
malaysia,"Stellar eSim","Malaysia 3GB 15Days (nonhkip) + Free Stellar VPN",3,15,0.60284797,0.201,,no
malaysia,"ESIM.DOG 🐶","🛜 U-Mobile Malaysia - Essential Coverage (3GB/7Days) - Amber route",3,7,0.66,0.22,,yes
malaysia,"ESIM.DOG 🐶","🛜 U-Mobile Malaysia - Essential Coverage (3GB/3Days) - Amber route",3,3,0.66,0.22,,yes
malaysia,"ESIM.DOG 🐶","🛜 U-Mobile Malaysia - Essential Coverage (3GB/5Days) - Amber route",3,5,0.66,0.22,,yes
malaysia,"Stellar eSim","Malaysia 3GB 20Days + Free Stellar VPN",3,20,0.67109491,0.224,,no
malaysia,"Stellar eSim","Malaysia 3GB 30Days + Free Stellar VPN",3,30,0.67109491,0.224,,no
malaysia,"ESIM.DOG 🐶","🛜 U-Mobile Malaysia - Essential Coverage (5GB/30Days) - Amber route",5,30,1.21,0.242,,yes
malaysia,"ESIM.DOG 🐶","🛜 U-Mobile Malaysia - Essential Coverage (5GB/15Days) - Amber route",5,15,1.21,0.242,,yes
malaysia,"ESIM.DOG 🐶","🛜 U-Mobile Malaysia - Essential Coverage (5GB/3Days) - Amber route",5,3,1.21,0.242,,yes
malaysia,"ESIM.DOG 🐶","🛜 U-Mobile Malaysia - Essential Coverage (5GB/5Days) - Amber route",5,5,1.21,0.242,,yes
malaysia,"ESIM.DOG 🐶","🛜 U-Mobile Malaysia - Essential Coverage (5GB/7Days) - Amber route",5,7,1.21,0.242,,yes
malaysia,"ESIM.DOG 🐶","🛜 U-Mobile Malaysia - Essential Coverage (5GB/10Days) - Amber route",5,10,1.21,0.242,,yes
malaysia,"ESIM.DOG 🐶","🛜 U-Mobile Malaysia - Essential Coverage (5GB/20Days) - Amber route",5,20,1.21,0.242,,yes
malaysia,"Stellar eSim","Malaysia 5GB 20Days + Free Stellar VPN",5,20,1.2170704300000001,0.243,,no
malaysia,"Stellar eSim","Malaysia 5GB 30Days (nonhkip) + Free Stellar VPN",5,30,1.2170704300000001,0.243,,no
malaysia,"ESIM.DOG 🐶","🛜 U-Mobile Malaysia - Essential Coverage (4GB/1Days) - Amber route",4,1,1.15,0.287,,yes
malaysia,"ESIM.DOG 🐶","🛜 U-Mobile Malaysia - Essential Coverage (4GB/3Days) - Amber route",4,3,1.15,0.287,,yes
malaysia,"ESIM.DOG 🐶","🛜 U-Mobile Malaysia - Essential Coverage (4GB/5Days) - Amber route",4,5,1.15,0.287,,yes
malaysia,"ESIM.DOG 🐶","🛜 U-Mobile Malaysia - Essential Coverage (4GB/9Days) - Amber route",4,9,1.15,0.287,,yes
malaysia,"ESIM.DOG 🐶","🛜 U-Mobile Malaysia - Essential Coverage (4GB/10Days) - Amber route",4,10,1.15,0.287,,yes
malaysia,"ESIM.DOG 🐶","🛜 U-Mobile Malaysia - Essential Coverage (4GB/15Days) - Amber route",4,15,1.15,0.287,,yes
malaysia,"Stellar eSim","Malaysia 4GB 20Days + Free Stellar VPN",4,20,1.16019798,0.29,,no
malaysia,"ESIM.DOG 🐶","🛜 U-Mobile Malaysia - Essential Coverage (2GB/15Days) - Amber route",2,15,0.59,0.295,,yes
malaysia,"ESIM.DOG 🐶","🛜 U-Mobile Malaysia - Essential Coverage (2GB/2Days) - Amber route",2,2,0.59,0.295,,yes
malaysia,"ESIM.DOG 🐶","🛜 U-Mobile Malaysia - Essential Coverage (2GB/5Days) - Amber route",2,5,0.59,0.295,,yes
malaysia,"ESIM.DOG 🐶","🛜 U-Mobile Malaysia - Essential Coverage (2GB/10Days) - Amber route",2,10,0.59,0.295,,yes
malaysia,"ESIM.DOG 🐶","🛜 U-Mobile Malaysia - Essential Coverage (2GB/14Days) - Amber route",2,14,0.59,0.295,,yes
malaysia,"Stellar eSim","Malaysia 2GB 15Days + Free Stellar VPN",2,15,0.60284797,0.301,,no
malaysia,"ESIM.DOG 🐶","🛜 U-Mobile Malaysia - Essential Coverage (4GB/25Days) - Amber route",4,25,1.21,0.302,,yes
malaysia,"ESIM.DOG 🐶","🛜 U-Mobile Malaysia - Essential Coverage (4GB/30Days) - Amber route",4,30,1.21,0.302,,yes
malaysia,"Stellar eSim","Malaysia 4GB 30Days + Free Stellar VPN",4,30,1.2170704300000001,0.304,,no
malaysia,"ESIM.DOG 🐶","🛜 U-Mobile Malaysia - Essential Coverage (2GB/20Days) - Amber route",2,20,0.66,0.33,,yes
malaysia,"ESIM.DOG 🐶","🛜 U-Mobile Malaysia - Essential Coverage (2GB/30Days) - Amber route",2,30,0.66,0.33,,yes
malaysia,"Stellar eSim","Malaysia 2GB 30Days + Free Stellar VPN",2,30,0.67109491,0.336,,no
malaysia,"ESIM.DOG 🐶","🛜 U-Mobile Malaysia - Essential Coverage (3GB/15Days) - Amber route",3,15,1.15,0.383,,yes
malaysia,"ESIM.DOG 🐶","🛜 U-Mobile Malaysia - Essential Coverage (3GB/10Days) - Amber route",3,10,1.15,0.383,,yes
malaysia,"ESIM.DOG 🐶","🛜 U-Mobile Malaysia - Essential Coverage (3GB/20Days) - Amber route",3,20,1.15,0.383,,yes
malaysia,"ESIM.DOG 🐶","🛜 U-Mobile Malaysia - Essential Coverage (3GB/30Days) - Amber route",3,30,1.21,0.403,,yes
malaysia,"ESIM.DOG 🐶","🛜 U-Mobile Malaysia - Essential Coverage (3GB/21Days) - Amber route",3,21,1.21,0.403,,yes
malaysia,"ESIM.DOG 🐶","🛜 U-Mobile Malaysia - Essential Coverage (3GB/25Days) - Amber route",3,25,1.21,0.403,,yes
malaysia,"abesteSIM","eSIM Malaysia (5G, Local IP) - 1 Day / Daily 3GB",3,1,1.3048396066672847,0.435,,yes
malaysia,"Yoho Mobile","MY eSIM 3GB 15Day",3,15,1.35,0.45,,yes
malaysia,"Yoho Mobile","MY eSIM 3GB 10Day",3,10,1.35,0.45,,yes
malaysia,"Stellar eSim","Malaysia eSIM Unlimited - 1 day",3,1,1.37631329,0.459,,no
malaysia,"Superalink","Malaysia - 3GB/day",3,1,1.39,0.463,,yes
malaysia,"BNESIM","Surf 20 GB in Malaysia for 30 days",20,30,10.23,0.512,,yes
malaysia,"eSIMX","Malaysia 20GB 7Days",20,7,10.8,0.54,,yes
malaysia,"Superalink","Malaysia/Singapore/Thailand - 2GB/day",2,1,1.09,0.545,,yes
malaysia,"Superalink","Malaysia/Singapore - 2GB/day",2,1,1.09,0.545,,yes
malaysia,"Stellar eSim","Singapore &amp; Malaysia &amp; Thailand eSIM Unlimited - 1 day",2,1,1.10332553,0.552,,no
malaysia,"ESIM.DOG 🐶","⚡️ Best Coverage in Malaysia (1GB/1Days) - Pink route",1,1,0.58,0.58,,no
malaysia,"ESIM.DOG 🐶","⚡️ [5G] Asia (5 countries) - Best 5G Coverage (1GB/1Days) - Pink route",1,1,0.58,0.58,,no
malaysia,"ASIMGO","eSIM Southeast Asia - 5 Countries - 1 Day / Daily 1GB",1,1,0.59,0.59,,yes
malaysia,"ESIM.DOG 🐶","⚡️ [5G] U-Mobile Malaysia - Best 5G Coverage (1GB/3Days) - Black route",1,3,0.59,0.59,,yes
malaysia,"ESIM.DOG 🐶","⚡️ [5G] U-Mobile Malaysia - Best 5G Coverage (1GB/5Days) - Black route",1,5,0.59,0.59,,yes
malaysia,"ESIM.DOG 🐶","🛜 U-Mobile Malaysia - Essential Coverage (1GB/7Days) - Amber route",1,7,0.59,0.59,,yes
malaysia,"ESIM.DOG 🐶","🛜 U-Mobile Malaysia - Essential Coverage (1GB/6Days) - Amber route",1,6,0.59,0.59,,yes
malaysia,"MicroEsim","Malaysia eSIM - Umobile 5G - 1 Day / Daily 2GB",2,1,1.22,0.61,,yes
malaysia,"abesteSIM","eSIM Malaysia (5G) - 1 Day / Daily 2GB",2,1,1.226705498483615,0.613,,yes
malaysia,"ESIM.DOG 🐶","⚡️ [5G] Asia (5 countries) - Best 5G Coverage (2GB/1Days) - Pink route",2,1,1.25,0.625,,no
malaysia,"MicroEsim","Malaysia eSIM 5G - Maxis, Celcom, Digi - 1 Day / Daily 2GB",2,1,1.26,0.63,,yes
malaysia,"Tripuck eSIM","Southeast Asia 2 GB/day / 1 Days",2,1,1.26,0.63,,yes
malaysia,"Tripuck eSIM","Malaysia 2 GB/day / 1 Days",2,1,1.28,0.64,,yes
malaysia,"Superalink","Malaysia - 2GB/day",2,1,1.29,0.645,,yes
malaysia,"MicroEsim","Singapore &amp; Malaysia &amp; Thailand eSIM 5G - 1 Day / Daily 2GB",2,1,1.3,0.65,,yes
malaysia,"ESIM.DOG 🐶","🛜 U-Mobile Malaysia - Essential Coverage (1GB/30Days) - Amber route",1,30,0.66,0.66,,yes
malaysia,"ASIMGO","eSIM Malaysia (5G) - 1 Day / Daily 2GB",2,1,1.34,0.67,,yes
malaysia,"ASIMGO","eSIM Singapore - Malaysia - Thailand - Support Tiktok - 1 Day / Daily 2GB",2,1,1.35,0.675,,yes
malaysia,"Yoho Mobile","MY eSIM 1GB/Day 1Day",1,1,0.68,0.68,,yes
malaysia,"Stellar eSim","Malaysia 1GB 7Days (nonhkip) + Free Stellar VPN",1,7,0.6824694,0.682,,no
malaysia,"MicroEsim","Malaysia eSIM - Umobile 5G - 1 Day / Daily 1GB",1,1,0.74,0.74,,yes
malaysia,"MicroEsim","Malaysia eSIM 5G - Maxis, Celcom, Digi - 1 Day / Daily 1GB",1,1,0.74,0.74,,yes
malaysia,"MicroEsim","Singapore &amp; Malaysia &amp; Thailand eSIM 5G - 1 Day / Daily 1GB",1,1,0.75,0.75,,yes
malaysia,"Superalink","Malaysia - Regular",1,1,0.75,0.75,,yes
malaysia,"Superalink","Malaysia - Regular",1,3,0.77,0.77,,yes
malaysia,"TravelGator eSIM","Malaysia eSIM Roaming Data",1,1,0.7735276710183305,0.774,,no
malaysia,"Superalink","Malaysia - Regular",1,5,0.79,0.79,,yes
malaysia,"mobineX","Unlimited Standard",1,1,0.8,0.8,,yes
malaysia,"Superalink","Malaysia - Regular",1,7,0.82,0.82,,yes
malaysia,"Superalink","Malaysia - Regular",1,10,0.83,0.83,,yes
malaysia,"ESIM.DOG 🐶","⚡️ [5G] Asia (5 countries) - Best 5G Coverage (1.5GB/1Days) - Pink route",1.5,1,1.25,0.833,,no
malaysia,"abesteSIM","eSIM Malaysia (5G, Local IP) - 1 Day / Daily 1GB",1,1,0.8360349575652664,0.836,,yes
malaysia,"Superalink","Malaysia - Regular",1,15,0.85,0.85,,yes
malaysia,"abesteSIM","eSIM Malaysia (5G) - 1 Day / Daily 500MB",0.5,1,0.42973759501018366,0.859,,yes
malaysia,"abesteSIM","eSIM Asia+Europe 52 Regions - 1 Day / Daily 500MB",0.5,1,0.42973759501018366,0.859,,yes
malaysia,"abesteSIM","eSIM Southeast Asia (5 Countries) - 1 Day / Daily 500MB",0.5,1,0.42973759501018366,0.859,,yes
malaysia,"abesteSIM","eSIM Global (66 Destinations) - 1 Day / Daily 500MB",0.5,1,0.42973759501018366,0.859,,yes
malaysia,"MicroEsim","Malaysia eSIM 5G - Maxis, Celcom, Digi - 3 Days / Total 1GB",1,3,0.86,0.86,,yes
malaysia,"Superalink","Malaysia - Regular",1,20,0.86,0.86,,yes
malaysia,"Superalink","Malaysia - Regular",1,30,0.87,0.87,,yes
malaysia,"MicroEsim","Singapore &amp; Malaysia &amp; Thailand eSIM 5G - 3 Days / Total 1GB",1,3,0.88,0.88,,yes
malaysia,"Billion Connect","Malaysia eSIM 3 Days 1GB",1,3,0.9,0.9,,yes
malaysia,"ESIM.DOG 🐶","⚡️ [5G] Asia (2 countries) - Best 5G Coverage (1GB/3Days) - Black route",1,3,0.92,0.92,,yes
malaysia,"ESIM.DOG 🐶","⚡️ [5G] Asia (2 countries) - Best 5G Coverage (1GB/5Days) - Black route",1,5,0.92,0.92,,yes
malaysia,"ESIM.DOG 🐶","⚡️ [5G] Asia (2 countries) - Best 5G Coverage (1GB/7Days) - Black route",1,7,0.92,0.92,,yes
malaysia,"eSIM4Travel","South Asia 5 (Singapore, Malaysia, Thailand, Indonesia, Vietnam) - 1GB/7Days",1,7,0.93,0.93,,yes
malaysia,"MicroEsim","Malaysia eSIM 5G - Maxis, Celcom, Digi - 5 Days / Total 1GB",1,5,0.94,0.94,,yes
malaysia,"ASIMGO","eSIM Malaysia (5G) - 1 Day / Daily 1GB",1,1,0.95,0.95,,yes
malaysia,"AlpineSIM","AlpineSIM Malaysia - 1GB/Day / 1 Days",1,1,0.95,0.95,,yes
malaysia,"abesteSIM","eSIM Asia (27 Regions, Support Tiktok) - 1 Day / Daily 500MB",0.5,1,0.4766180599203855,0.953,,yes
malaysia,"MicroEsim","Singapore &amp; Malaysia &amp; Thailand eSIM 5G - 5 Days / Total 1GB",1,5,0.97,0.97,,yes
malaysia,"Yoho Mobile","3-Country eSIM 1GB 7Day",1,7,0.97,0.97,,yes
malaysia,"Yoho Mobile","MY eSIM 1GB 7Day",1,7,0.97,0.97,,yes
malaysia,"abesteSIM","eSIM Malaysia (5G) - 3 Days / Total 1GB",1,3,0.9766763522958718,0.977,,yes
malaysia,"MicroEsim","Southeast Asia eSIM 5 Countries - 1 Day / Daily 1GB",1,1,0.99,0.99,,yes
malaysia,"Superalink","Malaysia/Singapore - 1GB/day",1,1,0.99,0.99,,yes
malaysia,"Superalink","Malaysia/Singapore/Thailand - 1GB/day",1,1,0.99,0.99,,yes
malaysia,"AlpineSIM","AlpineSIM Malaysia - 1GB / 7 Days",1,7,0.99,0.99,,yes
malaysia,"Voyasim","Malaysia 500MB 7Days",0.5,7,0.5,1,,yes
malaysia,"Instabridge","1 GB Malaysia eSIM Mobile Data Plan",1,7,1,1,,no
malaysia,"Orbit Mobile","Global Pass",1,1,1,1,,no
malaysia,"iRoamly","Malaysia-eSIM-1GB-1 Day-Daily",1,1,1,1,,yes
malaysia,"MicroEsim","Malaysia eSIM 5G - Maxis, Celcom, Digi - 7 Days / Total 1GB",1,7,1.02,1.02,,yes
malaysia,"Yesim","Malaysia",0.5,1,0.51185205,1.024,,yes
malaysia,"Yesim","South East Asia",0.5,1,0.51185205,1.024,,yes
malaysia,"abesteSIM","eSIM Malaysia (5G) - 5 Days / Total 1GB",1,5,1.0313702280244408,1.031,,yes
malaysia,"eSIM4Travel","Malaysia (Celcom, Digi) - 1GB/1Days",1,1,1.04,1.04,,yes
malaysia,"ESIM888","Malaysia (1GB/7DAYS) (Throttling)",1,7,1.05,1.05,,no
malaysia,"Yoho Mobile","4-Country eSIM 1GB 7Day",1,7,1.05,1.05,,yes
malaysia,"Stellar eSim","Asia (7 areas) 1GB 7Days + Free Stellar VPN",1,7,1.05782757,1.058,,no
malaysia,"Horizon eSIM","Malaysia 1GB 7Days",1,7,1.05782757,1.058,,no
malaysia,"MicroEsim","Singapore &amp; Malaysia &amp; Thailand eSIM 5G - 7 Days / Total 1GB",1,7,1.06,1.06,,yes
malaysia,"Billion Connect","Malaysia eSIM 1 Day 1GB/Day",1,1,1.07,1.07,,yes
malaysia,"Yoho Mobile","2-Country eSIM 1GB/Day 1Day",1,1,1.07,1.07,,yes
malaysia,"Yoho Mobile","4-Country eSIM 1GB/Day 1Day",1,1,1.07,1.07,,yes
malaysia,"abesteSIM","eSIM Global (23 Destinations) - 1 Day / Daily 500MB",0.5,1,0.5391253464673212,1.078,,yes
malaysia,"ASIMGO","eSIM Malaysia - Local IP - 1 Day / Daily 500MB",0.5,1,0.54,1.08,,yes
malaysia,"ESIM.DOG 🐶","⚡️ [5G] U-Mobile Malaysia - Best 5G Coverage (500MB/2Days) - Black route",0.5,2,0.54,1.08,,yes
malaysia,"Billion Connect","Singapore &amp; Malaysia &amp; Indonesia eSIM 1 Day 1GB/Day",1,1,1.08,1.08,,yes
malaysia,"eSIM4Travel","Malaysia (Celcom, Digi) - 1GB/7Days",1,7,1.08,1.08,,yes
malaysia,"MicroEsim","Malaysia eSIM 5G - Maxis, Celcom, Digi - 10 Days / Total 1GB",1,10,1.09,1.09,,yes
malaysia,"MicroEsim","Malaysia eSIM - Umobile 5G - 5 Days / Total 1GB",1,5,1.09,1.09,,yes
malaysia,"MicroEsim","Malaysia eSIM - Umobile 5G - 7 Days / Total 1GB",1,7,1.09,1.09,,yes
malaysia,"ASIMGO","eSIM Malaysia (5G) - 3 Days / Total 1GB",1,3,1.09,1.09,,yes
malaysia,"Superalink","Malaysia - 1GB/day",1,1,1.09,1.09,,yes
malaysia,"abesteSIM","eSIM Malaysia (5G) - 7 Days / Total 1GB",1,7,1.0938775145713764,1.094,,yes
malaysia,"Ubigi","",10,7,11,1.1,,yes
malaysia,"ASIMGO","eSIM Malaysia - Local IP - 2 Days / Daily 500MB",0.5,2,0.55,1.1,,yes
malaysia,"ASIMGO","eSIM Southeast Asia - 5 Countries - 1 Day / Daily 500MB",0.5,1,0.55,1.1,,yes
malaysia,"ESIM.DOG 🐶","⚡️ [5G] CelcomDigi/Maxis Malaysia - Best 5G Coverage (500MB/7Days) - Blue route",0.5,7,0.55,1.1,,yes
malaysia,"ESIM.DOG 🐶","⚡️ [5G] U-Mobile Malaysia - Best 5G Coverage (500MB/7Days) - Black route",0.5,7,0.55,1.1,,yes
malaysia,"mobineX","Unlimited Standard",1,1,1.1,1.1,,yes
malaysia,"Tripuck eSIM","Southeast Asia 1 GB / 7 Days",1,7,1.11,1.11,,yes
malaysia,"ASIMGO","eSIM Asia&amp;Europe - 54 Countries - 1 Day / Daily 500MB",0.5,1,0.56,1.12,,yes
malaysia,"AlpineSIM","AlpineSIM Malaysia - 500MB / 7 Days",0.5,7,0.56,1.12,,yes
malaysia,"ASIMGO","eSIM Singapore - Malaysia - Thailand - 1 Day / Daily 500MB",0.5,1,0.56,1.12,,yes
malaysia,"MicroEsim","Singapore &amp; Malaysia &amp; Thailand eSIM 5G - 10 Days / Total 1GB",1,10,1.12,1.12,,yes
malaysia,"abesteSIM","eSIM Malaysia (5G) - 10 Days / Total 1GB",1,10,1.1329445686632114,1.133,,yes
malaysia,"ASIMGO","eSIM Malaysia (5G) - 5 Days / Total 1GB",1,5,1.15,1.15,,yes
malaysia,"ASIMGO","eSIM Malaysia - Local IP - 5 Days / Total 1GB",1,5,1.15,1.15,,yes
malaysia,"Yoho Mobile","4-Country eSIM 1GB/Day 1Day",1,1,1.15,1.15,,yes
malaysia,"Yoho Mobile","3-Country eSIM 1GB/Day 1Day",1,1,1.15,1.15,,yes
malaysia,"Stellar eSim","Singapore &amp; Malaysia &amp; Thailand 1GB 7Days + Free Stellar VPN",1,7,1.16019798,1.16,,no
malaysia,"MicroEsim","Malaysia eSIM - Umobile 5G - 2 Days / Daily 1GB",1,2,1.17,1.17,,yes
malaysia,"Tripuck eSIM","Malaysia 1 GB / 7 Days",1,7,1.17,1.17,,yes
malaysia,"ESIM.DOG 🐶","⚡️ [5G] U-Mobile Malaysia - Best 5G Coverage (500MB/15Days) - Black route",0.5,15,0.59,1.18,,yes
malaysia,"Yoho Mobile","12-Country eSIM 1GB 7Day",1,7,1.18,1.18,,yes
malaysia,"Yoho Mobile","9-Country eSIM 1GB 7Day",1,7,1.18,1.18,,yes
malaysia,"Yoho Mobile","10-Country eSIM 1GB 7Day",1,7,1.18,1.18,,yes
malaysia,"Yoho Mobile","4-Country eSIM 1GB 7Day",1,7,1.18,1.18,,yes
malaysia,"Yoho Mobile","5-Country eSIM 1GB 7Day",1,7,1.18,1.18,,yes
malaysia,"SimSmash","Malaysia 1GB for 7 Days",1,7,1.19,1.19,,yes
malaysia,"abesteSIM","eSIM Malaysia (5G, Local IP) - 2 Days / Daily 1GB",1,2,1.1954518552101472,1.195,,yes
malaysia,"MicroEsim","Malaysia eSIM - Umobile 5G - 1 Day / Daily 500MB",0.5,1,0.6,1.2,,yes
malaysia,"MicroEsim","Malaysia eSIM 5G - Maxis, Celcom, Digi - 15 Days / Total 1GB",1,15,1.2,1.2,,yes
malaysia,"mobineX","Unlimited Standard",1,1,1.2,1.2,,yes
malaysia,"Roaming4You","Malaysia Unlimited Data - 1 Day",1,1,1.2,1.2,,yes
malaysia,"Billion Connect","Southeast Asia eSIM [5 Countries] 1 Day 1GB/Day",1,1,1.2,1.2,,yes
malaysia,"Tripuck eSIM","Malaysia 1 GB / 1 Days",1,1,1.2,1.2,,yes
malaysia,"ASIMGO","eSIM Malaysia (5G) - 7 Days / Total 1GB",1,7,1.21,1.21,,yes
malaysia,"abesteSIM","eSIM Malaysia (5G) - 15 Days / Total 1GB",1,15,1.211078676846881,1.211,,yes
malaysia,"SimSmash","Malaysia Daily Unlimited 1GB/day for 1 Days",1,1,1.22,1.22,,yes
malaysia,"abesteSIM","eSIM Southeast Asia (5 Countries) - 1 Day / Daily 1GB",1,1,1.226705498483615,1.227,,yes
malaysia,"MicroEsim","Singapore &amp; Malaysia &amp; Thailand eSIM 5G - 15 Days / Total 1GB",1,15,1.24,1.24,,yes
malaysia,"ASIMGO","eSIM Malaysia (5G) - 10 Days / Total 1GB",1,10,1.25,1.25,,yes
malaysia,"Ozly eSIM","Malaysia 1GB 7Days",1,7,1.25,1.25,,yes
malaysia,"TravelGator eSIM","Malaysia eSIM Roaming Data",1,3,1.250145730938716,1.25,,no
malaysia,"Horizon eSIM","Malaysia 500MB 7Days",0.5,7,0.62559695,1.251,,no
malaysia,"abesteSIM","eSIM Malaysia (5G) - 30 Days / Total 1GB",1,30,1.257959141757083,1.258,,yes
malaysia,"MicroEsim","Malaysia eSIM 5G - Maxis, Celcom, Digi - 30 Days / Total 1GB",1,30,1.26,1.26,,yes
malaysia,"abesteSIM","eSIM Asia+Europe 52 Regions - 1 Day / Daily 1GB",1,1,1.2892127850305508,1.289,,yes
malaysia,"MegaEsim","Malaysia 1 GB, 1 day",1,1,1.29,1.29,,yes
malaysia,"MegaEsim","Malaysia 1 GB, 7 days",1,7,1.29,1.29,,yes
malaysia,"MegaEsim","Malaysia Unlimited, 1 day (1 GB/day full speed)",1,1,1.29,1.29,,yes
malaysia,"EZsim","Malaysia - 1GB Daily / 1Days",1,1,1.3,1.3,,no
malaysia,"MicroEsim","Singapore &amp; Malaysia &amp; Thailand eSIM 5G - 30 Days / Total 1GB",1,30,1.3,1.3,,yes
malaysia,"Billion Connect","Global eSIM [19 Regions] 3 Days 1GB",1,3,1.3,1.3,,yes
malaysia,"Bloomy eSIM","Malaysia 1GB 7 Days",1,7,1.3,1.3,,yes
malaysia,"Bloomy eSIM","Malaysia Unlimited (1GB/day) 1 Day",1,1,1.3,1.3,,yes
malaysia,"Yoho Mobile","9-Country eSIM 1GB/Day 1Day",1,1,1.31,1.31,,yes
malaysia,"Yoho Mobile","5-Country eSIM 1GB/Day 1Day",1,1,1.31,1.31,,yes
malaysia,"TravelGator eSIM","Malaysia eSIM Roaming Data",1,5,1.3126530174856517,1.313,,no
malaysia,"TravelGator eSIM","Malaysia eSIM Roaming Data",1,10,1.3126530174856517,1.313,,no
malaysia,"Superalink","Malaysia - Regular",0.5,1,0.66,1.32,,yes
malaysia,"ESIM.DOG 🐶","⚡️ [5G] U-Mobile Malaysia - Best 5G Coverage (500MB/30Days) - Black route",0.5,30,0.66,1.32,,yes
malaysia,"TravelGator eSIM","Malaysia eSIM Roaming Data",1,7,1.3204664283040186,1.32,,no
malaysia,"abesteSIM","eSIM Malaysia (5G, Local IP) - 1 Day / Daily 300MB",0.3,1,0.3984839517367157,1.328,,yes
malaysia,"TravelGator eSIM","Malaysia eSIM Roaming Data",1,15,1.3282798391223856,1.328,,no
malaysia,"ASIMGO","eSIM Malaysia (5G) - 15 Days / Total 1GB",1,15,1.33,1.33,,yes
malaysia,"4S eSIM","Malaysia 1GB - 1 Day",1,1,1.33,1.33,,no
malaysia,"Yoho Mobile","14-Country eSIM 1GB 7Day",1,7,1.34,1.34,,yes
malaysia,"Yoho Mobile","52-Country eSIM 1GB 7Day",1,7,1.34,1.34,,yes
malaysia,"Yoho Mobile","13-Country eSIM 1GB 7Day",1,7,1.34,1.34,,yes
malaysia,"AlpineSIM","AlpineSIM Singapore &amp; Malaysia - 1GB/Day / 1 Days",1,1,1.34,1.34,,yes
malaysia,"AlpineSIM","AlpineSIM Asia (14 areas) - 1GB / 7 Days",1,7,1.34,1.34,,yes
malaysia,"EZsim","Malaysia - 1GB/7Days",1,7,1.35,1.35,,no
malaysia,"AlpineSIM","AlpineSIM Singapore &amp; Malaysia &amp; Thailand - 1GB/Day / 1 Days",1,1,1.35,1.35,,yes
malaysia,"ASIMGO","eSIM Singapore - Malaysia - Thailand - Support Tiktok - 3 Days / Total 1GB",1,3,1.35,1.35,,yes
malaysia,"Superalink","Malaysia - Regular",0.5,3,0.68,1.36,,yes
malaysia,"AlpineSIM","AlpineSIM Malaysia - 500MB/Day / 1 Days",0.5,1,0.68,1.36,,yes
malaysia,"Stellar eSim","Malaysia 500MB 7Days + Free Stellar VPN",0.5,7,0.6824694,1.365,,no
malaysia,"LimitSIM","Malaysia 1GB",1,7,1.3649388,1.365,,yes
malaysia,"abesteSIM","eSIM Asia (10 Regions) - 1 Day / Daily 1GB",1,1,1.3673468932142205,1.367,,yes
malaysia,"ASIMGO","eSIM Malaysia (5G) - 30 Days / Total 1GB",1,30,1.37,1.37,,yes
malaysia,"4S eSIM","Malaysia 1GB - 5 Days",1,5,1.37,1.37,,no
malaysia,"Jetpac","Malaysia 10GB",10,7,14,1.4,ESIMDB15,no
malaysia,"Superalink","Malaysia - Regular",0.5,5,0.7,1.4,,yes
malaysia,"MicroEsim","Malaysia eSIM 5G - Maxis, Celcom, Digi - 1 Day / Daily 500MB",0.5,1,0.7,1.4,,yes
malaysia,"MicroEsim","Singapore &amp; Malaysia &amp; Thailand eSIM 5G - 1 Day / Daily 500MB",0.5,1,0.71,1.42,,yes
malaysia,"MicroEsim","Malaysia eSIM - Umobile 5G - 1 Day / Daily 300MB",0.3,1,0.43,1.433,,yes
malaysia,"Superalink","Malaysia - Regular",0.5,7,0.72,1.44,,yes
malaysia,"Hiroaming","Malaysia 500MB 7Days",0.5,7,0.73,1.46,,no
malaysia,"MoodSIM","Malaysia 500 MB 7 Days",0.5,7,0.75,1.5,,yes
malaysia,"Superalink","Malaysia - 500MB/day",0.5,1,0.79,1.58,,yes
malaysia,"Superalink","Malaysia/Singapore/Thailand - 500MB/day",0.5,1,0.79,1.58,,yes
malaysia,"Superalink","Malaysia/Singapore - 500MB/day",0.5,1,0.79,1.58,,yes
malaysia,"LimitSIM","Malaysia 500MB 7Days",0.5,7,0.7962142999999999,1.592,,yes
malaysia,"SeferESIM","Malaysia 500MB 7Days",0.5,7,0.8,1.6,,yes
malaysia,"SimSmash","Malaysia Daily Unlimited 0.49GB/day for 1 Days",0.49,1,0.79,1.612,,yes
malaysia,"AlpineSIM","AlpineSIM Singapore &amp; Malaysia &amp; Thailand - 500MB/Day / 1 Days",0.5,1,0.82,1.64,,yes
malaysia,"Bloomy eSIM","Malaysia 500MB 7 Days",0.5,7,0.85,1.7,,yes
malaysia,"ASIMGO","eSIM Asia (26 Regions, Support Tiktok) - 1 Day / Daily 500MB",0.5,1,0.88,1.76,,yes
malaysia,"MicroEsim","Southeast Asia eSIM 5 Countries - 1 Day / Daily 500MB",0.5,1,0.88,1.76,,yes
malaysia,"SeferESIM","Malaysia 500MB/Day (nonhkip)",0.5,1,0.88,1.76,,yes
malaysia,"MicroEsim","Malaysia eSIM - Umobile 5G - 2 Days / Daily 300MB",0.3,2,0.53,1.767,,yes
malaysia,"MicroEsim","Malaysia eSIM - Umobile 5G - 2 Days / Daily 500MB",0.5,2,0.89,1.78,,yes
malaysia,"Tripuck eSIM","Malaysia 502 MB / 7 Days",0.5,7,0.9,1.793,,yes
malaysia,"bndless","Malaysia 500MB 7Days",0.5,7,0.9,1.8,,yes
malaysia,"Hiroaming","Malaysia 500MB/Day",0.5,1,0.91,1.82,,no
malaysia,"ESIM.DOG 🐶","⚡️ [5G] Asia (2 countries) - Best 5G Coverage (500MB/3Days) - Black route",0.5,3,0.92,1.84,,yes
malaysia,"ESIM.DOG 🐶","⚡️ [5G] Asia (2 countries) - Best 5G Coverage (500MB/5Days) - Black route",0.5,5,0.92,1.84,,yes
malaysia,"ESIM.DOG 🐶","⚡️ [5G] Asia (2 countries) - Best 5G Coverage (500MB/7Days) - Black route",0.5,7,0.92,1.84,,yes
malaysia,"Tripuck eSIM","Malaysia 502 MB / 1 Days",0.5,1,0.94,1.873,,yes
malaysia,"abesteSIM","eSIM Malaysia (5G, Local IP) - 2 Days / Daily 500MB",0.5,2,0.9610495306591379,1.922,,yes
malaysia,"Earth Esim","500MB/1 Day Malaysia 5G eSIM",0.5,1,0.99,1.98,,yes
malaysia,"bndless","Malaysia 500MB/Day (nonhkip)",0.5,1,0.99,1.98,,yes
malaysia,"Superalink","Malaysia - 500MB/day",0.5,3,0.99,1.98,,yes
malaysia,"ASIMGO","eSIM Asia 22 Regions - 1 Day / Daily 500MB",0.5,1,0.99,1.98,,yes
malaysia,"MoodSIM","Malaysia Unlimited (500 MB/day, then 512 Kbps) 1 Day",0.5,1,0.99,1.98,,yes
malaysia,"esimzon","Malaysia 500MB 1Day",0.5,30,1,2,,no
malaysia,"Connect Me Guru","Malaysia 500MB 7Days",0.5,7,1,2,,yes
malaysia,"SeferESIM","Malaysia 500MB/Day",0.5,1,1,2,,yes
malaysia,"abesteSIM","eSIM Asia (10 Regions) - 1 Day / Total 200MB",0.2,1,0.4062973625550827,2.031,,yes
malaysia,"Wiiline","for Malaysia 1 Days 0.49GB 490 MB",0.49,1,1.01,2.061,,no
malaysia,"MicroEsim","Malaysia eSIM - Umobile 5G - 3 Days / Daily 300MB",0.3,3,0.63,2.1,,yes
malaysia,"Connect Me Guru","Malaysia 500MB/Day (nonhkip)",0.5,1,1.06,2.12,,yes
malaysia,"IbridMarket","Malaysia 500MB 7Days",0.5,7,1.06,2.12,,no
malaysia,"Tripuck eSIM","Multi-Region 502 MB / 1 Days",0.5,1,1.07,2.131,,no
malaysia,"eSIMNow","Malaysia 500MB 7Days",0.5,7,1.08,2.16,,yes
malaysia,"Superalink","Malaysia/Singapore - 500MB/day",0.5,3,1.09,2.18,,yes
malaysia,"Superalink","Malaysia/Singapore/Thailand - 500MB/day",0.5,3,1.09,2.18,,yes
malaysia,"Voyasim","Malaysia 500MB/Day (nonhkip)",0.5,1,1.1,2.2,,yes
malaysia,"MicroEsim","Malaysia eSIM - Umobile 5G - 3 Days / Daily 500MB",0.5,3,1.11,2.22,,yes
malaysia,"IbridMarket","Malaysia 500MB/Day (nonhkip)",0.5,1,1.12,2.24,,no
malaysia,"bndless","Malaysia 500MB/Day",0.5,1,1.13,2.26,,yes
malaysia,"LimitSIM","SEA 0.49GB",0.5,1,1.137449,2.266,,no
malaysia,"abesteSIM","eSIM Malaysia (5G, Local IP) - 3 Days / Daily 500MB",0.5,3,1.1485713902999453,2.297,,yes
malaysia,"Connect Me Guru","Malaysia 500MB/Day",0.5,1,1.15,2.3,,yes
malaysia,"Landed eSIM","Malaysia 500MB/day · 1 day",0.5,1,1.19,2.38,,yes
malaysia,"LimitSIM","Singapore &amp; Malaysia &amp; Thailand 500MB/Day",0.5,1,1.1943214500000001,2.389,,no
malaysia,"Voyasim","Malaysia 500MB/Day",0.5,1,1.2,2.4,,yes
malaysia,"IbridMarket","Malaysia 500MB/Day",0.5,1,1.2,2.4,,no
malaysia,"SeferESIM","Singapore &amp; Malaysia &amp; Thailand 500MB/Day",0.5,1,1.2,2.4,,yes
malaysia,"AlpineSIM","AlpineSIM Asia (7 areas) - 500MB/Day / 1 Days",0.5,1,1.24,2.48,,yes
malaysia,"eSIMNow","Malaysia 500MB/Day for 1 Day",0.5,1,1.25,2.5,,yes
malaysia,"MicroEsim","Malaysia eSIM 5G - Maxis, Celcom, Digi - 3 Days / Daily 500MB",0.5,3,1.26,2.52,,yes
malaysia,"ASIMGO","eSIM Malaysia - Local IP - 3 Days / Daily 500MB",0.5,3,1.27,2.54,,yes
malaysia,"Connect Me Guru","Singapore &amp; Malaysia &amp; Thailand 500MB/Day",0.5,1,1.3,2.6,,no
malaysia,"MicroEsim","Singapore &amp; Malaysia &amp; Thailand eSIM 5G - 3 Days / Daily 500MB",0.5,3,1.3,2.6,,yes
malaysia,"IbridMarket","Singapore &amp; Malaysia &amp; Thailand 500",0.5,1,1.34,2.68,,no
malaysia,"bndless","Singapore &amp; Malaysia &amp; Thailand 500MB/Day",0.5,1,1.35,2.7,,yes
malaysia,"ASIMGO","eSIM Singapore - Malaysia - Thailand - Support Tiktok - 3 Days / Daily 500MB",0.5,3,1.35,2.7,,yes
malaysia,"Horizon eSIM","Malaysia 100MB 7Days",0.1,7,0.28436225,2.844,,no
malaysia,"AlpineSIM","AlpineSIM Malaysia - 100MB / 7 Days",0.1,7,0.29,2.9,,yes
malaysia,"MicroEsim","Malaysia eSIM - Umobile 5G - 10 Days / Daily 3GB",3,10,9.47,3.157,,yes
malaysia,"MoodSIM","Malaysia 100 MB 7 Days",0.1,7,0.49,4.9,,yes
malaysia,"Voyasim","Malaysia 100MB 7Days",0.1,7,0.5,5,,yes
malaysia,"MicroEsim","Asia eSIM 10 Regions - Support TikTok - 1 Day / Total 200MB",0.2,1,1.01,5.05,,yes
malaysia,"Hiroaming","Malaysia 100MB 7Days",0.1,7,0.55,5.5,,no
malaysia,"SeferESIM","Malaysia 100MB 7Days",0.1,7,0.6,6,,yes
malaysia,"LimitSIM","Malaysia 100MB 7Days",0.1,7,0.60284797,6.028,,yes
malaysia,"Superalink","Malaysia - Regular",0.1,1,0.63,6.3,,yes
malaysia,"Superalink","Malaysia - Regular",0.1,3,0.65,6.5,,yes
malaysia,"ESIM.DOG 🐶","⚡️ [5G] U-Mobile Malaysia - Best 5G Coverage (100MB/30Days) - Black route",0.1,30,0.66,6.6,,yes
malaysia,"Superalink","Malaysia - Regular",0.1,5,0.67,6.7,,yes
malaysia,"bndless","Malaysia 100MB 7Days",0.1,7,0.68,6.8,,yes
malaysia,"Stellar eSim","Malaysia 100MB 7Days + Free Stellar VPN",0.1,7,0.6824694,6.825,,no
malaysia,"Superalink","Malaysia - Regular",0.1,7,0.69,6.9,,yes
malaysia,"Bloomy eSIM","Malaysia 100MB 7 Days",0.1,7,0.7,7,,yes
malaysia,"Tripuck eSIM","Malaysia 102 MB / 7 Days",0.1,7,0.8,7.843,,yes
malaysia,"Connect Me Guru","Malaysia 100MB 7Days",0.1,7,0.85,8.5,,yes
malaysia,"Roamix","Malaysia 100MB 7Days",0.1,7,0.85,8.5,,yes
malaysia,"eSIMNow","Malaysia 100MB 7Days",0.1,7,0.91,9.1,,yes
malaysia,"IbridMarket","Malaysia 100MB 7Days",0.1,7,0.92,9.2,,no
malaysia,"ESIM.DOG 🐶","⚡️ [5G] Asia (2 countries) - Best 5G Coverage (100MB/3Days) - Black route",0.1,3,0.92,9.2,,yes
malaysia,"ESIM.DOG 🐶","⚡️ [5G] Asia (2 countries) - Best 5G Coverage (100MB/5Days) - Black route",0.1,5,0.92,9.2,,yes
malaysia,"ESIM.DOG 🐶","⚡️ [5G] Asia (2 countries) - Best 5G Coverage (100MB/7Days) - Black route",0.1,7,0.92,9.2,,yes
malaysia,"ESIM.DOG 🐶","⚡️ [5G] U-Mobile Malaysia - Best 5G Coverage (100MB/90Days) - Black route",0.1,90,0.98,9.8,,yes
malaysia,"ESIM.DOG 🐶","⚡️ [5G] Asia (2 countries) - Best 5G Coverage (100MB/10Days) - Black route",0.1,10,0.98,9.8,,yes
malaysia,"ESIM.DOG 🐶","⚡️ [5G] Asia (2 countries) - Best 5G Coverage (100MB/15Days) - Black route",0.1,15,0.98,9.8,,yes
malaysia,"ESIM.DOG 🐶","⚡️ [5G] Asia (2 countries) - Best 5G Coverage (100MB/20Days) - Black route",0.1,20,0.98,9.8,,yes
malaysia,"ESIM.DOG 🐶","⚡️ [5G] Asia (2 countries) - Best 5G Coverage (100MB/30Days) - Black route",0.1,30,0.98,9.8,,yes
malaysia,"StaffTraveler eSIM","StaffTraveler eSIM 100 MB",0.1,365,0.99,9.9,,no
malaysia,"Avelis eSIM","Standard 100MB / 7 Days",0.1,7,0.99,9.9,,yes
malaysia,"Keepgo","Norm",0.1,0,1,10,,yes
malaysia,"Zwitchy","Malaysia · 100 MB · 1 day",0.1,1,1,10,,yes
mexico,"ESIM.DOG 🐶","🛜 Altan Mexico - Essential Coverage (3GB/1Days) - Amber route",3,1,1.89,0.63,,no
mexico,"Stellar eSim","Mexico 3GB 1Days + Free Stellar VPN",3,1,1.89953983,0.633,,no
mexico,"ESIM.DOG 🐶","🛜 Altan Mexico - Essential Coverage (3GB/15Days) - Amber route",3,15,1.9,0.633,,no
mexico,"ESIM.DOG 🐶","🛜 Altan Mexico - Essential Coverage (3GB/3Days) - Amber route",3,3,1.9,0.633,,no
mexico,"ESIM.DOG 🐶","🛜 Altan Mexico - Essential Coverage (3GB/5Days) - Amber route",3,5,1.9,0.633,,no
mexico,"ESIM.DOG 🐶","🛜 Altan Mexico - Essential Coverage (3GB/9Days) - Amber route",3,9,1.9,0.633,,no
mexico,"ESIM.DOG 🐶","🛜 Altan Mexico - Essential Coverage (3GB/12Days) - Amber route",3,12,1.9,0.633,,no
mexico,"ESIM.DOG 🐶","🛜 Altan Mexico - Essential Coverage (3GB/20Days) - Amber route",3,20,1.9,0.633,,no
mexico,"ESIM.DOG 🐶","🛜 Altan Mexico - Essential Coverage (3GB/14Days) - Amber route",3,14,1.9,0.633,,no
mexico,"Stellar eSim","Mexico 3GB 20Days + Free Stellar VPN",3,20,1.9109143199999998,0.637,,no
mexico,"Stellar eSim","Mexico 3GB 15Days + Free Stellar VPN",3,15,1.9109143199999998,0.637,,no
mexico,"Stellar eSim","Mexico 3GB 5Days + Free Stellar VPN",3,5,1.9109143199999998,0.637,,no
mexico,"ESIM.DOG 🐶","⚡️ Altan Mexico - Best Coverage (2GB/1Days) - Black route",2,1,1.83,0.915,,no
mexico,"ESIM.DOG 🐶","🛜 Altan Mexico - Essential Coverage (2GB/15Days) - Amber route",2,15,1.83,0.915,,no
mexico,"ESIM.DOG 🐶","🛜 Altan Mexico - Essential Coverage (2GB/5Days) - Amber route",2,5,1.83,0.915,,no
mexico,"ESIM.DOG 🐶","🛜 Altan Mexico - Essential Coverage (2GB/7Days) - Amber route",2,7,1.83,0.915,,no
mexico,"ESIM.DOG 🐶","🛜 Altan Mexico - Essential Coverage (2GB/14Days) - Amber route",2,14,1.83,0.915,,no
mexico,"ESIM.DOG 🐶","🛜 Altan Mexico - Essential Coverage (2GB/20Days) - Amber route",2,20,1.83,0.915,,no
mexico,"ESIM.DOG 🐶","🛜 Altan Mexico - Essential Coverage (2GB/30Days) - Amber route",2,30,1.83,0.915,,no
mexico,"Stellar eSim","Mexico 2GB 30Days + Free Stellar VPN",2,30,1.8426673800000002,0.921,,no
mexico,"ESIM.DOG 🐶","⚡️ Altan Mexico - Best Coverage (1GB/1Days) - Black route",1,1,1.01,1.01,,no
mexico,"abesteSIM","eSIM Mexico - 1 Day / Daily 1GB",1,1,1.0157434063877067,1.016,,yes
mexico,"ESIM.DOG 🐶","⚡️ Altan Mexico - Best Coverage (500MB/1Days) - Black route",0.5,1,0.53,1.06,,no
mexico,"abesteSIM","eSIM North America (US &amp; Canada &amp; Mexico) 5G - 1 Day / Daily 500MB",0.5,1,0.5391253464673212,1.078,,yes
mexico,"Orange Travel","Mexico 20GB",20,30,22.99,1.149,,no
mexico,"ESIM.DOG 🐶","⚡️ Altan Mexico - Best Coverage (1GB/7Days) - Black route",1,7,1.15,1.15,,no
mexico,"ESIM.DOG 🐶","⚡️ Altan Mexico - Best Coverage (1GB/3Days) - Black route",1,3,1.15,1.15,,no
mexico,"ESIM.DOG 🐶","⚡️ Altan Mexico - Best Coverage (1GB/5Days) - Black route",1,5,1.15,1.15,,no
mexico,"abesteSIM","eSIM America (20 Destinations) - 1 Day / Daily 500MB",0.5,1,0.5781924005591561,1.156,,yes
mexico,"Stellar eSim","Mexico 1GB 7Days + Free Stellar VPN",1,7,1.16019798,1.16,,no
mexico,"nadanada","eSIM, 1GB, 7 Days, North America",1,7,1.19,1.19,,no
mexico,"Sim Local","Mexico 20 GB for 30 Days",20,30,24.75,1.238,,yes
mexico,"Superalink","Mexico - 2GB/day",2,1,2.49,1.245,,yes
mexico,"Tripuck eSIM","Global 2 GB/day / 1 Days",2,1,2.58,1.29,,yes
mexico,"Tripuck eSIM","North America 2 GB/day / 1 Days",2,1,2.58,1.29,,yes
mexico,"Tripuck eSIM","Mexico 2 GB/day / 1 Days",2,1,2.58,1.29,,yes
mexico,"ESIM.DOG 🐶","⚡️ Altan Mexico - Best Coverage (1GB/30Days) - Black route",1,30,1.33,1.33,,no
mexico,"Stellar eSim","North America 1GB 20Days + Free Stellar VPN",1,20,1.34218982,1.342,,no
mexico,"Stellar eSim","North America 1GB 30Days + Free Stellar VPN",1,30,1.34218982,1.342,,no
mexico,"Stellar eSim","North America 1GB 7Days + Free Stellar VPN",1,7,1.39906227,1.399,,no
mexico,"ESIM.DOG 🐶","⚡️ Altan Mexico - Best Coverage (500MB/7Days) - Black route",0.5,7,0.74,1.48,,no
mexico,"Superalink","Mexico - 1GB/day",1,1,1.49,1.49,,yes
mexico,"Breeze","Mexico",10,30,14.99,1.499,,yes
mexico,"MoodSIM","Mexico 500 MB 7 Days",0.5,7,0.75,1.5,,yes
mexico,"Stellar eSim","Mexico 500MB 7Days + Free Stellar VPN",0.5,7,0.75071634,1.501,,no
mexico,"Superalink","Mexico - Regular",1,1,1.54,1.54,,yes
mexico,"Nomad","Local Mexico - 30 Days - 10 GB",10,30,15.5,1.55,ESIMDB3,yes
mexico,"Superalink","Mexico - Regular",0.5,1,0.79,1.58,,yes
mexico,"Superalink","Mexico - 500MB/day",0.5,1,0.79,1.58,,yes
mexico,"Superalink","Mexico - Regular",1,3,1.58,1.58,,yes
mexico,"Superalink","Mexico - Regular",1,5,1.61,1.61,,yes
mexico,"eSIM4Travel","Global 72 - 1GB/7Days",1,7,1.62,1.62,,yes
mexico,"Stellar eSim","North America (3 areas) 750MB 7Days + Free Stellar VPN",0.75,7,1.22844492,1.638,,no
mexico,"Superalink","Mexico - Regular",0.5,3,0.82,1.64,,yes
mexico,"Superalink","Mexico - Regular",1,7,1.64,1.64,,yes
mexico,"Superalink","Mexico - Regular",1,10,1.66,1.66,,yes
mexico,"Superalink","Mexico - Regular",0.5,5,0.84,1.68,,yes
mexico,"Superalink","Mexico - Regular",1,15,1.69,1.69,,yes
mexico,"Superalink","Mexico - Regular",1,20,1.7,1.7,,yes
mexico,"ESIM.DOG 🐶","⚡️ [5G] North America (3 countries) - Best 5G Coverage (1.5GB/1Days) - Blue route",1.5,1,2.57,1.713,,yes
mexico,"ESIM.DOG 🐶","⚡️ [5G] AT&amp;T/Telcel Mexico - Best 5G Coverage (500MB/7Days) - Blue route",0.5,7,0.86,1.72,,yes
mexico,"Superalink","Mexico - Regular",1,30,1.72,1.72,,yes
mexico,"Superalink","Mexico - Regular",0.5,7,0.87,1.74,,yes
mexico,"Tripuck eSIM","North America 1 GB / 7 Days",1,7,1.78,1.78,,no
mexico,"ASIMGO","eSIM Mexico - 1 Day / Daily 1GB",1,1,1.82,1.82,,yes
mexico,"Billion Connect","USA &amp; Canada &amp; Mexico eSIM 1 Day 1GB/Day",1,1,1.9,1.9,,yes
mexico,"MicroEsim","Mexico eSIM 5G - 1 Day / Daily 1GB",1,1,1.91,1.91,,yes
mexico,"ESIM.DOG 🐶","⚡️ North America (3 countries) - Best Coverage (500MB/1Days) - Green route",0.5,1,0.99,1.98,,no
mexico,"MicroEsim","North America (US &amp; Canada &amp; Mexico) eSIM 5G - 1 Day / Daily 1GB",1,1,1.98,1.98,,yes
mexico,"eSIM4Travel","Mexico (Movistar) - 1GB/1Days",1,1,1.98,1.98,,no
mexico,"Tripuck eSIM","North America 1536 MB / 1 Days",1.5,1,2.98,1.987,,yes
mexico,"Tripuck eSIM","Mexico 1 GB / 1 Days",1,1,2,2,,yes
mexico,"Tripuck eSIM","Mexico 1 GB / 7 Days",1,7,2.05,2.05,,yes
mexico,"AlpineSIM","AlpineSIM Mexico - 1GB/Day / 1 Days",1,1,2.07,2.07,,yes
mexico,"MegaEsim","Mexico 1 GB, 1 day",1,1,2.1,2.1,,yes
mexico,"SimSmash","Mexico Daily Unlimited 1GB/day for 1 Days",1,1,2.11,2.11,,yes
mexico,"4S eSIM","North America 1GB - 1 Day",1,1,2.15,2.15,,no
mexico,"Ozly eSIM","Mexico 1GB 7Days",1,7,2.15,2.15,,yes
mexico,"MegaEsim","Mexico 1 GB, 7 days",1,7,2.17,2.17,,yes
mexico,"AlpineSIM","AlpineSIM Mexico - 1GB / 7 Days",1,7,2.17,2.17,,yes
mexico,"Tripuck eSIM","Global 1 GB / 7 Days",1,7,2.18,2.18,,yes
mexico,"4S eSIM","Global 1GB - 1 Day",1,1,2.19,2.19,,no
mexico,"ESIM888","Mexico (1GB/7DAYS)",1,7,2.2,2.2,,no
mexico,"4S eSIM","Mexico 1GB - 1 Day",1,1,2.2,2.2,,no
mexico,"Yoho Mobile","3-Country eSIM 1GB 7Day",1,7,2.21,2.21,,yes
mexico,"Yoho Mobile","MX eSIM 1GB 7Day",1,7,2.21,2.21,,yes
mexico,"4S eSIM","North America-5 Days-1GB",1,5,2.23,2.23,,no
mexico,"EZsim","Mexico - 1GB/7Days",1,7,2.25,2.25,,no
mexico,"eSimy","Mexico - 1 GB - 7 Days",1,7,2.2635235099999997,2.264,,no
mexico,"4S eSIM","Global 1GB - 5 Days",1,5,2.27,2.27,,no
mexico,"SimSmash","Mexico 1GB for 7 Days",1,7,2.29,2.29,,yes
mexico,"4S eSIM","Mexico 1GB - 5 Days",1,5,2.29,2.29,,no
mexico,"4S eSIM","North America 1GB - 7 Days",1,7,2.32,2.32,,no
mexico,"ASIMGO","eSIM America (20 Destinations) - 1 Day / Daily 500MB",0.5,1,1.17,2.34,,yes
mexico,"Tripuck eSIM","Latin America 1 GB / 7 Days",1,7,2.34,2.34,,no
mexico,"4S eSIM","Global 1GB - 7 Days",1,7,2.36,2.36,,no
mexico,"Tripuck eSIM","North America 1 GB / 1 Days",1,1,2.37,2.37,,yes
mexico,"Horizon eSIM","Latin America 1 GB / 7 days",1,7,2.3772684099999997,2.377,,no
mexico,"4S eSIM","Mexico 1GB - 7 Days",1,7,2.38,2.38,,no
mexico,"eSIM4Travel","Mexico (Movistar) - 1GB/7Days",1,7,2.39,2.39,,no
mexico,"mobineX","Unlimited Standard",1,1,2.4,2.4,,yes
mexico,"mobineX","Unlimited Standard",1,1,2.4,2.4,,yes
mexico,"Horizon eSIM","Mexico 1GB 7Days",1,7,2.41139188,2.411,,no
mexico,"LATAM Travellers","Mexico eSIM - 1GB / Day",1,1,2.44,2.44,,no
mexico,"Roamify","Mexico eSIM 1 GB - 3 Days",1,3,2.47,2.47,,yes
mexico,"Roamify","North America eSIM 1 GB - 3 Days",1,3,2.47,2.47,,yes
mexico,"Giga.Tel","Mexico – 1GB ($2.49) – 7 Days – Free VPN",1,7,2.49,2.49,,yes
mexico,"MoodSIM","Mexico 1 GB 7 Days",1,7,2.49,2.49,,yes
mexico,"MoodSIM","North America Unlimited (1 GB/day, then 512 Kbps) 1 Day",1,1,2.49,2.49,,yes
mexico,"MoodSIM","Mexico Unlimited (1 GB/day, then 512 Kbps) 1 Day",1,1,2.49,2.49,,yes
mexico,"MoodSIM","Mexico Unlimited (1 GB/day, then 1 Mbps) 1 Day",1,1,2.49,2.49,,yes
mexico,"iRoamly","Mexico-eSIM-1GB-1 Day-Daily",1,1,2.5,2.5,,yes
mexico,"Billion Connect","Americas eSIM [11 Regions] 1 Day 1GB/Day",1,1,2.5,2.5,,yes
mexico,"Airhub","Mexico 1GB 7Days",1,7,2.5,2.5,,yes
mexico,"Stixrs","North America Standard data eSIM 1 GB 30 Days",1,30,2.5,2.5,,no
mexico,"Bloomy eSIM","Mexico Unlimited (1GB/day) 1 Day",1,1,2.5,2.5,,yes
mexico,"AlpineSIM","AlpineSIM North America - 1GB/Day / 1 Days",1,1,2.53,2.53,,yes
mexico,"Horizon eSIM","Mexico 500MB 7Days",0.5,7,1.27394288,2.548,,no
mexico,"LimitSIM","North America 1GB",1,7,2.54788576,2.548,,no
mexico,"Giga.Tel","Mexico – 1GB – 1 Day – Free VPN",1,1,2.55,2.55,,yes
mexico,"AlpineSIM","AlpineSIM Mexico - 500MB / 7 Days",0.5,7,1.29,2.58,,yes
mexico,"AlpineSIM","AlpineSIM Mexico - 500MB/Day / 1 Days",0.5,1,1.29,2.58,,yes
mexico,"Bloomy eSIM","Mexico 1GB 7 Days",1,7,2.58,2.58,,yes
mexico,"LATAM Travellers","Mexico eSIM - 1GB / 7 Days",1,7,2.59,2.59,,no
mexico,"IbridMarket","Mexico 1GB/Day",1,1,2.6,2.6,,no
mexico,"Ozly eSIM","North America 1GB 7Days",1,7,2.6,2.6,,yes
mexico,"Tripuck eSIM","North America 502 MB / 1 Days",0.5,1,1.31,2.61,,no
mexico,"abesteSIM","eSIM Mexico - 5 Days / Total 1GB",1,5,2.6096792133345694,2.61,,yes
mexico,"MegaEsim","Mexico Unlimited, 1 day (1 GB/day full speed)",1,1,2.62,2.62,,yes
mexico,"SparkRoam","Mexico eSIM 1 GB 7 Days",1,7,2.62,2.62,,yes
mexico,"nextSIM","eSIM Mexico 1GB 7Days Economy",1,7,2.62750719,2.628,,yes
mexico,"Textr eSIM","Mexico 1GB",1,7,2.64,2.64,,no
mexico,"Connect Me Guru","Mexico 1GB/Day",1,1,2.65,2.65,,yes
mexico,"ESIM.DOG 🐶","⚡️ Altan Mexico - Best Coverage (500MB/30Days) - Black route",0.5,30,1.33,2.66,,no
mexico,"Yoho Mobile","3-Country eSIM 1GB/Day 1Day",1,1,2.66,2.66,,yes
mexico,"Yoho Mobile","MX eSIM 1GB/Day 1Day",1,1,2.66,2.66,,yes
mexico,"IbridMarket","Mexico 1GB 7Days",1,7,2.67,2.67,,no
mexico,"RedEx eSIM","Mexico 1GB/Day",1,1,2.69,2.69,,yes
mexico,"Landed eSIM","Mexico 1GB/day · 1 day",1,1,2.69,2.69,,yes
mexico,"ASIMGO","eSIM North America (US &amp; Canada &amp; Mexico) - 1 Day / Total 200MB",0.2,1,0.54,2.7,,yes
mexico,"ASIMGO","eSIM Mexico - 1 Day / Total 200MB",0.2,1,0.54,2.7,,yes
mexico,"mobineX","Unlimited Standard",1,1,2.7,2.7,,yes
mexico,"Tripuck eSIM","North America 1 GB / 30 Days",1,30,2.7,2.7,,yes
mexico,"ESIM.DOG 🐶","⚡️ [5G] Global (202 countries) - Best 5G Coverage (1GB/5Days) - Yellow route",1,5,2.7,2.7,,yes
mexico,"Connect Me Guru","Mexico 1GB 7Days",1,7,2.73,2.73,,yes
mexico,"MicroEsim","Mexico eSIM 5G - 3 Days / Total 1GB",1,3,2.75,2.75,,yes
mexico,"Giga.Tel","North America (3 areas) – 1GB – 1 Day – Free VPN",1,1,2.75,2.75,,yes
mexico,"RedSim","Mexico 1GB/day 1 Day",1,1,2.75,2.75,,yes
mexico,"MegaEsim","North America 1 GB, 7 days",1,7,2.77,2.77,,no
mexico,"ASIMGO","eSIM Mexico - 5 Days / Total 1GB",1,5,2.78,2.78,,yes
mexico,"Ozly eSIM","North America 1GB 30Days",1,30,2.8,2.8,,yes
mexico,"Astaroam","Mexico 1GB 7Days",1,7,2.800583346495833,2.801,,yes
mexico,"Tripuck eSIM","Mexico 502 MB / 7 Days",0.5,7,1.41,2.809,,yes
mexico,"AlpineSIM","AlpineSIM North America - 1GB / 7 Days",1,7,2.81,2.81,,yes
mexico,"Tripuck eSIM","Global 1 GB / 7 Days",1,7,2.81,2.81,,yes
mexico,"Hiroaming","Mexico 1GB 7Days",1,7,2.82,2.82,,no
mexico,"eSIMPhoney","North America - 1GB",1,7,2.8322480100000003,2.832,,no
mexico,"abesteSIM","eSIM North America (US &amp; Canada &amp; Mexico) 5G - 5 Days / Total 1GB",1,5,2.836268127067212,2.836,,yes
mexico,"MicroEsim","North America (US &amp; Canada &amp; Mexico) eSIM 5G - 1 Day / Daily 500MB",0.5,1,1.42,2.84,,yes
mexico,"eSIM2Me","North America 1GB/day",1,1,2.84,2.84,,yes
mexico,"MicroEsim","North America (US &amp; Canada &amp; Mexico) eSIM 5G - 3 Days / Total 1GB",1,3,2.85,2.85,,yes
mexico,"Roameer","MX 1GB / 7 Days",1,7,2.85,2.85,,no
mexico,"MicroEsim","Mexico eSIM 5G - 1 Day / Daily 500MB",0.5,1,1.43,2.86,,yes
mexico,"ASIMGO","eSIM North America (US &amp; Canada &amp; Mexico) - 5 Days / Total 1GB",1,5,2.86,2.86,,yes
mexico,"ESIM.DOG 🐶","⚡️ [5G] North America (3 countries) - Best 5G Coverage (1GB/30Days) - Blue route",1,30,2.87,2.87,,yes
mexico,"EscapeSIM","North America 1GB Stopover",1,7,2.89,2.89,,yes
mexico,"AlpineSIM","AlpineSIM Mexico - 100MB / 7 Days",0.1,7,0.29,2.9,,yes
mexico,"Roaming4You","Mexico Unlimited Data - 1 Day",1,1,2.9,2.9,,yes
mexico,"Tripuck eSIM","Mexico 502 MB / 1 Days",0.5,1,1.46,2.908,,yes
mexico,"Tourist eSIM","North America (3+ countries) • 1 GB • 7 Days",1,7,2.91,2.91,,no
mexico,"eSIM4Travel","Latin America 10 - 1GB/1Days",1,1,2.92,2.92,,no
mexico,"LimitSIM","Mexico 1GB/Day",1,1,2.92324393,2.923,,yes
mexico,"nextSIM","eSIM Mexico 1GB 7Days Standard",1,7,2.92324393,2.923,,no
mexico,"abesteSIM","eSIM North America (US &amp; Canada &amp; Mexico) 5G - 1 Day / Daily 1GB",1,1,2.9300290568876157,2.93,,yes
mexico,"GLOBAL YO","Mexico - 3 Days - 1 GB",1,3,2.94,2.94,,no
mexico,"Yatelo","MEX 1GB 7 Days",1,7,2.95,2.95,,yes
mexico,"Roamless","Mexico - No Expiration",1,0,2.95,2.95,,no
mexico,"AirPlans","Mexico 1GB 1 Day",1,1,2.96,2.96,,yes
mexico,"eSIMNow","Mexico 1GB/Day for 1 Day",1,1,2.97,2.97,,yes
mexico,"MicroEsim","Mexico eSIM 5G - 7 Days / Total 1GB",1,7,2.97,2.97,,yes
mexico,"PuraSIM","Mexico 500MB 7Days",0.5,7,1.49,2.98,,yes
mexico,"MoodSIM","Mexico Unlimited (500 MB/day, then 512 Kbps) 1 Day",0.5,1,1.49,2.98,,yes
mexico,"MicroEsim","Americas &amp; Caribbean eSIM 13 Countries - 1 Day / Daily 1GB",1,1,2.98,2.98,,yes
mexico,"nadanada","eSIM, 1GB, 7 Days, Mexico",1,7,2.99,2.99,,no
mexico,"SimSwift","Mexico 1GB 7Days",1,7,2.99,2.99,,no
mexico,"SimSwift","Mexico 1GB/Day",1,1,2.99,2.99,,no
mexico,"GigSky","Mexico",1,7,2.99,2.99,,no
mexico,"MicroEsim","Mexico eSIM 5G - 5 Days / Total 1GB",1,5,2.99,2.99,,yes
mexico,"Movisim","Mexico 1.0GB - 7-Day eSIM",1,7,2.99,2.99,,yes
mexico,"Movisim","Mexico 1.0GB/day (Unlimited) - 1-Day eSIM",1,1,2.99,2.99,,yes
mexico,"GigSky","North America",1,7,2.99,2.99,,yes
mexico,"Horizon eSIM","Mexico 100MB 7Days",0.1,7,0.30711123,3.071,,no
mexico,"AlpineSIM","AlpineSIM North America - 500MB/Day / 1 Days",0.5,1,1.54,3.08,,yes
mexico,"LimitSIM","North America 0.49GB",0.5,1,1.61517758,3.217,,no
mexico,"ESIM.DOG 🐶","⚡️ Latin America (11 countries) - Best Coverage (500MB/1Days) - Green route",0.5,1,1.61,3.22,,no
mexico,"ESIM.DOG 🐶","⚡️ [5G] Latin America (11 countries) - Best 5G Coverage (500MB/1Days) - Pink route",0.5,1,1.61,3.22,,no
mexico,"MegaEsim","North America 490 MB, 1 day",0.49,1,1.58,3.224,,no
mexico,"Bloomy eSIM","Mexico 500MB 7 Days",0.5,7,1.62,3.24,,yes
mexico,"SimSmash","Mexico Daily Unlimited 0.49GB/day for 1 Days",0.49,1,1.59,3.245,,yes
mexico,"Hiroaming","Mexico 500MB 7Days",0.5,7,1.65,3.3,,no
mexico,"Tripuck eSIM","Latin America 502 MB / 1 Days",0.5,1,1.66,3.307,,no
mexico,"LATAM Travellers","Mexico eSIM - 500MB / 7 Days",0.5,7,1.7,3.4,,no
mexico,"Hiroaming","Mexico 500MB/Day",0.5,1,1.74,3.48,,no
mexico,"LATAM Travellers","Mexico eSIM - 500MB / Day",0.5,1,1.74,3.48,,no
mexico,"Connect Me Guru","Mexico 500MB 7Days",0.5,7,1.77,3.54,,yes
mexico,"IbridMarket","Mexico 500MB 7Days",0.5,7,1.77,3.54,,no
mexico,"LimitSIM","Mexico 500MB 7Days",0.5,7,1.8199184000000002,3.64,,yes
mexico,"SeferESIM","Mexico 500MB 7Days",0.5,7,1.82,3.64,,yes
mexico,"Connect Me Guru","Mexico 500MB/Day",0.5,1,1.84,3.68,,yes
mexico,"RedEx eSIM","Mexico 500MB/Day",0.5,1,1.84,3.68,,yes
mexico,"IbridMarket","Mexico 500MB/Day",0.5,1,1.84,3.68,,no
mexico,"MicroEsim","Americas &amp; Caribbean eSIM 13 Countries - 1 Day / Daily 500MB",0.5,1,1.89,3.78,,yes
mexico,"Landed eSIM","Mexico 500MB/day · 1 day",0.5,1,1.89,3.78,,yes
mexico,"SeferESIM","Mexico 500MB/Day",0.5,1,1.92,3.84,,yes
mexico,"eSIMNow","Mexico 500MB 7Days",0.5,7,1.96,3.92,,yes
mexico,"Earth Esim","500MB/1 Day Mexico 5G eSIM",0.5,1,1.99,3.98,,yes
mexico,"YonoSIM","Mexico 500MB 7Days",0.5,7,1.99,3.98,,yes
mexico,"MoodSIM","North America Unlimited (500 MB/day, then 512 Kbps) 1 Day",0.5,1,1.99,3.98,,yes
mexico,"Govora","Mexico 500MB 7Days",0.49,7,1.99,4.061,,no
mexico,"RedEx eSIM","Mexico 500MB 7Days",0.5,7,2.05,4.1,,yes
mexico,"eSIMNow","Mexico 500MB/Day for 1 Day",0.5,1,2.05,4.1,,yes
mexico,"bndless","Mexico 500MB 7Days",0.5,7,2.05,4.1,,yes
mexico,"Hiroaming","North America 500MB/Day",0.5,1,2.05,4.1,,no
mexico,"Wiiline","for Mexico 1 Days 0.49GB - 490 MB",0.49,1,2.02,4.122,,no
mexico,"IbridMarket","North America 500MB/Day",0.5,1,2.08,4.16,,no
mexico,"Connect Me Guru","North America 500MB/Day",0.5,1,2.1,4.2,,no
mexico,"RedEx eSIM","North America 500MB/Day",0.5,1,2.11,4.22,,yes
mexico,"bndless","Mexico 500MB/Day",0.5,1,2.16,4.32,,yes
mexico,"Superalink","Mexico - 500MB/day",0.5,3,2.19,4.38,,yes
mexico,"AirPlans","Mexico 500MB 1 Day",0.5,1,2.19,4.38,,yes
mexico,"Landed eSIM","North America 500MB/day · 1 day",0.5,1,2.19,4.38,,no
mexico,"eSIM Hero","Mexico 500MB 7 Days",0.5,7,2.25,4.5,,yes
mexico,"SeferESIM","North America 500MB/Day",0.5,1,2.26,4.52,,yes
mexico,"Voyasim","Mexico 500MB 7Days",0.5,7,2.3,4.6,,yes
mexico,"LimitSIM","LATAM 0.49GB",0.5,1,2.32039596,4.622,,no
mexico,"SimSmash","North America Daily Unlimited 0.49GB/day for 1 Days",0.49,1,2.29,4.673,,yes
mexico,"eSIMNow","North America 500MB/Day for 1 Day",0.5,1,2.36,4.72,,yes
mexico,"DashRoam","Mexico 500MB 7Days",0.5,7,2.37,4.74,,yes
mexico,"Voyasim","Mexico 500MB/Day",0.5,1,2.4,4.8,,yes
mexico,"Billion Connect","Mexico eSIM 1 Day 500MB/Day",0.5,1,2.43,4.86,,yes
mexico,"MoodSIM","Mexico 100 MB 7 Days",0.1,7,0.49,4.9,,yes
mexico,"MicroEsim","Mexico eSIM 5G - 1 Day / Total 200MB",0.2,1,0.98,4.9,,yes
mexico,"ESIM.DOG 🐶","⚡️ [5G] Global (202 countries) - Best 5G Coverage (300MB/3Days) - Yellow route",0.3,3,1.49,4.967,,yes
mexico,"Earth Esim","500MB/1 Day USA, Canada &amp; Mexico",0.5,1,2.49,4.98,,yes
mexico,"ESIM.DOG 🐶","⚡️ [5G] AT&amp;T/Telcel Mexico - Best 5G Coverage (500MB/1Days) - Blue route",0.5,1,2.49,4.98,,yes
mexico,"ESIM.DOG 🐶","⚡️ Best Coverage in Mexico (500MB/1Days) - Green route",0.5,1,2.49,4.98,,no
mexico,"ESIM.DOG 🐶","⚡️ [5G] North America (3 countries) - Best 5G Coverage (500MB/1Days) - Blue route",0.5,1,2.49,4.98,,yes
mexico,"SIMDUCK.COM","Mexico 500 MB, 7 days",0.5,7,2.49,4.98,,yes
mexico,"ESIM.DOG 🐶","⚡️ Best Coverage in Mexico (500MB/1Days) - Pink route",0.5,1,2.49,4.98,,no
mexico,"Voyasim","Mexico 100MB 7Days",0.1,7,0.5,5,,yes
mexico,"MicroEsim","Americas &amp; Caribbean eSIM 18 Countries - 1 Day / Daily 500MB",0.5,1,2.51,5.02,,yes
mexico,"MicroEsim","North America (US &amp; Canada &amp; Mexico) eSIM 5G - 1 Day / Total 200MB",0.2,1,1.01,5.05,,yes
mexico,"Tripuck eSIM","Global 297 MB / 3 Days",0.3,3,1.5,5.051,,yes
mexico,"bndless","North America 500MB/Day",0.5,1,2.54,5.08,,yes
mexico,"Hungry eSIM","Mexico Unlimited eSIM — 0.5GB/Day · 512 Kbps after",0.5,1,2.6,5.2,,yes
mexico,"MicroEsim","Americas &amp; Caribbean eSIM 23 Countries - 1 Day / Daily 500MB",0.5,1,2.67,5.34,,yes
mexico,"abesteSIM","eSIM Mexico - 3 Days / Daily 500MB",0.5,3,2.7034401431549733,5.407,,yes
mexico,"Skyalo","Mexico • 500 MB • 7 days",0.5,7,2.73,5.46,,yes
mexico,"Hiroaming","Mexico 100MB 7Days",0.1,7,0.55,5.5,,no
mexico,"Hungry eSIM","North America Unlimited eSIM — 0.5GB/Day · 512 Kbps after",0.5,1,2.79,5.58,,yes
mexico,"Voyasim","North America 500MB/Day",0.5,1,2.8,5.6,,yes
mexico,"eSIM2Me","Mexico 500MB 7Days",0.5,7,2.84,5.68,,yes
mexico,"eSIM2Me","Mexico 500MB/Day",0.5,1,2.84,5.68,,yes
mexico,"eSIM2Me","North America 500MB/day",0.5,1,2.84,5.68,,yes
mexico,"eSIM2Me","North America 500MB/Day",0.5,1,2.84,5.68,,yes
mexico,"ASIMGO","eSIM Mexico - 3 Days / Daily 500MB",0.5,3,2.88,5.76,,yes
mexico,"Skyalo","Mexico • 500 MB/day • 1 day",0.5,1,2.88,5.76,,yes
mexico,"GIGAGO","North &amp; Central America eSIM 6 countries",0.5,1,2.9,5.8,,no
mexico,"SeferESIM","Mexico 100MB 7Days",0.1,7,0.6,6,,yes
mexico,"LimitSIM","Mexico 100MB 7Days",0.1,7,0.60284797,6.028,,yes
mexico,"Superalink","Mexico - Regular",0.1,1,0.61,6.1,,yes
mexico,"Superalink","Mexico - Regular",0.1,3,0.63,6.3,,yes
mexico,"Truely","Mexico - 300MB, 2 days",0.3,2,1.89,6.3,,no
mexico,"Superalink","Mexico - Regular",0.1,5,0.65,6.5,,yes
mexico,"BlueSky eSIM","🔷 [5G] Worldwide (201 countries) Best Coverage (300MB/3d)",0.3,3,1.97,6.567,,yes
mexico,"eSIMzio","Global 300 MB — 3 days",0.3,3,1.981544820633844,6.605,,yes
mexico,"JamboSim","eSIM JamboSim Global 300MB / 3 Days",0.3,3,1.99,6.633,,yes
mexico,"Superalink","Mexico - Regular",0.1,7,0.67,6.7,,yes
mexico,"bndless","Mexico 100MB 7Days",0.1,7,0.68,6.8,,yes
mexico,"Bloomy eSIM","Mexico 100MB 7 Days",0.1,7,0.7,7,,yes
mexico,"Stellar eSim","Mexico 100MB 7Days + Free Stellar VPN",0.1,7,0.75071634,7.507,,no
mexico,"PRIeSIM","Discover Global 300 MB · 3 days",0.3,3,2.2635235099999997,7.545,,no
mexico,"Airalo","Chido - Unlimited",3,7,23.5,7.833,ESIMDB15,yes
mexico,"Tripuck eSIM","Mexico 102 MB / 7 Days",0.1,7,0.8,7.843,,yes
mexico,"Truely","North America - 300MB, 2 days",0.3,2,2.49,8.3,,yes
mexico,"ESIM.DOG 🐶","⚡️ Best Coverage in Mexico (300MB/3Days) - Yellow route",0.3,3,2.49,8.3,,no
mexico,"Connect Me Guru","Mexico 100MB 7Days",0.1,7,0.85,8.5,,yes
mexico,"Roamix","Mexico 100MB 7Days",0.1,7,0.85,8.5,,yes
mexico,"ESIM.DOG 🐶","⚡️ Best Coverage in Mexico (200MB/30Days) - Yellow route",0.2,30,1.71,8.55,,no
mexico,"LATAM Travellers","Mexico eSIM - 100MB / 7 Days",0.1,7,0.86,8.6,,no
mexico,"Tripuck eSIM","Global 205 MB / 30 Days",0.2,30,1.85,9.024,,yes
mexico,"eSIMNow","Mexico 100MB 7Days",0.1,7,0.91,9.1,,yes
mexico,"IbridMarket","Mexico 100MB 7Days",0.1,7,0.92,9.2,,no
mexico,"ESIM.DOG 🐶","⚡️ [5G] Global (202 countries) - Best 5G Coverage (200MB/30Days) - Yellow route",0.2,30,1.84,9.2,,yes
mexico,"ESIM.DOG 🐶","⚡️ Altan Mexico - Best Coverage (100MB/90Days) - Black route",0.1,90,0.98,9.8,,no
mexico,"BlueSky eSIM","✈️ [5G] Worldwide (201 countries) Best Coverage (200MB/30d)",0.2,30,1.97,9.85,,yes
mexico,"StaffTraveler eSIM","StaffTraveler eSIM 100 MB",0.1,365,0.99,9.9,,no
mexico,"Avelis eSIM","Standard 100MB / 7 Days",0.1,7,0.99,9.9,,yes
mexico,"eSIMzio","Global 200 MB — 30 days",0.2,30,1.981544820633844,9.908,,yes
mexico,"PRIeSIM","Discover Global 200 MB · 30 days",0.2,30,2.2635235099999997,11.318,,no
mexico,"MobileSIM","Global 200 MB for 30 days",0.2,30,2.3,11.5,,no
mexico,"DashRoam","Mexico 100MB 7Days",0.1,7,1.45,14.5,,yes
mexico,"merdata","eSIM Mexico 100 MB 7 days",0.1,7,1.470957924283237,14.71,,no
mexico,"ESIM.DOG 🐶","⚡️ Altan Mexico - Best Coverage (100MB/1Days) - Black route",0.1,1,1.49,14.9,,no
mexico,"PuraSIM","Mexico 100MB 7Days",0.1,7,1.49,14.9,,yes
mexico,"PikaSim","Mexico 100MB 7Days",0.1,7,1.5,15,,no
mexico,"Simsima","Mexico 100MB 7Days",0.1,7,1.5,15,,yes
mexico,"eSIM Hero","Mexico 100MB 7 Days",0.1,7,1.5,15,,yes
mexico,"RedEx eSIM","Mexico 100MB 7Days",0.1,7,1.71,17.1,,yes
mexico,"SIMDUCK.COM","Mexico 100 MB, 7 days",0.1,7,1.99,19.9,,yes
mexico,"Keepgo","Caelum Latin America",0.1,0,2,20,,yes
mexico,"Keepgo","Cygnus: Canada + USA",0.1,0,2,20,,yes
mexico,"Keepgo","Tucana",0.1,0,2,20,,yes
mexico,"yaySIM","MX_0.1_7",0.1,7,2.1611531,21.188,,yes
mexico,"Roamify","Global One Year eSIM 100 MB - 365 Days",0.1,365,2.5,25,,yes
mexico,"Tripuck eSIM","Global 102 MB / 365 Days",0.1,365,2.6,25.49,,yes
singapore,"ESIM.DOG 🐶","🛜 Singtel Singapore - Essential Coverage (5GB/15Days) - Amber route",5,15,1.21,0.242,,yes
singapore,"ESIM.DOG 🐶","🛜 Singtel Singapore - Essential Coverage (5GB/3Days) - Amber route",5,3,1.21,0.242,,yes
singapore,"ESIM.DOG 🐶","🛜 Singtel Singapore - Essential Coverage (5GB/5Days) - Amber route",5,5,1.21,0.242,,yes
singapore,"ESIM.DOG 🐶","🛜 Singtel Singapore - Essential Coverage (5GB/7Days) - Amber route",5,7,1.21,0.242,,yes
singapore,"ESIM.DOG 🐶","🛜 Singtel Singapore - Essential Coverage (5GB/10Days) - Amber route",5,10,1.21,0.242,,yes
singapore,"ESIM.DOG 🐶","🛜 Singtel Singapore - Essential Coverage (5GB/20Days) - Amber route",5,20,1.21,0.242,,yes
singapore,"Stellar eSim","Singapore 5GB 20Days + Free Stellar VPN",5,20,1.2170704300000001,0.243,,no
singapore,"Stellar eSim","Singapore 5GB 30Days + Free Stellar VPN",5,30,1.2170704300000001,0.243,,no
singapore,"Stellar eSim","Singapore 5GB 30Days (nonhkip) + Free Stellar VPN",5,30,1.2170704300000001,0.243,,no
singapore,"ESIM.DOG 🐶","🛜 Singtel Singapore - Essential Coverage (3GB/7Days) - Amber route",3,7,0.78,0.26,,yes
singapore,"ESIM.DOG 🐶","🛜 Singtel Singapore - Essential Coverage (3GB/1Days) - Amber route",3,1,0.78,0.26,,yes
singapore,"ESIM.DOG 🐶","🛜 Singtel Singapore - Essential Coverage (3GB/3Days) - Amber route",3,3,0.78,0.26,,yes
singapore,"ESIM.DOG 🐶","🛜 Singtel Singapore - Essential Coverage (3GB/5Days) - Amber route",3,5,0.78,0.26,,yes
singapore,"ESIM.DOG 🐶","🛜 Singtel Singapore - Essential Coverage (3GB/10Days) - Amber route",3,10,0.78,0.26,,yes
singapore,"Stellar eSim","Singapore 3GB 20Days + Free Stellar VPN",3,20,0.7848398099999999,0.262,,no
singapore,"ESIM.DOG 🐶","🛜 Singtel Singapore - Essential Coverage (4GB/10Days) - Amber route",4,10,1.21,0.302,,yes
singapore,"ESIM.DOG 🐶","🛜 Singtel Singapore - Essential Coverage (4GB/25Days) - Amber route",4,25,1.21,0.302,,yes
singapore,"ESIM.DOG 🐶","🛜 Singtel Singapore - Essential Coverage (4GB/30Days) - Amber route",4,30,1.21,0.302,,yes
singapore,"Stellar eSim","Singapore eSIM Unlimited - 1 day",3,1,1.08057655,0.36,,no
singapore,"ESIM.DOG 🐶","🛜 Singtel Singapore - Essential Coverage (2GB/15Days) - Amber route",2,15,0.78,0.39,,yes
singapore,"ESIM.DOG 🐶","🛜 Singtel Singapore - Essential Coverage (2GB/14Days) - Amber route",2,14,0.78,0.39,,yes
singapore,"ESIM.DOG 🐶","⚡️ Best Coverage in Singapore (2GB/1Days) - Pink route",2,1,0.78,0.39,,no
singapore,"ESIM.DOG 🐶","🛜 Singtel Singapore - Essential Coverage (3GB/15Days) - Amber route",3,15,1.21,0.403,,yes
singapore,"ESIM.DOG 🐶","🛜 Singtel Singapore - Essential Coverage (3GB/30Days) - Amber route",3,30,1.21,0.403,,yes
singapore,"ESIM.DOG 🐶","🛜 Singtel Singapore - Essential Coverage (3GB/12Days) - Amber route",3,12,1.21,0.403,,yes
singapore,"ESIM.DOG 🐶","🛜 Singtel Singapore - Essential Coverage (3GB/14Days) - Amber route",3,14,1.21,0.403,,yes
singapore,"ESIM.DOG 🐶","🛜 Singtel Singapore - Essential Coverage (3GB/20Days) - Amber route",3,20,1.21,0.403,,yes
singapore,"ESIM.DOG 🐶","🛜 Singtel Singapore - Essential Coverage (3GB/21Days) - Amber route",3,21,1.21,0.403,,yes
singapore,"ESIM.DOG 🐶","🛜 Singtel Singapore - Essential Coverage (3GB/25Days) - Amber route",3,25,1.21,0.403,,yes
singapore,"Stellar eSim","Singapore 3GB 30Days + Free Stellar VPN",3,30,1.29669186,0.432,,no
singapore,"Stellar eSim","Singapore 3GB 30Days (nonhkip) + Free Stellar VPN",3,30,1.29669186,0.432,,no
singapore,"Stellar eSim","Singapore 3GB 15Days + Free Stellar VPN",3,15,1.3080663499999998,0.436,,no
singapore,"Stellar eSim","Singapore 3GB 15Days (nonhkip) + Free Stellar VPN",3,15,1.3080663499999998,0.436,,no
singapore,"Stellar eSim","Singapore 3GB 5Days + Free Stellar VPN",3,5,1.38768778,0.463,,no
singapore,"Stellar eSim","Singapore 3GB 1Days + Free Stellar VPN",3,1,1.38768778,0.463,,no
singapore,"Superalink","Malaysia/Singapore/Thailand - 3GB/day",3,1,1.39,0.463,,yes
singapore,"Superalink","Malaysia/Singapore - 3GB/day",3,1,1.39,0.463,,yes
singapore,"ASIMGO","eSIM Singapore - Malaysia - Thailand - Support Tiktok - 1 Day / Daily 3GB",3,1,1.39,0.463,,yes
singapore,"ASIMGO","eSIM Singapore - 1 Day / Daily 3GB",3,1,1.42,0.473,,no
singapore,"Superalink","Singapore - 3GB/day",3,1,1.49,0.497,,yes
singapore,"EtravelSIM","Singapore eSIM 20 GB - 10 Days",20,10,9.99,0.499,,no
singapore,"eSIMX","Singapore 20GB 7Days",20,7,10.8,0.54,,yes
singapore,"Superalink","Malaysia/Singapore/Thailand - 2GB/day",2,1,1.09,0.545,,yes
singapore,"Superalink","Malaysia/Singapore - 2GB/day",2,1,1.09,0.545,,yes
singapore,"Stellar eSim","Singapore &amp; Malaysia &amp; Thailand eSIM Unlimited - 1 day",2,1,1.10332553,0.552,,no
singapore,"ESIM.DOG 🐶","⚡️ [5G] Asia (5 countries) - Best 5G Coverage (1GB/1Days) - Pink route",1,1,0.58,0.58,,no
singapore,"ESIM.DOG 🐶","⚡️ Best Coverage in Singapore (1GB/1Days) - Pink route",1,1,0.58,0.58,,no
singapore,"ASIMGO","eSIM Southeast Asia - 5 Countries - 1 Day / Daily 1GB",1,1,0.59,0.59,,yes
singapore,"ESIM.DOG 🐶","⚡️ [5G] Singtel Singapore - Best 5G Coverage (2GB/30Days) - Black route",2,30,1.21,0.605,,yes
singapore,"ESIM.DOG 🐶","⚡️ [5G] Asia (5 countries) - Best 5G Coverage (2GB/1Days) - Pink route",2,1,1.25,0.625,,no
singapore,"Stellar eSim","Singapore 2GB 15Days + Free Stellar VPN",2,15,1.2511939,0.626,,no
singapore,"MicroEsim","Singapore eSIM - 1 Day / Daily 2GB",2,1,1.26,0.63,,no
singapore,"Tripuck eSIM","Southeast Asia 2 GB/day / 1 Days",2,1,1.26,0.63,,yes
singapore,"ESIM.DOG 🐶","⚡️ M1/SingTel Singapore - Best Coverage (1GB/7Days) - Blue route",1,7,0.64,0.64,,yes
singapore,"ESIM.DOG 🐶","⚡️ [5G] Singtel Singapore - Best 5G Coverage (1GB/3Days) - Black route",1,3,0.64,0.64,,yes
singapore,"Stellar eSim","Singapore 1GB 7Days (nonhkip) + Free Stellar VPN",1,7,0.64834593,0.648,,no
singapore,"Stellar eSim","Singapore 1GB 7Days + Free Stellar VPN",1,7,0.64834593,0.648,,no
singapore,"MicroEsim","Singapore &amp; Malaysia &amp; Thailand eSIM 5G - 1 Day / Daily 2GB",2,1,1.3,0.65,,yes
singapore,"Stellar eSim","Singapore 2GB 30Days + Free Stellar VPN",2,30,1.3080663499999998,0.654,,no
singapore,"ASIMGO","eSIM Singapore - Malaysia - Thailand - Support Tiktok - 1 Day / Daily 2GB",2,1,1.35,0.675,,yes
singapore,"ASIMGO","eSIM Singapore - 1 Day / Daily 2GB",2,1,1.37,0.685,,no
singapore,"Superalink","Singapore - 2GB/day",2,1,1.39,0.695,,yes
singapore,"ESIM.DOG 🐶","⚡️ [5G] Singtel Singapore - Best 5G Coverage (1GB/5Days) - Black route",1,5,0.73,0.73,,yes
singapore,"MicroEsim","Southeast Asia eSIM 5 Countries - 1 Day / Daily 2GB",2,1,1.46,0.73,,yes
singapore,"RedEx eSIM","Unlimited Data - 1 Days (2 GB / 384 KBPS)",2,1,1.46,0.73,,no
singapore,"MicroEsim","Singapore eSIM - 1 Day / Daily 1GB",1,1,0.74,0.74,,no
singapore,"Yoho Mobile","SG eSIM 1GB 7Day",1,7,0.74,0.74,,yes
singapore,"MoodSIM","Singapore Unlimited (2 GB/day, then 1 Mbps) 1 Day",2,1,1.49,0.745,,no
singapore,"MicroEsim","Singapore &amp; Malaysia &amp; Thailand eSIM 5G - 1 Day / Daily 1GB",1,1,0.75,0.75,,yes
singapore,"Superalink","Singapore - Regular",1,1,0.75,0.75,,yes
singapore,"Superalink","Singapore - Regular",1,3,0.77,0.77,,yes
singapore,"TravelGator eSIM","Singapore eSIM Roaming Data",1,1,0.7735276710183305,0.774,,no
singapore,"AlpineSIM","AlpineSIM Singapore - 1GB / 7 Days",1,7,0.78,0.78,,no
singapore,"ESIM.DOG 🐶","⚡️ [5G] Singtel Singapore - Best 5G Coverage (1GB/20Days) - Black route",1,20,0.78,0.78,,yes
singapore,"Superalink","Singapore - Regular",1,5,0.79,0.79,,yes
singapore,"Roaming4You","Singapore Unlimited Data - 1 Day",1,1,0.8,0.8,,no
singapore,"Superalink","Singapore - Regular",1,7,0.82,0.82,,yes
singapore,"Superalink","Singapore - Regular",1,10,0.83,0.83,,yes
singapore,"ESIM.DOG 🐶","⚡️ [5G] Asia (5 countries) - Best 5G Coverage (1.5GB/1Days) - Pink route",1.5,1,1.25,0.833,,no
singapore,"Superalink","Singapore - Regular",1,15,0.85,0.85,,yes
singapore,"abesteSIM","eSIM Asia+Europe 52 Regions - 1 Day / Daily 500MB",0.5,1,0.42973759501018366,0.859,,yes
singapore,"abesteSIM","eSIM Southeast Asia (5 Countries) - 1 Day / Daily 500MB",0.5,1,0.42973759501018366,0.859,,yes
singapore,"abesteSIM","eSIM Global (66 Destinations) - 1 Day / Daily 500MB",0.5,1,0.42973759501018366,0.859,,yes
singapore,"MicroEsim","Singapore eSIM - 3 Days / Total 1GB",1,3,0.86,0.86,,no
singapore,"Superalink","Singapore - Regular",1,20,0.86,0.86,,yes
singapore,"ESIM.DOG 🐶","⚡️ [5G] Singtel Singapore - Best 5G Coverage (1GB/30Days) - Black route",1,30,0.86,0.86,,yes
singapore,"Yoho Mobile","SG eSIM 1GB/Day 1Day",1,1,0.86,0.86,,yes
singapore,"Stellar eSim","Singapore 750MB 7Days + Free Stellar VPN",0.75,7,0.64834593,0.864,,no
singapore,"Superalink","Singapore - Regular",1,30,0.87,0.87,,yes
singapore,"MicroEsim","Singapore &amp; Malaysia &amp; Thailand eSIM 5G - 3 Days / Total 1GB",1,3,0.88,0.88,,yes
singapore,"eSIM4Travel","South Asia 5 (Singapore, Malaysia, Thailand, Indonesia, Vietnam) - 1GB/7Days",1,7,0.93,0.93,,yes
singapore,"TravelGator eSIM","Singapore eSIM Roaming Data",1,3,0.9376092982040369,0.938,,no
singapore,"MicroEsim","Singapore eSIM - 5 Days / Total 1GB",1,5,0.94,0.94,,no
singapore,"ASIMGO","eSIM Singapore - 1 Day / Daily 1GB",1,1,0.95,0.95,,no
singapore,"TravelGator eSIM","Singapore eSIM Roaming Data",1,5,0.9610495306591379,0.961,,no
singapore,"MicroEsim","Singapore &amp; Malaysia &amp; Thailand eSIM 5G - 5 Days / Total 1GB",1,5,0.97,0.97,,yes
singapore,"Yoho Mobile","3-Country eSIM 1GB 7Day",1,7,0.97,0.97,,yes
singapore,"MicroEsim","Southeast Asia eSIM 5 Countries - 1 Day / Daily 1GB",1,1,0.99,0.99,,yes
singapore,"SimSmash","Singapore 1GB for 7 Days",1,7,0.99,0.99,,yes
singapore,"Superalink","Malaysia/Singapore - 1GB/day",1,1,0.99,0.99,,yes
singapore,"Superalink","Malaysia/Singapore/Thailand - 1GB/day",1,1,0.99,0.99,,yes
singapore,"MoodSIM","Singapore 1 GB 7 Days",1,7,0.99,0.99,,no
singapore,"MoodSIM","Singapore Unlimited (1 GB/day, then 1 Mbps) 1 Day",1,1,0.99,0.99,,no
singapore,"Voyasim","Singapore 500MB 7Days",0.5,7,0.5,1,,no
singapore,"Orbit Mobile","Global Pass",1,1,1,1,,no
singapore,"ESIM888","Singapore (1GB/7DAYS)",1,7,1,1,,no
singapore,"iRoamly","Singapore-eSIM-1GB-1 Day-Daily",1,1,1,1,,yes
singapore,"SeferESIM","Singapore 1GB/Day FUP1Mbps",1,1,1,1,,no
singapore,"ROWM","Singapore Daily",1,1,1,1,,no
singapore,"Bloomy eSIM","Singapore Unlimited (1GB/day) 1 Day",1,1,1,1,,no
singapore,"Tripuck eSIM","Singapore 1 GB / 1 Days",1,1,1,1,,no
singapore,"LimitSIM","Singapore 1GB/Day",1,1,1.00095512,1.001,,yes
singapore,"TravelGator eSIM","Singapore eSIM Roaming Data",1,7,1.0079299955693397,1.008,,no
singapore,"MicroEsim","Singapore eSIM - 7 Days / Total 1GB",1,7,1.02,1.02,,no
singapore,"Yesim","Singapore",0.5,1,0.51185205,1.024,,yes
singapore,"Yesim","South East Asia",0.5,1,0.51185205,1.024,,yes
singapore,"Horizon eSIM","Singapore 1GB 7Days",1,7,1.0237041,1.024,,no
singapore,"eSIM4Travel","Singapore (Singtel) - 1GB/1Days",1,1,1.04,1.04,,yes
singapore,"Yoho Mobile","4-Country eSIM 1GB 7Day",1,7,1.05,1.05,,yes
singapore,"eSIM4Travel","South Asia 3 (Singapore, Malaysia, Thailand) - 1GB/7Days",1,7,1.05,1.05,,yes
singapore,"Tripuck eSIM","Singapore 1 GB / 7 Days",1,7,1.05,1.05,,no
singapore,"Stellar eSim","Asia (7 areas) 1GB 7Days + Free Stellar VPN",1,7,1.05782757,1.058,,no
singapore,"MicroEsim","Singapore &amp; Malaysia &amp; Thailand eSIM 5G - 7 Days / Total 1GB",1,7,1.06,1.06,,yes
singapore,"TravelGator eSIM","Singapore eSIM Roaming Data",1,10,1.0626238712979086,1.063,,no
singapore,"LimitSIM","Singapore 1GB",1,7,1.0692020599999998,1.069,,no
singapore,"Yoho Mobile","2-Country eSIM 1GB/Day 1Day",1,1,1.07,1.07,,yes
singapore,"Yoho Mobile","4-Country eSIM 1GB/Day 1Day",1,1,1.07,1.07,,yes
singapore,"abesteSIM","eSIM Global (23 Destinations) - 1 Day / Daily 500MB",0.5,1,0.5391253464673212,1.078,,yes
singapore,"ASIMGO","eSIM Singapore - 1 Day / Daily 500MB",0.5,1,0.54,1.08,,no
singapore,"Billion Connect","Singapore &amp; Malaysia &amp; Indonesia eSIM 1 Day 1GB/Day",1,1,1.08,1.08,,yes
singapore,"eSIM4Travel","Singapore (Singtel) - 1GB/7Days",1,7,1.08,1.08,,yes
singapore,"Bloomy eSIM","Singapore 1GB 7 Days",1,7,1.08,1.08,,no
singapore,"MicroEsim","Singapore eSIM - 10 Days / Total 1GB",1,10,1.09,1.09,,no
singapore,"ASIMGO","eSIM Singapore - 3 Days / Total 1GB",1,3,1.09,1.09,,no
singapore,"Superalink","Singapore - 1GB/day",1,1,1.09,1.09,,yes
singapore,"Ubigi","",10,7,11,1.1,,yes
singapore,"ASIMGO","eSIM Southeast Asia - 5 Countries - 1 Day / Daily 500MB",0.5,1,0.55,1.1,,yes
singapore,"ESIM.DOG 🐶","⚡️ M1/SingTel Singapore - Best Coverage (500MB/7Days) - Blue route",0.5,7,0.55,1.1,,yes
singapore,"ESIM.DOG 🐶","⚡️ [5G] Singtel Singapore - Best 5G Coverage (500MB/7Days) - Black route",0.5,7,0.55,1.1,,yes
singapore,"mobineX","Unlimited Standard",1,1,1.1,1.1,,yes
singapore,"mobineX","Unlimited Standard",1,1,1.1,1.1,,yes
singapore,"SeferESIM","Singapore 1GB 7Days",1,7,1.1,1.1,,no
singapore,"Ozly eSIM","Singapore 1GB 7Days",1,7,1.1,1.1,,no
singapore,"Tripuck eSIM","Southeast Asia 1 GB / 7 Days",1,7,1.11,1.11,,yes
singapore,"ASIMGO","eSIM Asia&amp;Europe - 54 Countries - 1 Day / Daily 500MB",0.5,1,0.56,1.12,,yes
singapore,"AlpineSIM","AlpineSIM Singapore - 500MB / 7 Days",0.5,7,0.56,1.12,,no
singapore,"ASIMGO","eSIM Singapore - Malaysia - Thailand - 1 Day / Daily 500MB",0.5,1,0.56,1.12,,yes
singapore,"MicroEsim","Singapore &amp; Malaysia &amp; Thailand eSIM 5G - 10 Days / Total 1GB",1,10,1.12,1.12,,yes
singapore,"bndless","Singapore 1GB/Day",1,1,1.13,1.13,,no
singapore,"eSIM Agora","Singapore 1GB/Day FUP1Mbps",1,1,1.137449,1.137,,no
singapore,"ASIMGO","eSIM Singapore - 5 Days / Total 1GB",1,5,1.15,1.15,,no
singapore,"Connect Me Guru","Singapore 1GB/Day FUP1Mbps",1,1,1.15,1.15,,yes
singapore,"Yoho Mobile","4-Country eSIM 1GB/Day 1Day",1,1,1.15,1.15,,yes
singapore,"Yoho Mobile","3-Country eSIM 1GB/Day 1Day",1,1,1.15,1.15,,yes
singapore,"Stellar eSim","Singapore &amp; Malaysia &amp; Thailand 1GB 7Days + Free Stellar VPN",1,7,1.16019798,1.16,,no
singapore,"TravelGator eSIM","Singapore eSIM Roaming Data",1,15,1.1720116227550461,1.172,,no
singapore,"Yoho Mobile","12-Country eSIM 1GB 7Day",1,7,1.18,1.18,,yes
singapore,"Yoho Mobile","9-Country eSIM 1GB 7Day",1,7,1.18,1.18,,yes
singapore,"Yoho Mobile","10-Country eSIM 1GB 7Day",1,7,1.18,1.18,,yes
singapore,"Yoho Mobile","4-Country eSIM 1GB 7Day",1,7,1.18,1.18,,yes
singapore,"Yoho Mobile","5-Country eSIM 1GB 7Day",1,7,1.18,1.18,,yes
singapore,"mobineX","Unlimited Standard",1,1,1.2,1.2,,yes
singapore,"MicroEsim","Singapore eSIM - 15 Days / Total 1GB",1,15,1.2,1.2,,no
singapore,"Voyasim","Singapore 1GB/Day FUP1Mbps",1,1,1.2,1.2,,no
singapore,"IbridMarket","Singapore 1GB/Day FUP1Mbps",1,1,1.2,1.2,,no
singapore,"Billion Connect","Southeast Asia eSIM [5 Countries] 1 Day 1GB/Day",1,1,1.2,1.2,,yes
singapore,"Horizon eSIM","Singapore 500MB 7Days",0.5,7,0.60284797,1.206,,no
singapore,"ASIMGO","eSIM Singapore - 7 Days / Total 1GB",1,7,1.21,1.21,,no
singapore,"abesteSIM","eSIM Southeast Asia (5 Countries) - 1 Day / Daily 1GB",1,1,1.226705498483615,1.227,,yes
singapore,"Connect Me Guru","Singapore 1GB 7Days",1,7,1.23,1.23,,yes
singapore,"MicroEsim","Singapore &amp; Malaysia &amp; Thailand eSIM 5G - 15 Days / Total 1GB",1,15,1.24,1.24,,yes
singapore,"bndless","Singapore 1GB 7Days",1,7,1.24,1.24,,no
singapore,"AlpineSIM","AlpineSIM Singapore - 1GB/Day / 1 Days",1,1,1.24,1.24,,no
singapore,"ASIMGO","eSIM Singapore - 10 Days / Total 1GB",1,10,1.25,1.25,,no
singapore,"AdventureSIMs","Singapore 1GB 7 Days",1,7,1.2540736454257866,1.254,,no
singapore,"MicroEsim","Singapore eSIM - 30 Days / Total 1GB",1,30,1.26,1.26,,no
singapore,"IbridMarket","Singapore 1GB 7Days",1,7,1.27,1.27,,no
singapore,"abesteSIM","eSIM Asia+Europe 52 Regions - 1 Day / Daily 1GB",1,1,1.2892127850305508,1.289,,yes
singapore,"MegaEsim","Singapore 1 GB, 1 day",1,1,1.29,1.29,,no
singapore,"MegaEsim","Singapore 1 GB, 7 days",1,7,1.29,1.29,,no
singapore,"MegaEsim","Singapore Unlimited, 1 day (1 GB/day full speed)",1,1,1.29,1.29,,no
singapore,"Stellar eSim","Singapore 500MB 7Days + Free Stellar VPN",0.5,7,0.64834593,1.297,,no
singapore,"EZsim","Singapore - 1GB/7Days",1,7,1.3,1.3,,no
singapore,"MicroEsim","Singapore &amp; Malaysia &amp; Thailand eSIM 5G - 30 Days / Total 1GB",1,30,1.3,1.3,,yes
singapore,"Billion Connect","Global eSIM [19 Regions] 3 Days 1GB",1,3,1.3,1.3,,yes
singapore,"Yoho Mobile","9-Country eSIM 1GB/Day 1Day",1,1,1.31,1.31,,yes
singapore,"Yoho Mobile","5-Country eSIM 1GB/Day 1Day",1,1,1.31,1.31,,yes
singapore,"Superalink","Singapore - Regular",0.5,1,0.66,1.32,,yes
singapore,"SparkRoam","Singapore 1GB 7Days",1,7,1.32,1.32,,yes
singapore,"FullBars","Singapore 1GB · 7 days",1,7,1.3210298804225626,1.321,,no
singapore,"ASIMGO","eSIM Singapore - 15 Days / Total 1GB",1,15,1.33,1.33,,no
singapore,"Yoho Mobile","14-Country eSIM 1GB 7Day",1,7,1.34,1.34,,yes
singapore,"Yoho Mobile","52-Country eSIM 1GB 7Day",1,7,1.34,1.34,,yes
singapore,"AlpineSIM","AlpineSIM Singapore &amp; Malaysia - 1GB/Day / 1 Days",1,1,1.34,1.34,,yes
singapore,"eSIMNow","Singapore 1GB 7Days",1,7,1.34,1.34,,no
singapore,"AlpineSIM","AlpineSIM Singapore &amp; Malaysia &amp; Thailand - 1GB/Day / 1 Days",1,1,1.35,1.35,,yes
singapore,"ASIMGO","eSIM Singapore - Malaysia - Thailand - Support Tiktok - 3 Days / Total 1GB",1,3,1.35,1.35,,yes
singapore,"Superalink","Singapore - Regular",0.5,3,0.68,1.36,,yes
singapore,"AlpineSIM","AlpineSIM Singapore - 500MB/Day / 1 Days",0.5,1,0.68,1.36,,no
singapore,"abesteSIM","eSIM Asia (10 Regions) - 1 Day / Daily 1GB",1,1,1.3673468932142205,1.367,,yes
singapore,"ASIMGO","eSIM Singapore - 30 Days / Total 1GB",1,30,1.37,1.37,,no
singapore,"Flysimio","Singapore 1GB 7Days",1,7,1.38,1.38,,yes
singapore,"Yatelo","SGP 1GB 7 Days",1,7,1.39,1.39,,no
singapore,"ASIMGO","eSIM Singapore - Malaysia - Thailand - Support Tiktok - 5 Days / Total 1GB",1,5,1.39,1.39,,yes
singapore,"Tripuck eSIM","Multi-Region 1 GB / 7 Days",1,7,1.39,1.39,,no
singapore,"Nomad","Local Singapore - 30 Days - 10 GB",10,30,14,1.4,ESIMDB3,yes
singapore,"Superalink","Singapore - Regular",0.5,5,0.7,1.4,,yes
singapore,"MicroEsim","Singapore eSIM - 1 Day / Daily 500MB",0.5,1,0.7,1.4,,no
singapore,"Voyasim","Singapore 1GB 7Days",1,7,1.4,1.4,,no
singapore,"iRoamly","Singapore-eSIM-1GB-3 Days-Total",1,3,1.4,1.4,,yes
singapore,"ASIMGO","eSIM Asia&amp;Europe - 54 Countries - 1 Day / Daily 1GB",1,1,1.41,1.41,,yes
singapore,"ASIMGO","eSIM Singapore - Malaysia - Thailand - 1 Day / Daily 1GB",1,1,1.41,1.41,,yes
singapore,"MicroEsim","Singapore &amp; Malaysia &amp; Thailand eSIM 5G - 1 Day / Daily 500MB",0.5,1,0.71,1.42,,yes
singapore,"RedEx eSIM","1 GB - 7 Days",1,7,1.42,1.42,,no
singapore,"SparkRoam","Singapore, Thailand, Malaysia · 1 GB · 7 days",1,7,1.42,1.42,,yes
singapore,"Esoim","Singapore eSIM 1 GB (1 Days)",1,1,1.42181125,1.422,,no
singapore,"Billion Connect","Singapore eSIM 1 Day 1GB/Day",1,1,1.43,1.43,,no
singapore,"Billion Connect","Singapore eSIM 3 Days 1GB",1,3,1.43,1.43,,no
singapore,"Superalink","Singapore - Regular",0.5,7,0.72,1.44,,yes
singapore,"Yoho Mobile","10-Country eSIM 1GB/Day 1Day",1,1,1.44,1.44,,yes
singapore,"Hiroaming","Singapore 500MB 7Days",0.5,7,0.73,1.46,,no
singapore,"4S eSIM","Singapore 1GB - 1 Day",1,1,1.47,1.47,,no
singapore,"ASIMGO","eSIM Singapore - Malaysia - Thailand - Support Tiktok - 10 Days / Total 1GB",1,10,1.47,1.47,,yes
singapore,"ASIMGO","eSIM Singapore - Malaysia - Thailand - Support Tiktok - 15 Days / Total 1GB",1,15,1.48,1.48,,yes
singapore,"SimSwift","Singapore 1GB 7Days",1,7,1.49,1.49,,no
singapore,"SimSwift","Singapore 1GB/Day FUP1Mbps",1,1,1.49,1.49,,no
singapore,"Tripuck eSIM","Multi-Region 1 GB / 1 Days",1,1,1.49,1.49,,yes
singapore,"MoodSIM","Singapore Unlimited (1 GB/day, then 384 Kbps) 1 Day",1,1,1.49,1.49,,no
singapore,"MoodSIM","Singapore/Malaysia Unlimited (1 GB/day, then 128 Kbps) 1 Day",1,1,1.49,1.49,,yes
singapore,"MoodSIM","SEA Trio Unlimited (1 GB/day, then 128 Kbps) 1 Day",1,1,1.49,1.49,,yes
singapore,"MoodSIM","Singapore 1 GB 7 Days",1,7,1.49,1.49,,no
singapore,"MoodSIM","Singapore Unlimited (1 GB/day, then 512 Kbps) 1 Day",1,1,1.49,1.49,,no
singapore,"MoodSIM","Singapore 500 MB 7 Days",0.5,7,0.75,1.5,,no
singapore,"Superalink","Singapore - 500MB/day",0.5,1,0.79,1.58,,yes
singapore,"Superalink","Malaysia/Singapore/Thailand - 500MB/day",0.5,1,0.79,1.58,,yes
singapore,"Superalink","Malaysia/Singapore - 500MB/day",0.5,1,0.79,1.58,,yes
singapore,"LimitSIM","Singapore 500MB 7Days",0.5,7,0.7962142999999999,1.592,,yes
singapore,"SeferESIM","Singapore 500MB 7Days",0.5,7,0.8,1.6,,no
singapore,"AlpineSIM","AlpineSIM Singapore &amp; Malaysia &amp; Thailand - 500MB/Day / 1 Days",0.5,1,0.82,1.64,,yes
singapore,"Bloomy eSIM","Singapore 500MB 7 Days",0.5,7,0.85,1.7,,no
singapore,"ESIM.DOG 🐶","⚡️ [5G] Singtel Singapore - Best 5G Coverage (500MB/30Days) - Black route",0.5,30,0.86,1.72,,yes
singapore,"MicroEsim","Southeast Asia eSIM 5 Countries - 1 Day / Daily 500MB",0.5,1,0.88,1.76,,yes
singapore,"Tripuck eSIM","Singapore 502 MB / 7 Days",0.5,7,0.9,1.793,,no
singapore,"bndless","Singapore 500MB 7Days",0.5,7,0.9,1.8,,no
singapore,"SimSmash","Singapore Daily Unlimited 0.49GB/day for 1 Days",0.49,1,0.89,1.816,,yes
singapore,"Hiroaming","Singapore 500MB/Day",0.5,1,0.91,1.82,,no
singapore,"SeferESIM","Singapore 500MB/Day (nonhkip)",0.5,1,0.96,1.92,,no
singapore,"Tripuck eSIM","Singapore 502 MB / 1 Days",0.5,1,0.98,1.952,,no
singapore,"Earth Esim","500MB/1 Day Singapore eSIM",0.5,1,0.99,1.98,,no
singapore,"ASIMGO","eSIM Asia 22 Regions - 1 Day / Daily 500MB",0.5,1,0.99,1.98,,yes
singapore,"MoodSIM","Singapore Unlimited (500 MB/day, then 384 Kbps) 1 Day",0.5,1,0.99,1.98,,no
singapore,"MoodSIM","Singapore Unlimited (500 MB/day, then 512 Kbps) 1 Day",0.5,1,0.99,1.98,,no
singapore,"Connect Me Guru","Singapore 500MB 7Days",0.5,7,1,2,,yes
singapore,"SeferESIM","Singapore 500MB/Day",0.5,1,1,2,,no
singapore,"abesteSIM","eSIM Asia (10 Regions) - 1 Day / Total 200MB",0.2,1,0.4062973625550827,2.031,,yes
singapore,"IbridMarket","Singapore 500MB 7Days",0.5,7,1.06,2.12,,no
singapore,"Tripuck eSIM","Multi-Region 502 MB / 1 Days",0.5,1,1.07,2.131,,no
singapore,"ASIMGO","eSIM Singapore - 2 Days / Daily 500MB",0.5,2,1.08,2.16,,no
singapore,"eSIMNow","Singapore 500MB 7Days",0.5,7,1.08,2.16,,no
singapore,"bndless","Singapore 500MB/Day (nonhkip)",0.5,1,1.08,2.16,,no
singapore,"Superalink","Singapore - 500MB/day",0.5,3,1.09,2.18,,yes
singapore,"Superalink","Malaysia/Singapore - 500MB/day",0.5,3,1.09,2.18,,yes
singapore,"Superalink","Malaysia/Singapore/Thailand - 500MB/day",0.5,3,1.09,2.18,,yes
singapore,"Superalink","Singapore - 3GB/day",3,5,6.69,2.23,,yes
singapore,"Connect Me Guru","Singapore 500MB/Day (nonhkip)",0.5,1,1.13,2.26,,yes
singapore,"bndless","Singapore 500MB/Day",0.5,1,1.13,2.26,,no
singapore,"LimitSIM","SEA 0.49GB",0.5,1,1.137449,2.266,,no
singapore,"Connect Me Guru","Singapore 500MB/Day",0.5,1,1.15,2.3,,yes
singapore,"IbridMarket","Singapore 500MB/Day (nonhkip)",0.5,1,1.17,2.34,,no
singapore,"LimitSIM","Singapore &amp; Malaysia &amp; Thailand 500MB/Day",0.5,1,1.1943214500000001,2.389,,no
singapore,"Voyasim","Singapore 500MB/Day (nonhkip)",0.5,1,1.2,2.4,,no
singapore,"Voyasim","Singapore 500MB/Day",0.5,1,1.2,2.4,,no
singapore,"IbridMarket","Singapore 500MB/Day",0.5,1,1.2,2.4,,no
singapore,"SeferESIM","Singapore &amp; Malaysia &amp; Thailand 500MB/Day",0.5,1,1.2,2.4,,yes
singapore,"AlpineSIM","AlpineSIM Asia (7 areas) - 500MB/Day / 1 Days",0.5,1,1.24,2.48,,yes
singapore,"eSIMNow","Singapore 500MB/Day for 1 Day",0.5,1,1.25,2.5,,no
singapore,"MicroEsim","Singapore eSIM - 3 Days / Daily 500MB",0.5,3,1.26,2.52,,no
singapore,"ESIM.DOG 🐶","⚡️ Starhub Singapore - Best Unlimited Coverage - Blue route",0.5,1,1.28,2.56,,yes
singapore,"Landed eSIM","Singapore 500MB/day · 1 day",0.5,1,1.29,2.58,,no
singapore,"Connect Me Guru","Singapore &amp; Malaysia &amp; Thailand 500MB/Day",0.5,1,1.3,2.6,,no
singapore,"MicroEsim","Singapore &amp; Malaysia &amp; Thailand eSIM 5G - 3 Days / Daily 500MB",0.5,3,1.3,2.6,,yes
singapore,"IbridMarket","Singapore &amp; Malaysia &amp; Thailand 500",0.5,1,1.34,2.68,,no
singapore,"bndless","Singapore &amp; Malaysia &amp; Thailand 500MB/Day",0.5,1,1.35,2.7,,yes
singapore,"ASIMGO","eSIM Singapore - Malaysia - Thailand - Support Tiktok - 3 Days / Daily 500MB",0.5,3,1.35,2.7,,yes
singapore,"ASIMGO","eSIM Singapore - 3 Days / Daily 500MB",0.5,3,1.37,2.74,,no
singapore,"Tripuck eSIM","Asia 502 MB / 1 Days",0.5,1,1.4,2.789,,yes
singapore,"Soovia eSIM","Singapore 500MB 7 Days",0.5,7,1.4,2.8,,yes
singapore,"eSIMNow","Singapore &amp; Malaysia &amp; Thailand 500MB/Day for 1 Day",0.5,1,1.42,2.84,,yes
singapore,"Horizon eSIM","Singapore 100MB 7Days",0.1,7,0.28436225,2.844,,no
singapore,"AlpineSIM","AlpineSIM Singapore - 100MB / 7 Days",0.1,7,0.29,2.9,,no
singapore,"merdata","eSIM Singapore 500 MB 7 days",0.5,7,1.470957924283237,2.942,,no
singapore,"PuraSIM","Singapore 500MB 7Days",0.5,7,1.49,2.98,,no
singapore,"Earth Esim","500MB/1 Day SG, TH &amp; MY 5G",0.5,1,1.49,2.98,,yes
singapore,"MoodSIM","Singapore 100 MB 7 Days",0.1,7,0.49,4.9,,no
singapore,"Voyasim","Singapore 100MB 7Days",0.1,7,0.5,5,,no
singapore,"MicroEsim","Asia eSIM 10 Regions - Support TikTok - 1 Day / Total 200MB",0.2,1,1.01,5.05,,yes
singapore,"Hiroaming","Singapore 100MB 7Days",0.1,7,0.55,5.5,,no
singapore,"SeferESIM","Singapore 100MB 7Days",0.1,7,0.6,6,,no
singapore,"LimitSIM","Singapore 100MB 7Days",0.1,7,0.60284797,6.028,,yes
singapore,"Superalink","Singapore - Regular",0.1,1,0.63,6.3,,yes
singapore,"Stellar eSim","Singapore 100MB 7Days + Free Stellar VPN",0.1,7,0.64834593,6.483,,no
singapore,"Superalink","Singapore - Regular",0.1,3,0.65,6.5,,yes
singapore,"Superalink","Singapore - Regular",0.1,5,0.67,6.7,,yes
singapore,"bndless","Singapore 100MB 7Days",0.1,7,0.68,6.8,,no
singapore,"Superalink","Singapore - Regular",0.1,7,0.69,6.9,,yes
singapore,"Bloomy eSIM","Singapore 100MB 7 Days",0.1,7,0.7,7,,no
singapore,"Tripuck eSIM","Singapore 102 MB / 7 Days",0.1,7,0.8,7.843,,no
singapore,"Connect Me Guru","Singapore 100MB 7Days",0.1,7,0.85,8.5,,yes
singapore,"Roamix","Singapore 100MB 7Days",0.1,7,0.85,8.5,,no
singapore,"ESIM.DOG 🐶","⚡️ [5G] Singtel Singapore - Best 5G Coverage (100MB/30Days) - Black route",0.1,30,0.86,8.6,,yes
singapore,"eSIMNow","Singapore 100MB 7Days",0.1,7,0.91,9.1,,no
singapore,"IbridMarket","Singapore 100MB 7Days",0.1,7,0.92,9.2,,no
singapore,"ESIM.DOG 🐶","⚡️ [5G] Singtel Singapore - Best 5G Coverage (100MB/90Days) - Black route",0.1,90,0.98,9.8,,yes
singapore,"StaffTraveler eSIM","StaffTraveler eSIM 100 MB",0.1,365,0.99,9.9,,no
singapore,"Keepgo","Norm",0.1,0,1,10,,yes
singapore,"Zwitchy","Singapore · 100 MB · 1 day",0.1,1,1,10,,yes
singapore,"DashRoam","Singapore 100MB 7Days",0.1,7,1.45,14.5,,no
spain,"ESIM.DOG 🐶","🛜 Orange Spain - Essential Coverage (7GB/3Days) - Amber route",7,3,1.12,0.16,,yes
spain,"ESIM.DOG 🐶","🛜 Orange Spain - Essential Coverage (7GB/7Days) - Amber route",7,7,1.12,0.16,,yes
spain,"ESIM.DOG 🐶","🛜 Orange Spain - Essential Coverage (7GB/10Days) - Amber route",7,10,1.12,0.16,,yes
spain,"ESIM.DOG 🐶","🛜 Orange Spain - Essential Coverage (7GB/30Days) - Amber route",7,30,1.12,0.16,,yes
spain,"Stellar eSim","Spain 7GB 30Days + Free Stellar VPN",7,30,1.12607451,0.161,,no
spain,"Stellar eSim","Spain 3GB 20Days + Free Stellar VPN",3,20,0.48910307,0.163,,no
spain,"Stellar eSim","Spain 3GB 15Days + Free Stellar VPN",3,15,0.48910307,0.163,,no
spain,"Stellar eSim","Spain 3GB 30Days + Free Stellar VPN",3,30,0.48910307,0.163,,no
spain,"ESIM.DOG 🐶","⚡️ [5G] Orange Spain - Best 5G Coverage (6GB/1Days) - Black route",6,1,1.12,0.187,,yes
spain,"ESIM.DOG 🐶","🛜 Orange Spain - Essential Coverage (6GB/20Days) - Amber route",6,20,1.12,0.187,,yes
spain,"ESIM.DOG 🐶","🛜 Orange Spain - Essential Coverage (6GB/30Days) - Amber route",6,30,1.12,0.187,,yes
spain,"Stellar eSim","Spain 6GB 30Days + Free Stellar VPN",6,30,1.12607451,0.188,,no
spain,"ESIM.DOG 🐶","⚡️ [5G] Orange Spain - Best 5G Coverage (5GB/1Days) - Black route",5,1,1.12,0.224,,yes
spain,"ESIM.DOG 🐶","🛜 Orange Spain - Essential Coverage (5GB/30Days) - Amber route",5,30,1.12,0.224,,yes
spain,"ESIM.DOG 🐶","🛜 Orange Spain - Essential Coverage (5GB/15Days) - Amber route",5,15,1.12,0.224,,yes
spain,"ESIM.DOG 🐶","🛜 Orange Spain - Essential Coverage (5GB/3Days) - Amber route",5,3,1.12,0.224,,yes
spain,"ESIM.DOG 🐶","🛜 Orange Spain - Essential Coverage (5GB/5Days) - Amber route",5,5,1.12,0.224,,yes
spain,"ESIM.DOG 🐶","🛜 Orange Spain - Essential Coverage (5GB/7Days) - Amber route",5,7,1.12,0.224,,yes
spain,"ESIM.DOG 🐶","🛜 Orange Spain - Essential Coverage (5GB/10Days) - Amber route",5,10,1.12,0.224,,yes
spain,"ESIM.DOG 🐶","🛜 Orange Spain - Essential Coverage (5GB/20Days) - Amber route",5,20,1.12,0.224,,yes
spain,"Stellar eSim","Spain 5GB 20Days + Free Stellar VPN",5,20,1.12607451,0.225,,no
spain,"Stellar eSim","Spain 5GB 30Days + Free Stellar VPN",5,30,1.12607451,0.225,,no
spain,"ESIM.DOG 🐶","⚡️ [5G] Orange Spain - Best 5G Coverage (3GB/1Days) - Black route",3,1,0.78,0.26,,yes
spain,"Stellar eSim","Spain 3GB 1Days + Free Stellar VPN",3,1,0.7848398099999999,0.262,,no
spain,"ESIM.DOG 🐶","⚡️ [5G] Orange Spain - Best 5G Coverage (4GB/1Days) - Black route",4,1,1.12,0.28,,yes
spain,"ESIM.DOG 🐶","⚡️ [5G] Orange Spain - Best 5G Coverage (4GB/3Days) - Black route",4,3,1.12,0.28,,yes
spain,"ESIM.DOG 🐶","🛜 Orange Spain - Essential Coverage (4GB/10Days) - Amber route",4,10,1.12,0.28,,yes
spain,"ESIM.DOG 🐶","🛜 Orange Spain - Essential Coverage (4GB/20Days) - Amber route",4,20,1.12,0.28,,yes
spain,"ESIM.DOG 🐶","🛜 Orange Spain - Essential Coverage (4GB/30Days) - Amber route",4,30,1.12,0.28,,yes
spain,"Stellar eSim","Europe (35 areas) 4GB 20Days + Free Stellar VPN",4,20,1.3535643099999999,0.338,,no
spain,"Stellar eSim","Europe (35 areas) 4GB 30Days + Free Stellar VPN",4,30,1.3535643099999999,0.338,,no
spain,"Stellar eSim","Spain 1GB 7Days + Free Stellar VPN",1,7,0.3412347,0.341,,no
spain,"MyTravel eSIM","Europe (35 areas) 1GB/Day FUP1Mbps - 0.3€ - First 5 buyers only",1,1,0.3412347,0.341,,no
spain,"ESIM.DOG 🐶","🛜 Orange Spain - Essential Coverage (3GB/30Days) - Amber route",3,30,1.05,0.35,,yes
spain,"ESIM.DOG 🐶","🛜 Orange Spain - Essential Coverage (3GB/15Days) - Amber route",3,15,1.05,0.35,,yes
spain,"ESIM.DOG 🐶","🛜 Orange Spain - Essential Coverage (3GB/20Days) - Amber route",3,20,1.05,0.35,,yes
spain,"ESIM.DOG 🐶","🛜 Orange Spain - Essential Coverage (3GB/21Days) - Amber route",3,21,1.05,0.35,,yes
spain,"ESIM.DOG 🐶","🛜 Orange Spain - Essential Coverage (3GB/25Days) - Amber route",3,25,1.05,0.35,,yes
spain,"ESIM.DOG 🐶","⚡️ [5G] Europe (33 countries) - Best 5G Coverage (3GB/3Days) - Pink route",3,3,1.05,0.35,,no
spain,"Stellar eSim","Europe (33 areas) 4GB 30Days + Free Stellar VPN",4,30,1.39906227,0.35,,no
spain,"Stellar eSim","Europe (33 areas) 4GB 20Days + Free Stellar VPN",4,20,1.39906227,0.35,,no
spain,"Stellar eSim","Europe (33 areas) 3GB 15Days + Free Stellar VPN",3,15,1.05782757,0.353,,no
spain,"Stellar eSim","Europe (33 areas) 3GB 30Days + Free Stellar VPN",3,30,1.05782757,0.353,,no
spain,"Stellar eSim","Spain eSIM Unlimited - 1 day",3,1,1.05782757,0.353,,no
spain,"Stellar eSim","Europe (33 areas) 3GB 20Days + Free Stellar VPN",3,20,1.05782757,0.353,,no
spain,"Stellar eSim","Europe (35 areas) 3GB 15Days + Free Stellar VPN",3,15,1.08057655,0.36,,no
spain,"Stellar eSim","Europe (35 areas) eSIM Unlimited - 1 day",3,1,1.0919510399999999,0.364,,no
spain,"Stellar eSim","Europe (33 areas) eSIM Unlimited - 1 day",3,1,1.10332553,0.368,,no
spain,"Stellar eSim","Europe (35 areas) 3GB 20Days + Free Stellar VPN",3,20,1.10332553,0.368,,no
spain,"Stellar eSim","Europe (35 areas) 3GB 30Days + Free Stellar VPN",3,30,1.10332553,0.368,,no
spain,"Horizon eSIM","Spain 1GB 7Days",1,7,0.37535817,0.375,,no
spain,"ESIM.DOG 🐶","⚡️ Best Coverage in Spain (2GB/1Days) - Pink route",2,1,0.78,0.39,,no
spain,"ASIMGO","eSIM Spain - 3 Days / Total 3GB",3,3,1.41,0.47,,yes
spain,"ESIM.DOG 🐶","⚡️ [5G] Orange Spain - Best 5G Coverage (2GB/30Days) - Black route",2,30,1.05,0.525,,yes
spain,"Stellar eSim","Europe (33 areas) 2GB 30Days + Free Stellar VPN",2,30,1.0692020599999998,0.535,,no
spain,"Stellar eSim","Europe (33 areas) 2GB 20Days + Free Stellar VPN",2,20,1.0692020599999998,0.535,,no
spain,"eSIMX","Spain 20GB 7Days",20,7,10.8,0.54,,yes
spain,"Stellar eSim","Europe (35 areas) 2GB 15Days + Free Stellar VPN",2,15,1.0919510399999999,0.546,,no
spain,"Stellar eSim","Europe (33 areas) 2GB 15Days + Free Stellar VPN",2,15,1.11470002,0.557,,no
spain,"Stellar eSim","Europe (35 areas) 2GB 20Days + Free Stellar VPN",2,20,1.16019798,0.58,,no
spain,"Stellar eSim","Europe (35 areas) 2GB 30Days + Free Stellar VPN",2,30,1.16019798,0.58,,no
spain,"Astaroam","Spain 1GB 7Days",1,7,0.5812531473859276,0.581,,yes
spain,"eSIM4Travel","Best Europe 41 - 1GB/7Days",1,7,0.62,0.62,,yes
spain,"eSIM4Travel","Best Europe 41 - 1GB/1Days",1,1,0.62,0.62,,yes
spain,"Billion Connect","Global eSIM [45 Countries] 1 Day 2GB/Day",2,1,1.25,0.625,,yes
spain,"abesteSIM","eSIM Spain - 1 Day / Daily 2GB",2,1,1.2892127850305508,0.645,,yes
spain,"Billion Connect","Europe eSIM [33 Countries] 1 Day 2GB/Day",2,1,1.3,0.65,,yes
spain,"AlpineSIM","AlpineSIM Spain - 2GB/Day / 1 Days",2,1,1.32,0.66,,yes
spain,"Stellar eSim","Europe (35 areas) 1GB 7Days + Free Stellar VPN",1,7,0.67109491,0.671,,no
spain,"Astaroam","Europe (33 areas) 1GB 7Days",1,7,0.673725239015507,0.674,,yes
spain,"Stellar eSim","Europe (33 areas) 1GB 7Days + Free Stellar VPN",1,7,0.6824694,0.682,,no
spain,"ASIMGO","eSIM Spain - 1 Day / Daily 2GB",2,1,1.41,0.705,,yes
spain,"Tripuck eSIM","Europe 2 GB/day / 1 Days",2,1,1.42,0.71,,yes
spain,"Tripuck eSIM","Europe 2 GB/day / 1 Days",2,1,1.42,0.71,,yes
spain,"thirr.com","ES 1GB 3D",1,3,0.73934185,0.739,,yes
spain,"Superalink","Spain - Regular",1,1,0.75,0.75,,yes
spain,"AlpineSIM","AlpineSIM Spain - 1GB/Day / 1 Days",1,1,0.75,0.75,,yes
spain,"Superalink","Spain - Regular",1,3,0.77,0.77,,yes
spain,"Stellar eSim","Europe (35 areas) 750MB 7Days + Free Stellar VPN",0.75,7,0.58009899,0.773,,no
spain,"abesteSIM","eSIM Spain - 1 Day / Daily 1GB",1,1,0.7735276710183305,0.774,,yes
spain,"Stellar eSim","Europe (33 areas) 750MB 7Days + Free Stellar VPN",0.75,7,0.59147348,0.789,,no
spain,"Superalink","Spain - Regular",1,5,0.79,0.79,,yes
spain,"GlobaleSIM","Spain",15,30,12,0.8,,no
spain,"abesteSIM","eSIM World 45 Regions - 1 Day / Daily 500MB",0.5,1,0.4062973625550827,0.813,,yes
spain,"Superalink","Spain - Regular",1,7,0.82,0.82,,yes
spain,"AlpineSIM","AlpineSIM Spain - 1GB / 7 Days",1,7,0.82,0.82,,yes
spain,"Superalink","Spain - Regular",1,10,0.83,0.83,,yes
spain,"ESIM.DOG 🐶","⚡️ [5G] Orange Spain - Best 5G Coverage (1GB/15Days) - Black route",1,15,0.84,0.84,,yes
spain,"Orange Travel","Spain 20GB",20,14,16.99,0.849,,no
spain,"Superalink","Spain - Regular",1,15,0.85,0.85,,yes
spain,"ESIM.DOG 🐶","⚡️ [5G] Orange Spain - Best 5G Coverage (1GB/20Days) - Black route",1,20,0.85,0.85,,yes
spain,"abesteSIM","eSIM Europe (32 Countries) - 1 Day / Daily 500MB",0.5,1,0.42973759501018366,0.859,,yes
spain,"abesteSIM","eSIM Spain - 1 Day / Daily 500MB",0.5,1,0.42973759501018366,0.859,,yes
spain,"abesteSIM","eSIM Asia+Europe 52 Regions - 1 Day / Daily 500MB",0.5,1,0.42973759501018366,0.859,,yes
spain,"abesteSIM","eSIM Europe (49 Destinations) - 1 Day / Daily 500MB",0.5,1,0.42973759501018366,0.859,,yes
spain,"abesteSIM","eSIM Global (66 Destinations) - 1 Day / Daily 500MB",0.5,1,0.42973759501018366,0.859,,yes
spain,"Superalink","Spain - Regular",1,20,0.86,0.86,,yes
spain,"ESIM.DOG 🐶","⚡️ [5G] Orange Spain - Best 5G Coverage (1GB/30Days) - Black route",1,30,0.86,0.86,,yes
spain,"GoMoWorld","Spain",15,30,12.99,0.866,,no
spain,"Superalink","Spain - Regular",1,30,0.87,0.87,,yes
spain,"abesteSIM","eSIM Europe (36 Countries) - 1 Day / Daily 500MB",0.5,1,0.4375510058285506,0.875,,yes
spain,"AlpineSIM","AlpineSIM Spain - 500MB/Day / 1 Days",0.5,1,0.44,0.88,,yes
spain,"AlpineSIM","AlpineSIM Europe (35 areas) - 1GB / 7 Days",1,7,0.88,0.88,,yes
spain,"ESIM888","Spain (1GB/7DAYS)",1,7,0.9,0.9,,no
spain,"AlpineSIM","AlpineSIM Europe (33 areas) - 1GB / 7 Days",1,7,0.92,0.92,,yes
spain,"Astaroam","Europe (35 areas) 1GB 7Days",1,7,0.9247209162957938,0.925,,yes
spain,"AlpineSIM","AlpineSIM Europe (35 areas) - 1GB/Day / 1 Days",1,1,0.93,0.93,,yes
spain,"MicroEsim","Spain eSIM 5G - 1 Day / Daily 1GB",1,1,0.95,0.95,,yes
spain,"Textr eSIM","Spain 1GB",1,7,0.97,0.97,,no
spain,"AlpineSIM","AlpineSIM Europe (33 areas) - 1GB/Day / 1 Days",1,1,0.97,0.97,,yes
spain,"Astaroam","Spain Unlimited - 1Day",1,1,0.9775621115126963,0.978,,yes
spain,"ASIMGO","eSIM World - 45 Countries - 1 Day / Daily 1GB",1,1,0.98,0.98,,yes
spain,"MicroEsim","Europe eSIM 33 Countries - 1 Day / Daily 1GB",1,1,0.98,0.98,,yes
spain,"SimSmash","Spain Daily Unlimited 1GB/day for 1 Days",1,1,0.99,0.99,,yes
spain,"Billion Connect","Europe eSIM [33 Countries] 1 Day 1GB/Day",1,1,0.99,0.99,,yes
spain,"MoodSIM","Spain 1 GB 7 Days",1,7,0.99,0.99,,yes
spain,"MoodSIM","Spain Unlimited (1 GB/day, then 512 Kbps) 1 Day",1,1,0.99,0.99,,yes
spain,"Voyasim","Spain 500MB/Day",0.5,1,0.5,1,,yes
spain,"EZsim","Spain - 1GB/7Days",1,7,1,1,,no
spain,"Wiiline","for Spain 7 Days 1GB - 7 days",1,7,1,1,,yes
spain,"Orbit Mobile","Global Pass",1,1,1,1,,no
spain,"eSIMNEXA","Spain 1GB 3Days",1,3,1,1,,yes
spain,"ASIMGO","eSIM Europe (41 Countries) - 1 Day / Daily 1GB",1,1,1,1,,yes
spain,"Roaming4You","Spain Unlimited Data - 1 Day",1,1,1,1,,yes
spain,"Roamic","Spain eSIM 1GB / 7 Days",1,7,1,1,,no
spain,"ROWM","Spain Daily",1,1,1,1,,no
spain,"Horizon eSIM","Europe 1 GB / 7 days",1,7,1.00095512,1.001,,no
spain,"abesteSIM","eSIM Europe (36 Countries) - 1 Day / Daily 1GB",1,1,1.0157434063877067,1.016,,yes
spain,"Yesim","Spain",0.5,1,0.51185205,1.024,,yes
spain,"Yesim","Europe &amp; UK",0.5,1,0.51185205,1.024,,yes
spain,"Hiroaming","Spain 1GB 7Days",1,7,1.04,1.04,,no
spain,"Tripuck eSIM","Spain 1 GB / 1 Days",1,1,1.04,1.04,,yes
spain,"Horizon eSIM","Europe 1 GB / 30 days",1,30,1.04645308,1.046,,no
spain,"LimitSIM","Spain 1GB/Day",1,1,1.05782757,1.058,,yes
spain,"Bloomy eSIM","Spain Unlimited (1GB/day) 1 Day",1,1,1.06,1.06,,yes
spain,"Tripuck eSIM","Spain 1 GB / 7 Days",1,7,1.07,1.07,,yes
spain,"Astaroam","Europe Unlimited - 1Day",1,1,1.0700342031422758,1.07,,yes
spain,"ASIMGO","eSIM Europe (36 Countries) - 1 Day / Daily 500MB",0.5,1,0.54,1.08,,yes
spain,"ASIMGO","eSIM Europe - 32 Countries - 1 Day / Daily 500MB",0.5,1,0.54,1.08,,yes
spain,"ASIMGO","eSIM Spain - 1 Day / Daily 500MB",0.5,1,0.54,1.08,,yes
spain,"SeferESIM","Spain 1GB/Day",1,1,1.08,1.08,,yes
spain,"SimSmash","Spain 1GB for 7 Days",1,7,1.09,1.09,,yes
spain,"Ozly eSIM","Spain 1GB 7Days",1,7,1.1,1.1,,yes
spain,"Billion Connect","Global eSIM [45 Countries] 1 Day 1GB/Day",1,1,1.11,1.11,,yes
spain,"Bloomy eSIM","Spain 1GB 7 Days",1,7,1.11,1.11,,yes
spain,"LimitSIM","Spain 1GB",1,7,1.11470002,1.115,,yes
spain,"ASIMGO","eSIM Asia&amp;Europe - 54 Countries - 1 Day / Daily 500MB",0.5,1,0.56,1.12,,yes
spain,"MicroEsim","Europe eSIM 36 Countries - 1 Day / Daily 1GB",1,1,1.12,1.12,,yes
spain,"ASIMGO","eSIM Spain - 1 Day / Daily 1GB",1,1,1.12,1.12,,yes
spain,"Tripuck eSIM","Europe 1 GB / 7 Days",1,7,1.12,1.12,,yes
spain,"PRIeSIM","Spain 1 GB · 7 days",1,7,1.12607451,1.126,,no
spain,"ASIMGO","eSIM Europe (36 Countries) - 1 Day / Daily 1GB",1,1,1.13,1.13,,yes
spain,"Hiroaming","Europe (35 areas) 1GB 7Days",1,7,1.13,1.13,,no
spain,"ASIMGO","eSIM Europe (49 Destinations) - 1 Day / Daily 500MB",0.5,1,0.57,1.14,,yes
spain,"SeferESIM","Spain 1GB 7Days",1,7,1.14,1.14,,yes
spain,"Tripuck eSIM","Europe 1 GB / 7 Days",1,7,1.14,1.14,,yes
spain,"abesteSIM","eSIM Europe (32 Countries) - 1 Day / Daily 1GB",1,1,1.1407579794815783,1.141,,yes
spain,"Yoho Mobile","32-Country eSIM 1GB/Day 1Day",1,1,1.15,1.15,,yes
spain,"Yoho Mobile","ES eSIM 1GB/Day 1Day",1,1,1.15,1.15,,yes
spain,"Ozly eSIM","Europe (35 areas) 1GB 7Days",1,7,1.15,1.15,,yes
spain,"Hiroaming","Spain 1GB/Day FUP1Mbps",1,1,1.15,1.15,,no
spain,"Hiroaming","Spain 500MB/Day",0.5,1,0.58,1.16,,no
spain,"Yoho Mobile","36-Country eSIM 1GB 7Day",1,7,1.16,1.16,,yes
spain,"Yoho Mobile","39-Country eSIM 1GB 7Day",1,7,1.16,1.16,,yes
spain,"Yoho Mobile","ES eSIM 1GB 7Day",1,7,1.16,1.16,,yes
spain,"Hiroaming","Europe (33 areas) 1GB 7Days",1,7,1.16,1.16,,no
spain,"Stellar eSim","Europe(30+ areas) 1GB 7Days + Free Stellar VPN",1,7,1.16019798,1.16,,no
spain,"RedEx eSIM","Spain 1GB/Day",1,1,1.17,1.17,,yes
spain,"MicroEsim","Europe eSIM 42 Countries - 1 Day / Daily 1GB",1,1,1.18,1.18,,yes
spain,"Tripuck eSIM","Europe 1 GB / 1 Days",1,1,1.18,1.18,,yes
spain,"Bloomy eSIM","Europe (35 areas) 1GB 7 Days",1,7,1.18,1.18,,yes
spain,"nadanada","eSIM, 1GB, 7 Days, Europe Extra",1,7,1.19,1.19,,no
spain,"4S eSIM","Spain 1GB - 1 Day",1,1,1.19,1.19,,no
spain,"4S eSIM","Europe+ 1GB - 1 Day",1,1,1.19,1.19,,no
spain,"Ubigi","",10,30,12,1.2,,yes
spain,"voilà","",1,7,1.2,1.2,,yes
spain,"Bloomy eSIM","Spain Unlimited (1GB/day) 1 Day",1,1,1.2,1.2,,yes
spain,"Connect Me Guru","Spain 1GB/Day",1,1,1.21,1.21,,yes
spain,"4S eSIM","Spain 1GB - 5 Days",1,5,1.21,1.21,,no
spain,"4S eSIM","Europe+ 1GB - 5 Days",1,5,1.21,1.21,,no
spain,"Tripuck eSIM","Europe 1 GB / 1 Days",1,1,1.21,1.21,,yes
spain,"Bloomy eSIM","Europe (33 areas) 1GB 7 Days",1,7,1.21,1.21,,yes
spain,"bndless","Spain 1GB/Day",1,1,1.22,1.22,,yes
spain,"Tripuck eSIM","Europe 1 GB / 7 Days",1,7,1.23,1.23,,no
spain,"4S eSIM","Spain 1GB - 7 Days",1,7,1.24,1.24,,no
spain,"4S eSIM","Europe+ 1GB - 7 Days",1,7,1.24,1.24,,no
spain,"SeferESIM","Europe (35 areas) 1GB 7Days",1,7,1.24,1.24,,yes
spain,"Hiroaming","Europe (35 areas) 1GB/Day FUP1Mbps",1,1,1.24,1.24,,no
spain,"Tripuck eSIM","Europe 1 GB / 7 Days",1,7,1.24,1.24,,yes
spain,"Tripuck eSIM","Europe 1 GB / 7 Days",1,7,1.24,1.24,,yes
spain,"LimitSIM","Spain 0.49GB",0.5,1,0.62559695,1.246,,yes
spain,"Connect Me Guru","Spain 1GB 7Days",1,7,1.26,1.26,,yes
spain,"ASIMGO","eSIM Europe - 32 Countries - 1 Day / Daily 1GB",1,1,1.26,1.26,,yes
spain,"IbridMarket","Spain 1GB/Day",1,1,1.26,1.26,,no
spain,"SeferESIM","Spain 1GB/Day FUP1Mbps",1,1,1.26,1.26,,yes
spain,"eSIM4Travel","Spain (Movistar, Orange, Vodafone) - 1GB/1Days",1,1,1.26,1.26,,yes
spain,"Bloomy eSIM","Europe (35 areas) Unlimited (1GB/day) 1 Day",1,1,1.27,1.27,,yes
spain,"SeferESIM","Spain 500MB/Day",0.5,1,0.64,1.28,,yes
spain,"bndless","Spain 1GB 7Days",1,7,1.28,1.28,,yes
spain,"SeferESIM","Europe (33 areas) 1GB 7Days",1,7,1.28,1.28,,yes
spain,"abesteSIM","eSIM Spain - 5 Days / Total 1GB",1,5,1.2813993742121839,1.281,,yes
spain,"abesteSIM","eSIM Asia+Europe 52 Regions - 1 Day / Daily 1GB",1,1,1.2892127850305508,1.289,,yes
spain,"MegaEsim","Spain 1 GB, 1 day",1,1,1.29,1.29,,yes
spain,"MegaEsim","Spain 1 GB, 7 days",1,7,1.29,1.29,,yes
spain,"MegaEsim","Spain Unlimited, 1 day (1 GB/day full speed)",1,1,1.29,1.29,,yes
spain,"MegaEsim","Europe Unlimited, 1 day (1 GB/day full speed)",1,1,1.29,1.29,,no
spain,"Landed eSIM","Spain 1GB/day · 1 day",1,1,1.29,1.29,,yes
spain,"Hiroaming","Europe (33 areas) 1GB/Day FUP1Mbps",1,1,1.29,1.29,,no
spain,"MicroEsim","Europe eSIM 33 Countries - 3 Days / Total 1GB",1,3,1.3,1.3,,yes
spain,"voilà","",1,7,1.3,1.3,,no
spain,"IbridMarket","Spain 1GB 7Days",1,7,1.3,1.3,,no
spain,"eSIM4Travel","Spain (Movistar, Orange, Vodafone) - 1GB/7Days",1,7,1.3,1.3,,yes
spain,"abesteSIM","eSIM World 45 Regions - 1 Day / Daily 1GB",1,1,1.3126530174856517,1.313,,yes
spain,"Superalink","Spain - Regular",0.5,1,0.66,1.32,,yes
spain,"RedEx eSIM","Spain 1GB/Day FUP1Mbps",1,1,1.32,1.32,,yes
spain,"Bloomy eSIM","Europe (33 areas) Unlimited (1GB/day) 1 Day",1,1,1.32,1.32,,yes
spain,"FullBars","Spain 1GB · 7 days",1,7,1.3210298804225626,1.321,,yes
spain,"Connect Me Guru","Europe (35 areas) 1GB 7Days",1,7,1.33,1.33,,no
spain,"Tripuck eSIM","Spain 1 GB / 3 Days",1,3,1.33,1.33,,yes
spain,"abesteSIM","eSIM Europe (41 Countries) - 1 Day / Daily 1GB",1,1,1.3360932499407527,1.336,,yes
spain,"MicroEsim","Spain eSIM 5G - 5 Days / Total 1GB",1,5,1.34,1.34,,yes
spain,"Yoho Mobile","52-Country eSIM 1GB 7Day",1,7,1.34,1.34,,yes
spain,"SparkRoam","Spain 1GB 7Days",1,7,1.34,1.34,,yes
spain,"Connect Me Guru","Spain 1GB/Day FUP1Mbps",1,1,1.35,1.35,,yes
spain,"Superalink","Spain - Regular",0.5,3,0.68,1.36,,yes
spain,"Connect Me Guru","Europe (33 areas) 1GB 7Days",1,7,1.36,1.36,,no
spain,"SeferESIM","Europe (35 areas) 1GB/Day FUP1Mbps",1,1,1.36,1.36,,yes
spain,"IbridMarket","Europe (35 areas) 1GB 7Days",1,7,1.37,1.37,,no
spain,"Earth Esim","500MB/1 Day Spain 5G eSIM",0.5,1,0.69,1.38,,yes
spain,"IbridMarket","Spain 1GB/Day FUP1Mbps",1,1,1.38,1.38,,no
spain,"MicroEsim","Europe eSIM 33 Countries - 5 Days / Total 1GB",1,5,1.39,1.39,,yes
spain,"eSIMCard","1GB eSIM Data for 3 Days in Spain",1,3,1.39,1.39,,yes
spain,"MicroEsim","Europe eSIM 5G 41 Countries - 1 Day / Daily 1GB",1,1,1.39,1.39,,yes
spain,"AdventureSIMs","Spain 1GB 7 Days",1,7,1.394193605808556,1.394,,yes
spain,"AdventureSIMs","Europe Saver 1GB 7 Days",1,7,1.394193605808556,1.394,,yes
spain,"Superalink","Spain - Regular",0.5,5,0.7,1.4,,yes
spain,"Voyasim","Spain 1GB 7Days",1,7,1.4,1.4,,yes
spain,"Voyasim","Spain 1GB/Day",1,1,1.4,1.4,,yes
spain,"ASIMGO","eSIM Spain - 5 Days / Total 1GB",1,5,1.4,1.4,,yes
spain,"IbridMarket","Europe (33 areas) 1GB 7Days",1,7,1.4,1.4,,no
spain,"bndless","Europe (35 areas) 1GB 7Days",1,7,1.4,1.4,,yes
spain,"RedEx eSIM","Spain 1GB 7Days",1,7,1.4,1.4,,yes
spain,"RedEx eSIM","Europe (35 areas) 1GB/Day FUP1Mbps",1,1,1.4,1.4,,yes
spain,"Yoho Mobile","29-Country eSIM 1GB/Day 1Day",1,1,1.4,1.4,,yes
spain,"AlpineSIM","AlpineSIM Europe(30+ areas) - 1GB / 7 Days",1,7,1.4,1.4,,yes
spain,"Tripuck eSIM","Balkans 1 GB / 7 Days",1,7,1.4,1.4,,yes
spain,"TravelGator eSIM","Europe eSIM Roaming Data",1,30,1.4064139473060555,1.406,,no
spain,"SimSmash","Spain Daily Unlimited 0.49GB/day for 1 Days",0.49,1,0.69,1.408,,yes
spain,"ASIMGO","eSIM Asia&amp;Europe - 54 Countries - 1 Day / Daily 1GB",1,1,1.41,1.41,,yes
spain,"Yatelo","ESP 1GB 7 Days",1,7,1.41,1.41,,yes
spain,"Connect Me Guru","Europe (35 areas) 1GB/Day FUP1Mbps",1,1,1.42,1.42,,no
spain,"bndless","Spain 1GB/Day",1,1,1.42,1.42,,yes
spain,"SeferESIM","Europe (33 areas) 1GB/Day FUP1Mbps",1,1,1.42,1.42,,yes
spain,"Esoim","Spain eSIM 1 GB (1 Days)",1,1,1.42181125,1.422,,no
spain,"Flysimio","Spain 1GB 7Days",1,7,1.43,1.43,,yes
spain,"SparkRoam","Europe (33) · 1 GB · 7 days",1,7,1.43,1.43,,yes
spain,"eSIM Agora","Spain 1GB/Day FUP1Mbps",1,1,1.4331857399999999,1.433,,no
spain,"abesteSIM","eSIM Europe (49 Destinations) - 1 Day / Daily 1GB",1,1,1.4376675905795233,1.438,,yes
spain,"Superalink","Spain - Regular",0.5,7,0.72,1.44,,yes
spain,"bndless","Spain 500MB/Day",0.5,1,0.72,1.44,,yes
spain,"eSIM4Travel","Spain (Movistar, Orange, Vodafone) - 500MB/1Days",0.5,1,0.72,1.44,,yes
spain,"bndless","Europe (33 areas) 1GB 7Days",1,7,1.44,1.44,,yes
spain,"Tripuck eSIM","Spain 502 MB / 1 Days",0.5,1,0.82,1.633,,yes
spain,"ESIM.DOG 🐶","⚡️ [5G] Orange Spain - Best 5G Coverage (500MB/10Days) - Black route",0.5,10,0.82,1.64,,yes
spain,"RedEx eSIM","Spain 500MB/Day",0.5,1,0.83,1.66,,yes
spain,"MicroEsim","Spain eSIM 5G - 1 Day / Daily 500MB",0.5,1,0.84,1.68,,yes
spain,"ESIM.DOG 🐶","⚡️ [5G] Orange Spain - Best 5G Coverage (500MB/15Days) - Black route",0.5,15,0.84,1.68,,yes
spain,"MicroEsim","Europe eSIM 36 Countries - 1 Day / Daily 500MB",0.5,1,0.85,1.7,,yes
spain,"ESIM.DOG 🐶","⚡️ [5G] Orange Spain - Best 5G Coverage (500MB/20Days) - Black route",0.5,20,0.85,1.7,,yes
spain,"MicroEsim","Europe eSIM 33 Countries - 1 Day / Daily 500MB",0.5,1,0.86,1.72,,yes
spain,"ESIM.DOG 🐶","⚡️ [5G] Orange Spain - Best 5G Coverage (500MB/30Days) - Black route",0.5,30,0.86,1.72,,yes
spain,"LimitSIM","Europe 0.49GB",0.5,1,0.9327081799999999,1.858,,no
spain,"IbridMarket","Spain 500MB/Day",0.5,1,0.95,1.9,,no
spain,"Tripuck eSIM","Europe 502 MB / 1 Days",0.5,1,0.97,1.932,,no
spain,"MicroEsim","Europe eSIM 5G 41 Countries - 1 Day / Daily 500MB",0.5,1,0.99,1.98,,yes
spain,"Landed eSIM","Spain 500MB/day · 1 day",0.5,1,0.99,1.98,,yes
spain,"MoodSIM","Spain Unlimited (500 MB/day, then 512 Kbps) 1 Day",0.5,1,0.99,1.98,,yes
spain,"AlpineSIM","AlpineSIM Europe(30+ areas) - 300MB/Day / 1 Days",0.3,1,0.61,2.033,,yes
spain,"MicroEsim","Europe eSIM 42 Countries - 1 Day / Daily 500MB",0.5,1,1.02,2.04,,yes
spain,"Wiiline","for Spain 1 Days 0.49GB - 1 490 MB",0.49,1,1,2.041,,no
spain,"abesteSIM","eSIM Europe (41 Countries) - 1 Day / Total 200MB",0.2,1,0.42192418419181665,2.11,,yes
spain,"abesteSIM","eSIM Spain - 1 Day / Total 200MB",0.2,1,0.42192418419181665,2.11,,yes
spain,"eSIMNow","Spain 500MB/Day for 1 Day",0.5,1,1.08,2.16,,no
spain,"MicroEsim","Europe eSIM 5G 49 Destinations - 1 Day / Daily 500MB",0.5,1,1.08,2.16,,yes
spain,"AlpineSIM","AlpineSIM Europe(30+ areas) - 500MB/Day / 1 Days",0.5,1,1.11,2.22,,yes
spain,"eSIM2Me","Spain 500MB/Day",0.5,1,1.13,2.26,,yes
spain,"abesteSIM","eSIM Europe (36 Countries) - 2 Days / Daily 500MB",0.5,2,1.1798250335734133,2.36,,yes
spain,"ASIMGO","eSIM World - 45 Countries - 1 Day / Daily 500MB",0.5,1,1.24,2.48,,yes
spain,"abesteSIM","eSIM Spain - 3 Days / Daily 500MB",0.5,3,1.2892127850305508,2.578,,yes
spain,"AlpineSIM","AlpineSIM Spain - 500MB/Day / 3 Days",0.5,3,1.29,2.58,,yes
spain,"ASIMGO","eSIM Europe (36 Countries) - 2 Days / Daily 500MB",0.5,2,1.3,2.6,,yes
spain,"AirPlans","Spain 500MB 1 Day",0.5,1,1.33,2.66,,yes
spain,"ASIMGO","eSIM Europe (41 Countries) - 1 Day / Total 200MB",0.2,1,0.54,2.7,,yes
spain,"ASIMGO","eSIM Spain - 1 Day / Total 200MB",0.2,1,0.54,2.7,,yes
spain,"abesteSIM","eSIM Europe (32 Countries) - 3 Days / Daily 500MB",0.5,3,1.3517200715774866,2.703,,yes
spain,"Hiroaming","Europe(30+ areas) 300MB/Day",0.3,1,0.82,2.733,,no
spain,"ASIMGO","eSIM Spain - 3 Days / Daily 500MB",0.5,3,1.41,2.82,,yes
spain,"MicroEsim","Spain eSIM 5G - 3 Days / Daily 500MB",0.5,3,1.41,2.82,,yes
spain,"abesteSIM","eSIM Europe (36 Countries) - 3 Days / Daily 500MB",0.5,3,1.4220407689427894,2.844,,yes
spain,"LimitSIM","Europe(30+ areas) 300MB/Day",0.3,1,0.87583573,2.919,,no
spain,"SeferESIM","Europe(30+ areas) 300MB/Day",0.3,1,0.9,3,,yes
spain,"Tripuck eSIM","Europe 297 MB / 1 Days",0.3,1,0.95,3.199,,yes
spain,"MoodSIM","Europe Unlimited (300 MB/day, then 384 Kbps) 1 Day",0.3,1,0.99,3.3,,yes
spain,"bndless","Europe(30+ areas) 300MB/Day",0.3,1,1.01,3.367,,yes
spain,"Connect Me Guru","Europe(30+ areas) 300MB/Day",0.3,1,1.08,3.6,,no
spain,"Voyasim","Europe(30+ areas) 300MB/Day",0.3,1,1.1,3.667,,yes
spain,"IbridMarket","Europe(30+ areas) 300MB/Day",0.3,1,1.13,3.767,,no
spain,"eSIMNow","Europe(30+ areas) 300MB/Day for 1 Day",0.3,1,1.17,3.9,,yes
spain,"Superalink","Spain - Regular",0.1,1,0.63,6.3,,yes
spain,"Superalink","Spain - Regular",0.1,3,0.65,6.5,,yes
spain,"Superalink","Spain - Regular",0.1,5,0.67,6.7,,yes
spain,"Superalink","Spain - Regular",0.1,7,0.69,6.9,,yes
spain,"ESIM.DOG 🐶","⚡️ [5G] Orange Spain - Best 5G Coverage (100MB/30Days) - Black route",0.1,30,0.86,8.6,,yes
spain,"ESIM.DOG 🐶","⚡️ [5G] Orange Spain - Best 5G Coverage (100MB/90Days) - Black route",0.1,90,0.98,9.8,,yes
spain,"StaffTraveler eSIM","StaffTraveler eSIM 100 MB",0.1,365,0.99,9.9,,no
spain,"Zwitchy","Spain · 100 MB · 1 day",0.1,1,1,10,,yes
thailand,"EtravelSIM","Travel eSIM for Bangkok 50 GB - 10 Days",50,10,8.49,0.17,,no
thailand,"Esimtrav","7 Days - Unlimited data | 4G/5G DTAC (Best Coverage)",50,7,8.99,0.18,,yes
thailand,"ESIM.DOG 🐶","🛜 DTAC Thailand Thailand - Essential Coverage (6GB/1Days) - Amber route",6,1,1.16,0.193,,yes
thailand,"ESIM.DOG 🐶","🛜 DTAC Thailand Thailand - Essential Coverage (6GB/10Days) - Amber route",6,10,1.16,0.193,,yes
thailand,"ESIM.DOG 🐶","🛜 DTAC Thailand Thailand - Essential Coverage (6GB/15Days) - Amber route",6,15,1.16,0.193,,yes
thailand,"Stellar eSim","Thailand 6GB 30Days + Free Stellar VPN",6,30,1.17157247,0.195,,no
thailand,"ESIM.DOG 🐶","🛜 DTAC Thailand - Essential Coverage (3GB/1Days) - Amber route",3,1,0.59,0.197,,yes
thailand,"Stellar eSim","Thailand 3GB 5Days + Free Stellar VPN",3,5,0.60284797,0.201,,no
thailand,"Stellar eSim","Thailand 2GB 20Days + Free Stellar VPN",2,20,0.45497960000000004,0.227,,no
thailand,"ESIM.DOG 🐶","🛜 DTAC Thailand - Essential Coverage (5GB/15Days) - Amber route",5,15,1.16,0.232,,yes
thailand,"ESIM.DOG 🐶","🛜 DTAC Thailand - Essential Coverage (5GB/5Days) - Amber route",5,5,1.16,0.232,,yes
thailand,"ESIM.DOG 🐶","🛜 DTAC Thailand - Essential Coverage (5GB/1Days) - Amber route",5,1,1.16,0.232,,yes
thailand,"ESIM.DOG 🐶","🛜 DTAC Thailand - Essential Coverage (5GB/3Days) - Amber route",5,3,1.16,0.232,,yes
thailand,"ESIM.DOG 🐶","🛜 DTAC Thailand - Essential Coverage (5GB/7Days) - Amber route",5,7,1.16,0.232,,yes
thailand,"ESIM.DOG 🐶","🛜 DTAC Thailand - Essential Coverage (5GB/10Days) - Amber route",5,10,1.16,0.232,,yes
thailand,"Stellar eSim","Thailand 5GB 20Days + Free Stellar VPN",5,20,1.17157247,0.234,,no
thailand,"Stellar eSim","Thailand 5GB 30Days + Free Stellar VPN",5,30,1.17157247,0.234,,no
thailand,"Stellar eSim","Thailand 5GB 30Days (nonhkip) + Free Stellar VPN",5,30,1.17157247,0.234,,no
thailand,"Nomad","Local Thailand - 10 Days - 50 GB",50,10,12,0.24,ESIMDB3,yes
thailand,"Stellar eSim","Thailand 2GB 15Days + Free Stellar VPN",2,15,0.48910307,0.245,,no
thailand,"Stellar eSim","Thailand 2GB 30Days + Free Stellar VPN",2,30,0.50047756,0.25,,no
thailand,"ESIM.DOG 🐶","🛜 DTAC Thailand Thailand - Essential Coverage (4GB/1Days) - Amber route",4,1,1.16,0.29,,yes
thailand,"ESIM.DOG 🐶","🛜 DTAC Thailand Thailand - Essential Coverage (4GB/3Days) - Amber route",4,3,1.16,0.29,,yes
thailand,"ESIM.DOG 🐶","🛜 DTAC Thailand Thailand - Essential Coverage (4GB/5Days) - Amber route",4,5,1.16,0.29,,yes
thailand,"ESIM.DOG 🐶","🛜 DTAC Thailand Thailand - Essential Coverage (4GB/10Days) - Amber route",4,10,1.16,0.29,,yes
thailand,"ESIM.DOG 🐶","🛜 DTAC Thailand Thailand - Essential Coverage (4GB/15Days) - Amber route",4,15,1.16,0.29,,yes
thailand,"ESIM.DOG 🐶","🛜 DTAC Thailand Thailand - Essential Coverage (4GB/30Days) - Amber route",4,30,1.16,0.29,,yes
thailand,"Stellar eSim","Thailand 4GB 20Days + Free Stellar VPN",4,20,1.17157247,0.293,,no
thailand,"Stellar eSim","Thailand 4GB 30Days + Free Stellar VPN",4,30,1.17157247,0.293,,no
thailand,"ESIM.DOG 🐶","🛜 DTAC Thailand - Essential Coverage (2GB/1Days) - Amber route",2,1,0.59,0.295,,yes
thailand,"ESIM.DOG 🐶","🛜 DTAC Thailand - Essential Coverage (3GB/30Days) - Amber route",3,30,1.16,0.387,,yes
thailand,"ESIM.DOG 🐶","🛜 DTAC Thailand - Essential Coverage (3GB/15Days) - Amber route",3,15,1.16,0.387,,yes
thailand,"ESIM.DOG 🐶","🛜 DTAC Thailand - Essential Coverage (3GB/7Days) - Amber route",3,7,1.16,0.387,,yes
thailand,"ESIM.DOG 🐶","🛜 DTAC Thailand - Essential Coverage (3GB/10Days) - Amber route",3,10,1.16,0.387,,yes
thailand,"ESIM.DOG 🐶","🛜 DTAC Thailand - Essential Coverage (3GB/12Days) - Amber route",3,12,1.16,0.387,,yes
thailand,"ESIM.DOG 🐶","🛜 DTAC Thailand Thailand - Essential Coverage (3GB/14Days) - Amber route",3,14,1.16,0.387,,yes
thailand,"ESIM.DOG 🐶","🛜 DTAC Thailand - Essential Coverage (3GB/20Days) - Amber route",3,20,1.16,0.387,,yes
thailand,"ESIM.DOG 🐶","🛜 DTAC Thailand Thailand - Essential Coverage (3GB/21Days) - Amber route",3,21,1.16,0.387,,yes
thailand,"ESIM.DOG 🐶","🛜 DTAC Thailand - Essential Coverage (3GB/25Days) - Amber route",3,25,1.16,0.387,,yes
thailand,"Stellar eSim","Thailand 3GB 15Days + Free Stellar VPN",3,15,1.2853173699999998,0.428,,no
thailand,"Stellar eSim","Thailand 3GB 15Days (nonhkip) + Free Stellar VPN",3,15,1.2853173699999998,0.428,,no
thailand,"abesteSIM","eSIM Thailand - 1 Day / Daily 3GB",3,1,1.3048396066672847,0.435,,yes
thailand,"Astaroam","Thailand 3GB 15Days (nonhkip)",3,15,1.307819581618337,0.436,,yes
thailand,"abesteSIM","eSIM Thailand - 1 Day / Daily 1GB",1,1,0.46099123828365146,0.461,,yes
thailand,"Superalink","Malaysia/Singapore/Thailand - 3GB/day",3,1,1.39,0.463,,yes
thailand,"ASIMGO","eSIM Singapore - Malaysia - Thailand - Support Tiktok - 1 Day / Daily 3GB",3,1,1.39,0.463,,yes
thailand,"abesteSIM","eSIM Thailand - 3 Days / Total 1GB",1,3,0.46880464910201847,0.469,,yes
thailand,"ASIMGO","eSIM Thailand - 1 Day / Daily 3GB",3,1,1.42,0.473,,yes
thailand,"Superalink","Thailand - 3GB/day",3,1,1.49,0.497,,yes
thailand,"Superalink","Malaysia/Singapore/Thailand - 2GB/day",2,1,1.09,0.545,,yes
thailand,"Stellar eSim","Singapore &amp; Malaysia &amp; Thailand eSIM Unlimited - 1 day",2,1,1.10332553,0.552,,no
thailand,"ESIM.DOG 🐶","⚡️ [5G] Asia (5 countries) - Best 5G Coverage (1GB/1Days) - Pink route",1,1,0.58,0.58,,no
thailand,"ESIM.DOG 🐶","⚡️ [5G] DTAC Thailand Thailand - Best 5G Coverage (2GB/30Days) - Black route",2,30,1.16,0.58,,yes
thailand,"ASIMGO","eSIM Southeast Asia - 5 Countries - 1 Day / Daily 1GB",1,1,0.59,0.59,,yes
thailand,"ESIM.DOG 🐶","🛜 DTAC Thailand - Essential Coverage (1GB/3Days) - Amber route",1,3,0.59,0.59,,yes
thailand,"ESIM.DOG 🐶","🛜 DTAC Thailand Thailand - Essential Coverage (1GB/4Days) - Amber route",1,4,0.59,0.59,,yes
thailand,"ESIM.DOG 🐶","🛜 DTAC Thailand - Essential Coverage (1GB/5Days) - Amber route",1,5,0.59,0.59,,yes
thailand,"ESIM.DOG 🐶","⚡️ [5G] Asia (5 countries) - Best 5G Coverage (2GB/1Days) - Pink route",2,1,1.25,0.625,,no
thailand,"abesteSIM","eSIM Thailand - 1 Day / Daily 2GB",2,1,1.257959141757083,0.629,,yes
thailand,"MicroEsim","Thailand eSIM 5G - 1 Day / Daily 2GB",2,1,1.26,0.63,,yes
thailand,"Tripuck eSIM","Southeast Asia 2 GB/day / 1 Days",2,1,1.26,0.63,,yes
thailand,"MicroEsim","Singapore &amp; Malaysia &amp; Thailand eSIM 5G - 1 Day / Daily 2GB",2,1,1.3,0.65,,yes
thailand,"ASIMGO","eSIM Singapore - Malaysia - Thailand - Support Tiktok - 1 Day / Daily 2GB",2,1,1.35,0.675,,yes
thailand,"ASIMGO","eSIM Thailand - 1 Day / Daily 2GB",2,1,1.37,0.685,,yes
thailand,"Superalink","Thailand - 2GB/day",2,1,1.39,0.695,,yes
thailand,"MicroEsim","Southeast Asia eSIM 5 Countries - 1 Day / Daily 2GB",2,1,1.46,0.73,,yes
thailand,"RedEx eSIM","Unlimited Data - 1 Days (2 GB / 384 KBPS)",2,1,1.46,0.73,,no
thailand,"thirr.com","TH 1GB 3D",1,3,0.73934185,0.739,,yes
thailand,"MicroEsim","Thailand eSIM 5G - 1 Day / Daily 1GB",1,1,0.74,0.74,,yes
thailand,"MicroEsim","Singapore &amp; Malaysia &amp; Thailand eSIM 5G - 1 Day / Daily 1GB",1,1,0.75,0.75,,yes
thailand,"Superalink","Thailand - Regular",1,1,0.75,0.75,,yes
thailand,"Superalink","Thailand - Regular",1,3,0.77,0.77,,yes
thailand,"eSIM4Travel","Thailand (DTAC, TRUE) - 1GB/1Days",1,1,0.77,0.77,,yes
thailand,"TravelGator eSIM","Thailand eSIM Roaming Data",1,1,0.7735276710183305,0.774,,no
thailand,"Stellar eSim","Thailand 1GB 7Days + Free Stellar VPN",1,7,0.7848398099999999,0.785,,no
thailand,"Stellar eSim","Thailand 1GB 7Days (nonhkip) + Free Stellar VPN",1,7,0.7848398099999999,0.785,,no
thailand,"Superalink","Thailand - Regular",1,5,0.79,0.79,,yes
thailand,"ESIM.DOG 🐶","⚡️ [5G] DTAC/TrueMove H Thailand - Best 5G Coverage (1GB/7Days) - Blue route",1,7,0.8,0.8,,yes
thailand,"Superalink","Thailand - Regular",1,7,0.82,0.82,,yes
thailand,"ESIM.DOG 🐶","⚡️ [5G] DTAC Thailand Thailand - Best 5G Coverage (1GB/10Days) - Black route",1,10,0.82,0.82,,yes
thailand,"Superalink","Thailand - Regular",1,10,0.83,0.83,,yes
thailand,"ESIM.DOG 🐶","⚡️ [5G] Asia (5 countries) - Best 5G Coverage (1.5GB/1Days) - Pink route",1.5,1,1.25,0.833,,no
thailand,"ESIM.DOG 🐶","⚡️ [5G] DTAC Thailand Thailand - Best 5G Coverage (1GB/15Days) - Black route",1,15,0.84,0.84,,yes
thailand,"Superalink","Thailand - Regular",1,15,0.85,0.85,,yes
thailand,"eSIM4Travel","Thailand (DTAC, TRUE) - 1GB/7Days",1,7,0.85,0.85,,yes
thailand,"ESIM.DOG 🐶","⚡️ [5G] DTAC Thailand Thailand - Best 5G Coverage (1GB/20Days) - Black route",1,20,0.85,0.85,,yes
thailand,"abesteSIM","eSIM Thailand - 1 Day / Daily 500MB",0.5,1,0.42973759501018366,0.859,,yes
thailand,"abesteSIM","eSIM Asia+Europe 52 Regions - 1 Day / Daily 500MB",0.5,1,0.42973759501018366,0.859,,yes
thailand,"abesteSIM","eSIM Southeast Asia (5 Countries) - 1 Day / Daily 500MB",0.5,1,0.42973759501018366,0.859,,yes
thailand,"abesteSIM","eSIM Global (66 Destinations) - 1 Day / Daily 500MB",0.5,1,0.42973759501018366,0.859,,yes
thailand,"MicroEsim","Thailand eSIM 5G - 3 Days / Total 1GB",1,3,0.86,0.86,,yes
thailand,"Superalink","Thailand - Regular",1,20,0.86,0.86,,yes
thailand,"ESIM.DOG 🐶","⚡️ [5G] DTAC Thailand - Best 5G Coverage (1GB/30Days) - Black route",1,30,0.86,0.86,,yes
thailand,"Superalink","Thailand - Regular",1,30,0.87,0.87,,yes
thailand,"MicroEsim","Singapore &amp; Malaysia &amp; Thailand eSIM 5G - 3 Days / Total 1GB",1,3,0.88,0.88,,yes
thailand,"mobineX","Unlimited Standard",1,1,0.9,0.9,,yes
thailand,"eSIM4Travel","South Asia 5 (Singapore, Malaysia, Thailand, Indonesia, Vietnam) - 1GB/7Days",1,7,0.93,0.93,,yes
thailand,"MicroEsim","Thailand eSIM 5G - 5 Days / Total 1GB",1,5,0.94,0.94,,yes
thailand,"ASIMGO","eSIM Thailand - 1 Day / Daily 1GB",1,1,0.95,0.95,,yes
thailand,"abesteSIM","eSIM Asia (27 Regions, Support Tiktok) - 1 Day / Daily 500MB",0.5,1,0.4766180599203855,0.953,,yes
thailand,"Stellar eSim","Thailand 500MB 7Days + Free Stellar VPN",0.5,7,0.47772857999999996,0.955,,no
thailand,"Horizon eSIM","Thailand 1GB 7Days",1,7,0.9668316499999999,0.967,,no
thailand,"MicroEsim","Singapore &amp; Malaysia &amp; Thailand eSIM 5G - 5 Days / Total 1GB",1,5,0.97,0.97,,yes
thailand,"Yoho Mobile","3-Country eSIM 1GB 7Day",1,7,0.97,0.97,,yes
thailand,"Yoho Mobile","TH eSIM 1GB 7Day",1,7,0.97,0.97,,yes
thailand,"MicroEsim","Southeast Asia eSIM 5 Countries - 1 Day / Daily 1GB",1,1,0.99,0.99,,yes
thailand,"Superalink","Malaysia/Singapore/Thailand - 1GB/day",1,1,0.99,0.99,,yes
thailand,"Yoho Mobile","TH eSIM 1GB/Day 1Day",1,1,0.99,0.99,,yes
thailand,"AlpineSIM","AlpineSIM Thailand - 1GB / 7 Days",1,7,0.99,0.99,,yes
thailand,"Voyasim","Thailand 500MB 7Days",0.5,7,0.5,1,,yes
thailand,"Instabridge","1 GB Thailand eSIM Mobile Data Plan",1,7,1,1,,no
thailand,"Orbit Mobile","Global Pass",1,1,1,1,,no
thailand,"iRoamly","Thailand-eSIM-1GB-1 Day-Daily",1,1,1,1,,yes
thailand,"Roamic","Thailand eSIM 1GB / 7 Days",1,7,1,1,,no
thailand,"ROWM","Thailand Daily",1,1,1,1,,no
thailand,"MicroEsim","Thailand eSIM 5G - 7 Days / Total 1GB",1,7,1.02,1.02,,yes
thailand,"Yesim","Thailand",0.5,1,0.51185205,1.024,,yes
thailand,"Yesim","South East Asia",0.5,1,0.51185205,1.024,,yes
thailand,"abesteSIM","eSIM Thailand - 5 Days / Total 1GB",1,5,1.0313702280244408,1.031,,yes
thailand,"ESIM888","Thailand (1GB/7DAYS)",1,7,1.05,1.05,,no
thailand,"Yoho Mobile","4-Country eSIM 1GB 7Day",1,7,1.05,1.05,,yes
thailand,"Stellar eSim","Asia (7 areas) 1GB 7Days + Free Stellar VPN",1,7,1.05782757,1.058,,no
thailand,"MicroEsim","Singapore &amp; Malaysia &amp; Thailand eSIM 5G - 7 Days / Total 1GB",1,7,1.06,1.06,,yes
thailand,"abesteSIM","eSIM Global (23 Destinations) - 1 Day / Daily 500MB",0.5,1,0.5391253464673212,1.078,,yes
thailand,"ASIMGO","eSIM Thailand - 1 Day / Daily 500MB",0.5,1,0.54,1.08,,yes
thailand,"MicroEsim","Thailand eSIM 5G - 10 Days / Total 1GB",1,10,1.09,1.09,,yes
thailand,"ASIMGO","eSIM Thailand - 3 Days / Total 1GB",1,3,1.09,1.09,,yes
thailand,"SimSmash","Thailand 1GB for 7 Days",1,7,1.09,1.09,,yes
thailand,"Superalink","Thailand - 1GB/day",1,1,1.09,1.09,,yes
thailand,"abesteSIM","eSIM Thailand - 7 Days / Total 1GB",1,7,1.0938775145713764,1.094,,yes
thailand,"ASIMGO","eSIM Southeast Asia - 5 Countries - 1 Day / Daily 500MB",0.5,1,0.55,1.1,,yes
thailand,"mobineX","Unlimited Standard",1,1,1.1,1.1,,yes
thailand,"Tripuck eSIM","Southeast Asia 1 GB / 7 Days",1,7,1.11,1.11,,yes
thailand,"ASIMGO","eSIM Asia&amp;Europe - 54 Countries - 1 Day / Daily 500MB",0.5,1,0.56,1.12,,yes
thailand,"AlpineSIM","AlpineSIM Thailand - 500MB / 7 Days",0.5,7,0.56,1.12,,yes
thailand,"ASIMGO","eSIM Singapore - Malaysia - Thailand - 1 Day / Daily 500MB",0.5,1,0.56,1.12,,yes
thailand,"MicroEsim","Singapore &amp; Malaysia &amp; Thailand eSIM 5G - 10 Days / Total 1GB",1,10,1.12,1.12,,yes
thailand,"TravelGator eSIM","Thailand eSIM Roaming Data",1,3,1.1329445686632114,1.133,,no
thailand,"abesteSIM","eSIM Thailand - 10 Days / Total 1GB",1,10,1.1329445686632114,1.133,,yes
thailand,"ASIMGO","eSIM Thailand - 5 Days / Total 1GB",1,5,1.15,1.15,,yes
thailand,"Yoho Mobile","4-Country eSIM 1GB/Day 1Day",1,1,1.15,1.15,,yes
thailand,"Yoho Mobile","3-Country eSIM 1GB/Day 1Day",1,1,1.15,1.15,,yes
thailand,"Horizon eSIM","Thailand 500MB 7Days",0.5,7,0.58009899,1.16,,no
thailand,"Stellar eSim","Singapore &amp; Malaysia &amp; Thailand 1GB 7Days + Free Stellar VPN",1,7,1.16019798,1.16,,no
thailand,"TravelGator eSIM","Thailand eSIM Roaming Data",1,5,1.1720116227550461,1.172,,no
thailand,"Yoho Mobile","12-Country eSIM 1GB 7Day",1,7,1.18,1.18,,yes
thailand,"Yoho Mobile","9-Country eSIM 1GB 7Day",1,7,1.18,1.18,,yes
thailand,"Yoho Mobile","10-Country eSIM 1GB 7Day",1,7,1.18,1.18,,yes
thailand,"Yoho Mobile","5-Country eSIM 1GB 7Day",1,7,1.18,1.18,,yes
thailand,"MicroEsim","Thailand eSIM 5G - 15 Days / Total 1GB",1,15,1.2,1.2,,yes
thailand,"mobineX","Unlimited Standard",1,1,1.2,1.2,,yes
thailand,"Roaming4You","Thailand Unlimited Data - 1 Day",1,1,1.2,1.2,,yes
thailand,"Billion Connect","Southeast Asia eSIM [5 Countries] 1 Day 1GB/Day",1,1,1.2,1.2,,yes
thailand,"Tripuck eSIM","Thailand 1 GB / 7 Days",1,7,1.2,1.2,,yes
thailand,"ASIMGO","eSIM Thailand - 7 Days / Total 1GB",1,7,1.21,1.21,,yes
thailand,"TravelGator eSIM","Thailand eSIM Roaming Data",1,7,1.211078676846881,1.211,,no
thailand,"abesteSIM","eSIM Thailand - 15 Days / Total 1GB",1,15,1.211078676846881,1.211,,yes
thailand,"abesteSIM","eSIM Southeast Asia (5 Countries) - 1 Day / Daily 1GB",1,1,1.226705498483615,1.227,,yes
thailand,"MicroEsim","Singapore &amp; Malaysia &amp; Thailand eSIM 5G - 15 Days / Total 1GB",1,15,1.24,1.24,,yes
thailand,"AlpineSIM","AlpineSIM Thailand - 1GB/Day / 1 Days",1,1,1.24,1.24,,yes
thailand,"ASIMGO","eSIM Thailand - 10 Days / Total 1GB",1,10,1.25,1.25,,yes
thailand,"Ozly eSIM","Thailand 1GB 7Days",1,7,1.25,1.25,,yes
thailand,"AdventureSIMs","Thailand 1GB 7 Days",1,7,1.2540736454257866,1.254,,yes
thailand,"abesteSIM","eSIM Thailand - 30 Days / Total 1GB",1,30,1.257959141757083,1.258,,yes
thailand,"MicroEsim","Thailand eSIM 5G - 30 Days / Total 1GB",1,30,1.26,1.26,,yes
thailand,"abesteSIM","eSIM Asia+Europe 52 Regions - 1 Day / Daily 1GB",1,1,1.2892127850305508,1.289,,yes
thailand,"SimSmash","Thailand Daily Unlimited 1GB/day for 1 Days",1,1,1.29,1.29,,yes
thailand,"MegaEsim","Thailand 1 GB, 1 day",1,1,1.29,1.29,,yes
thailand,"MegaEsim","Thailand 1 GB, 7 days",1,7,1.29,1.29,,yes
thailand,"MegaEsim","Thailand Unlimited, 1 day (1 GB/day full speed)",1,1,1.29,1.29,,yes
thailand,"MicroEsim","Singapore &amp; Malaysia &amp; Thailand eSIM 5G - 30 Days / Total 1GB",1,30,1.3,1.3,,yes
thailand,"Billion Connect","Global eSIM [19 Regions] 3 Days 1GB",1,3,1.3,1.3,,yes
thailand,"Tripuck eSIM","Thailand 1 GB / 1 Days",1,1,1.3,1.3,,yes
thailand,"Bloomy eSIM","Thailand 1GB 7 Days",1,7,1.3,1.3,,yes
thailand,"Yoho Mobile","9-Country eSIM 1GB/Day 1Day",1,1,1.31,1.31,,yes
thailand,"Yoho Mobile","5-Country eSIM 1GB/Day 1Day",1,1,1.31,1.31,,yes
thailand,"Superalink","Thailand - Regular",0.5,1,0.66,1.32,,yes
thailand,"ASIMGO","eSIM Thailand - 15 Days / Total 1GB",1,15,1.33,1.33,,yes
thailand,"Yoho Mobile","14-Country eSIM 1GB 7Day",1,7,1.34,1.34,,yes
thailand,"Yoho Mobile","52-Country eSIM 1GB 7Day",1,7,1.34,1.34,,yes
thailand,"Yoho Mobile","13-Country eSIM 1GB 7Day",1,7,1.34,1.34,,yes
thailand,"AlpineSIM","AlpineSIM Asia (14 areas) - 1GB / 7 Days",1,7,1.34,1.34,,yes
thailand,"EZsim","Thailand - 1GB Daily / 1Days",1,1,1.35,1.35,,no
thailand,"AlpineSIM","AlpineSIM Singapore &amp; Malaysia &amp; Thailand - 1GB/Day / 1 Days",1,1,1.35,1.35,,yes
thailand,"ASIMGO","eSIM Singapore - Malaysia - Thailand - Support Tiktok - 3 Days / Total 1GB",1,3,1.35,1.35,,yes
thailand,"Superalink","Thailand - Regular",0.5,3,0.68,1.36,,yes
thailand,"AlpineSIM","AlpineSIM Thailand - 500MB/Day / 1 Days",0.5,1,0.68,1.36,,yes
thailand,"LimitSIM","Thailand 1GB",1,7,1.3649388,1.365,,yes
thailand,"TravelGator eSIM","Thailand eSIM Roaming Data",1,10,1.3673468932142205,1.367,,no
thailand,"abesteSIM","eSIM Asia (10 Regions) - 1 Day / Daily 1GB",1,1,1.3673468932142205,1.367,,yes
thailand,"ASIMGO","eSIM Thailand - 30 Days / Total 1GB",1,30,1.37,1.37,,yes
thailand,"ASIMGO","eSIM Singapore - Malaysia - Thailand - Support Tiktok - 5 Days / Total 1GB",1,5,1.39,1.39,,yes
thailand,"Tripuck eSIM","Multi-Region 1 GB / 7 Days",1,7,1.39,1.39,,no
thailand,"Superalink","Thailand - Regular",0.5,5,0.7,1.4,,yes
thailand,"MicroEsim","Thailand eSIM 5G - 1 Day / Daily 500MB",0.5,1,0.7,1.4,,yes
thailand,"EZsim","Thailand - 1GB/7Days",1,7,1.4,1.4,,no
thailand,"iRoamly","Thailand-eSIM-1GB-3 Days-Total",1,3,1.4,1.4,,yes
thailand,"SeferESIM","Thailand 1GB 7Days",1,7,1.4,1.4,,yes
thailand,"ASIMGO","eSIM Asia&amp;Europe - 54 Countries - 1 Day / Daily 1GB",1,1,1.41,1.41,,yes
thailand,"ASIMGO","eSIM Singapore - Malaysia - Thailand - 1 Day / Daily 1GB",1,1,1.41,1.41,,yes
thailand,"MicroEsim","Singapore &amp; Malaysia &amp; Thailand eSIM 5G - 1 Day / Daily 500MB",0.5,1,0.71,1.42,,yes
thailand,"RedEx eSIM","1 GB - 7 Days",1,7,1.42,1.42,,no
thailand,"SparkRoam","Singapore, Thailand, Malaysia · 1 GB · 7 days",1,7,1.42,1.42,,yes
thailand,"Esoim","Thailand eSIM 1 GB (1 Days)",1,1,1.42181125,1.422,,no
thailand,"4S eSIM","Thailand 1GB - 1 Day",1,1,1.43,1.43,,no
thailand,"AlpineSIM","AlpineSIM Asia (14 areas) - 1GB/Day / 1 Days",1,1,1.43,1.43,,yes
thailand,"AlpineSIM","AlpineSIM South East Asia (8 areas) - 1GB / 7 Days",1,7,1.43,1.43,,yes
thailand,"Superalink","Thailand - Regular",0.5,7,0.72,1.44,,yes
thailand,"Yoho Mobile","10-Country eSIM 1GB/Day 1Day",1,1,1.44,1.44,,yes
thailand,"Tripuck eSIM","Asia 1 GB / 7 Days",1,7,1.44,1.44,,yes
thailand,"GLOBAL YO","Thailand - 3 Days - 1 GB",1,3,1.44,1.44,,no
thailand,"TravelGator eSIM","Thailand eSIM Roaming Data",1,15,1.4454810013978905,1.445,,no
thailand,"Connect Me Guru","Thailand 1GB 7Days",1,7,1.45,1.45,,yes
thailand,"Bloomy eSIM","Thailand Unlimited (1GB/day) 1 Day",1,1,1.45,1.45,,yes
thailand,"Hiroaming","Thailand 500MB 7Days",0.5,7,0.73,1.46,,no
thailand,"4S eSIM","Thailand 1GB - 5 Days",1,5,1.47,1.47,,no
thailand,"ASIMGO","eSIM Singapore - Malaysia - Thailand - Support Tiktok - 10 Days / Total 1GB",1,10,1.47,1.47,,yes
thailand,"IbridMarket","Thailand 1GB 7Days",1,7,1.48,1.48,,no
thailand,"ASIMGO","eSIM Singapore - Malaysia - Thailand - Support Tiktok - 15 Days / Total 1GB",1,15,1.48,1.48,,yes
thailand,"MoreMins eSIM","eSIM internet in Thailand",1,7,1.49,1.49,,no
thailand,"MoodSIM","Thailand 1 GB 7 Days",1,7,1.49,1.49,,yes
thailand,"MoodSIM","Thailand Unlimited (1 GB/day, then 512 Kbps) 1 Day",1,1,1.49,1.49,,yes
thailand,"MoodSIM","SEA Trio Unlimited (1 GB/day, then 128 Kbps) 1 Day",1,1,1.49,1.49,,yes
thailand,"MoodSIM","Thailand Unlimited (1 GB/day, then 1 Mbps) 1 Day",1,1,1.49,1.49,,yes
thailand,"MoodSIM","South East Asia 1 GB 7 Days",1,7,1.49,1.49,,yes
thailand,"MoodSIM","Asia 1 GB 7 Days",1,7,1.49,1.49,,yes
thailand,"MoodSIM","Thailand 500 MB 7 Days",0.5,7,0.75,1.5,,yes
thailand,"Superalink","Thailand - 500MB/day",0.5,1,0.79,1.58,,yes
thailand,"Superalink","Malaysia/Singapore/Thailand - 500MB/day",0.5,1,0.79,1.58,,yes
thailand,"LimitSIM","Thailand 500MB 7Days",0.5,7,0.7962142999999999,1.592,,yes
thailand,"SeferESIM","Thailand 500MB 7Days",0.5,7,0.8,1.6,,yes
thailand,"SimSmash","Thailand Daily Unlimited 0.49GB/day for 1 Days",0.49,1,0.79,1.612,,yes
thailand,"AlpineSIM","AlpineSIM Singapore &amp; Malaysia &amp; Thailand - 500MB/Day / 1 Days",0.5,1,0.82,1.64,,yes
thailand,"Bloomy eSIM","Thailand 500MB 7 Days",0.5,7,0.85,1.7,,yes
thailand,"ESIM.DOG 🐶","⚡️ [5G] DTAC Thailand Thailand - Best 5G Coverage (500MB/30Days) - Black route",0.5,30,0.86,1.72,,yes
thailand,"ASIMGO","eSIM Asia (26 Regions, Support Tiktok) - 1 Day / Daily 500MB",0.5,1,0.88,1.76,,yes
thailand,"MicroEsim","Southeast Asia eSIM 5 Countries - 1 Day / Daily 500MB",0.5,1,0.88,1.76,,yes
thailand,"Tripuck eSIM","Thailand 502 MB / 7 Days",0.5,7,0.9,1.793,,yes
thailand,"bndless","Thailand 500MB 7Days",0.5,7,0.9,1.8,,yes
thailand,"merdata","eSIM Thailand 500 MB 7 days",0.5,7,0.9456158084677951,1.891,,no
thailand,"merdata","eSIM Thailand 500 MB/day 1 day",0.5,1,0.9456158084677951,1.891,,no
thailand,"Tripuck eSIM","Thailand 502 MB / 1 Days",0.5,1,0.99,1.972,,no
thailand,"Earth Esim","500MB/1 Day Thailand 5G eSIM",0.5,1,0.99,1.98,,yes
thailand,"ASIMGO","eSIM Asia 22 Regions - 1 Day / Daily 500MB",0.5,1,0.99,1.98,,yes
thailand,"MoodSIM","Thailand Unlimited (500 MB/day, then 512 Kbps) 1 Day",0.5,1,0.99,1.98,,yes
thailand,"Connect Me Guru","Thailand 500MB 7Days",0.5,7,1,2,,yes
thailand,"SeferESIM","Thailand 500MB/Day",0.5,1,1,2,,yes
thailand,"abesteSIM","eSIM Asia (10 Regions) - 1 Day / Total 200MB",0.2,1,0.4062973625550827,2.031,,yes
thailand,"Wiiline","for Thailand 1 Days 0.49GB 490 MB",0.49,1,1.01,2.061,,no
thailand,"IbridMarket","Thailand 500MB 7Days",0.5,7,1.06,2.12,,no
thailand,"Tripuck eSIM","Multi-Region 502 MB / 1 Days",0.5,1,1.07,2.131,,no
thailand,"eSIMNow","Thailand 500MB 7Days",0.5,7,1.08,2.16,,yes
thailand,"Superalink","Thailand - 500MB/day",0.5,3,1.09,2.18,,yes
thailand,"Superalink","Malaysia/Singapore/Thailand - 500MB/day",0.5,3,1.09,2.18,,yes
thailand,"bndless","Thailand 500MB/Day",0.5,1,1.13,2.26,,yes
thailand,"LimitSIM","SEA 0.49GB",0.5,1,1.137449,2.266,,no
thailand,"Connect Me Guru","Thailand 500MB/Day",0.5,1,1.15,2.3,,yes
thailand,"LimitSIM","Singapore &amp; Malaysia &amp; Thailand 500MB/Day",0.5,1,1.1943214500000001,2.389,,no
thailand,"Voyasim","Thailand 500MB/Day",0.5,1,1.2,2.4,,yes
thailand,"IbridMarket","Thailand 500MB/Day",0.5,1,1.2,2.4,,no
thailand,"SeferESIM","Singapore &amp; Malaysia &amp; Thailand 500MB/Day",0.5,1,1.2,2.4,,yes
thailand,"Hiroaming","Thailand 500MB/Day (nonhkip)",0.5,1,1.2,2.4,,no
thailand,"ESIM.DOG 🐶","⚡️ [5G] DTAC/TrueMove H Thailand - Best Unlimited 5G Coverage - Blue route",0.5,1,1.24,2.48,,yes
thailand,"AlpineSIM","AlpineSIM Asia (7 areas) - 500MB/Day / 1 Days",0.5,1,1.24,2.48,,yes
thailand,"eSIMNow","Thailand 500MB/Day for 1 Day",0.5,1,1.25,2.5,,yes
thailand,"abesteSIM","eSIM Thailand - 3 Days / Daily 500MB",0.5,3,1.257959141757083,2.516,,yes
thailand,"MicroEsim","Thailand eSIM 5G - 3 Days / Daily 500MB",0.5,3,1.26,2.52,,yes
thailand,"Landed eSIM","Thailand 500MB/day · 1 day",0.5,1,1.29,2.58,,yes
thailand,"Connect Me Guru","Singapore &amp; Malaysia &amp; Thailand 500MB/Day",0.5,1,1.3,2.6,,no
thailand,"MicroEsim","Singapore &amp; Malaysia &amp; Thailand eSIM 5G - 3 Days / Daily 500MB",0.5,3,1.3,2.6,,yes
thailand,"SeferESIM","Thailand 500MB/Day (nonhkip)",0.5,1,1.32,2.64,,yes
thailand,"IbridMarket","Singapore &amp; Malaysia &amp; Thailand 500",0.5,1,1.34,2.68,,no
thailand,"bndless","Singapore &amp; Malaysia &amp; Thailand 500MB/Day",0.5,1,1.35,2.7,,yes
thailand,"ASIMGO","eSIM Singapore - Malaysia - Thailand - Support Tiktok - 3 Days / Daily 500MB",0.5,3,1.35,2.7,,yes
thailand,"ASIMGO","eSIM Thailand - 3 Days / Daily 500MB",0.5,3,1.37,2.74,,yes
thailand,"Connect Me Guru","Thailand 500MB/Day (nonhkip)",0.5,1,1.39,2.78,,yes
thailand,"Tripuck eSIM","Asia 502 MB / 1 Days",0.5,1,1.4,2.789,,yes
thailand,"IbridMarket","Thailand 500MB/Day (nonhkip)",0.5,1,1.42,2.84,,no
thailand,"eSIMNow","Singapore &amp; Malaysia &amp; Thailand 500MB/Day for 1 Day",0.5,1,1.42,2.84,,yes
thailand,"Horizon eSIM","Thailand 100MB 7Days",0.1,7,0.28436225,2.844,,no
thailand,"AlpineSIM","AlpineSIM Thailand - 100MB / 7 Days",0.1,7,0.29,2.9,,yes
thailand,"PuraSIM","Thailand 500MB 7Days",0.5,7,1.49,2.98,,yes
thailand,"bndless","Thailand 500MB/Day (nonhkip)",0.5,1,1.49,2.98,,yes
thailand,"Earth Esim","500MB/1 Day SG, TH &amp; MY 5G",0.5,1,1.49,2.98,,yes
thailand,"Superalink","Malaysia/Singapore/Thailand - 500MB/day",0.5,5,1.49,2.98,,yes
thailand,"ESIM.DOG 🐶","⚡️ [5G] DTAC/TrueMove H Thailand - Best 5G Coverage (500MB/7Days) - Blue route",0.5,7,1.49,2.98,,yes
thailand,"MoodSIM","Asia Unlimited (500 MB/day, then 128 Kbps) 1 Day",0.5,1,1.49,2.98,,yes
thailand,"eSIMNow","Thailand 100MB 7Days",0.1,7,0.31,3.1,,yes
thailand,"Truely","Thailand - 300MB, 2 days",0.3,2,1.29,4.3,,yes
thailand,"Stellar eSim","Thailand 100MB 7Days + Free Stellar VPN",0.1,7,0.47772857999999996,4.777,,no
thailand,"MoodSIM","Thailand 100 MB 7 Days",0.1,7,0.49,4.9,,yes
thailand,"Voyasim","Thailand 100MB 7Days",0.1,7,0.5,5,,yes
thailand,"MicroEsim","Asia eSIM 10 Regions - Support TikTok - 1 Day / Total 200MB",0.2,1,1.01,5.05,,yes
thailand,"Hiroaming","Thailand 100MB 7Days",0.1,7,0.55,5.5,,no
thailand,"SeferESIM","Thailand 100MB 7Days",0.1,7,0.6,6,,yes
thailand,"LimitSIM","Thailand 100MB 7Days",0.1,7,0.60284797,6.028,,yes
thailand,"Superalink","Thailand - Regular",0.1,1,0.63,6.3,,yes
thailand,"Superalink","Thailand - Regular",0.1,3,0.65,6.5,,yes
thailand,"Superalink","Thailand - Regular",0.1,5,0.67,6.7,,yes
thailand,"bndless","Thailand 100MB 7Days",0.1,7,0.68,6.8,,yes
thailand,"Superalink","Thailand - Regular",0.1,7,0.69,6.9,,yes
thailand,"Bloomy eSIM","Thailand 100MB 7 Days",0.1,7,0.7,7,,yes
thailand,"Tripuck eSIM","Thailand 102 MB / 7 Days",0.1,7,0.8,7.843,,yes
thailand,"Connect Me Guru","Thailand 100MB 7Days",0.1,7,0.85,8.5,,yes
thailand,"Roamix","Thailand 100MB 7Days",0.1,7,0.85,8.5,,yes
thailand,"ESIM.DOG 🐶","⚡️ [5G] DTAC Thailand Thailand - Best 5G Coverage (100MB/30Days) - Black route",0.1,30,0.86,8.6,,yes
thailand,"IbridMarket","Thailand 100MB 7Days",0.1,7,0.92,9.2,,no
thailand,"ESIM.DOG 🐶","⚡️ [5G] DTAC Thailand Thailand - Best 5G Coverage (100MB/90Days) - Black route",0.1,90,0.98,9.8,,yes
thailand,"StaffTraveler eSIM","StaffTraveler eSIM 100 MB",0.1,365,0.99,9.9,,no
thailand,"Avelis eSIM","Standard 100MB / 7 Days",0.1,7,0.99,9.9,,yes
thailand,"Zwitchy","Thailand · 100 MB · 1 day",0.1,1,1,10,,yes
thailand,"DashRoam","Thailand 100MB 7Days",0.1,7,1.45,14.5,,yes
turkey,"ESIM.DOG 🐶","🛜 Turk Telekom Turkey - Essential Coverage (6GB/1Days) - Amber route",6,1,0.64,0.107,,yes
turkey,"ESIM.DOG 🐶","🛜 Turk Telekom Turkey - Essential Coverage (6GB/5Days) - Amber route",6,5,0.64,0.107,,yes
turkey,"Stellar eSim","Turkey 6GB 30Days + Free Stellar VPN",6,30,0.64834593,0.108,,no
turkey,"ESIM.DOG 🐶","🛜 Turk Telekom Turkey - Essential Coverage (5GB/1Days) - Amber route",5,1,0.55,0.11,,yes
turkey,"ESIM.DOG 🐶","🛜 Turk Telekom Turkey - Essential Coverage (5GB/3Days) - Amber route",5,3,0.55,0.11,,yes
turkey,"ESIM.DOG 🐶","🛜 Turk Telekom Turkey - Essential Coverage (5GB/5Days) - Amber route",5,5,0.55,0.11,,yes
turkey,"ESIM.DOG 🐶","🛜 Turk Telekom Turkey - Essential Coverage (5GB/7Days) - Amber route",5,7,0.55,0.11,,yes
turkey,"ESIM.DOG 🐶","🛜 Turk Telekom Turkey - Essential Coverage (5GB/10Days) - Amber route",5,10,0.55,0.11,,yes
turkey,"Stellar eSim","Turkey 5GB 20Days + Free Stellar VPN",5,20,0.55735001,0.111,,no
turkey,"Stellar eSim","Turkey 5GB 5Days + Free Stellar VPN",5,5,0.55735001,0.111,,no
turkey,"ESIM.DOG 🐶","🛜 Turk Telekom Turkey - Essential Coverage (5GB/15Days) - Amber route",5,15,0.64,0.128,,yes
turkey,"ESIM.DOG 🐶","🛜 Turk Telekom Turkey - Essential Coverage (5GB/20Days) - Amber route",5,20,0.64,0.128,,yes
turkey,"ESIM.DOG 🐶","🛜 Turk Telekom Turkey - Essential Coverage (5GB/30Days) - Amber route",5,30,0.64,0.128,,yes
turkey,"Stellar eSim","Turkey 3GB 20Days + Free Stellar VPN",3,20,0.43223062,0.144,,no
turkey,"Stellar eSim","Turkey 4GB 20Days + Free Stellar VPN",4,20,0.58009899,0.145,,no
turkey,"Stellar eSim","Turkey 3GB 1Days + Free Stellar VPN",3,1,0.44360511,0.148,,no
turkey,"Stellar eSim","Turkey 6GB 20Days + Free Stellar VPN",6,20,0.8985847100000001,0.15,,no
turkey,"ESIM.DOG 🐶","🛜 Turk Telekom Turkey - Essential Coverage (4GB/30Days) - Amber route",4,30,0.64,0.16,,yes
turkey,"ESIM.DOG 🐶","🛜 Turk Telekom Turkey - Essential Coverage (7GB/1Days) - Amber route",7,1,1.13,0.161,,yes
turkey,"ESIM.DOG 🐶","🛜 Turk Telekom Turkey - Essential Coverage (7GB/5Days) - Amber route",7,5,1.13,0.161,,yes
turkey,"ESIM.DOG 🐶","🛜 Turk Telekom Turkey - Essential Coverage (7GB/15Days) - Amber route",7,15,1.13,0.161,,yes
turkey,"ESIM.DOG 🐶","🛜 Turk Telekom Turkey - Essential Coverage (7GB/20Days) - Amber route",7,20,1.13,0.161,,yes
turkey,"Stellar eSim","Turkey 4GB 30Days + Free Stellar VPN",4,30,0.64834593,0.162,,no
turkey,"Stellar eSim","Turkey 7GB 20Days + Free Stellar VPN",7,20,1.137449,0.162,,no
turkey,"ESIM.DOG 🐶","🛜 Turk Telekom Turkey - Essential Coverage (3GB/20Days) - Amber route",3,20,0.55,0.183,,yes
turkey,"ESIM.DOG 🐶","⚡️ [5G] Vodafone/Avea/Türk Telekom Turkey - Best 5G Coverage (3GB/15Days) - Blue route",3,15,0.55,0.183,,yes
turkey,"Stellar eSim","Turkey 3GB 15Days + Free Stellar VPN",3,15,0.61422246,0.205,,no
turkey,"ESIM.DOG 🐶","🛜 Turk Telekom Turkey - Essential Coverage (3GB/30Days) - Amber route",3,30,0.63,0.21,,yes
turkey,"ESIM.DOG 🐶","🛜 Turk Telekom Turkey - Essential Coverage (3GB/25Days) - Amber route",3,25,0.63,0.21,,yes
turkey,"ESIM.DOG 🐶","🛜 Turk Telekom Turkey - Essential Coverage (3GB/21Days) - Amber route",3,21,0.63,0.21,,yes
turkey,"Stellar eSim","Turkey 3GB 30Days + Free Stellar VPN",3,30,0.63697144,0.212,,no
turkey,"Stellar eSim","Turkey 3GB 30Days Premium + Free Stellar VPN",3,30,0.63697144,0.212,,no
turkey,"Stellar eSim","Turkey 2GB 20Days + Free Stellar VPN",2,20,0.44360511,0.222,,no
turkey,"Stellar eSim","Turkey 2GB 15Days + Free Stellar VPN",2,15,0.44360511,0.222,,no
turkey,"eSIMPal","Turkey - 1GB 30 Days",1,30,0.29,0.29,,yes
turkey,"ESIM.DOG 🐶","🛜 Turk Telekom Turkey - Essential Coverage (2GB/30Days) - Amber route",2,30,0.63,0.315,,yes
turkey,"ESIM.DOG 🐶","⚡️ [5G] Turk Telekom Turkey - Best 5G Coverage (2GB/25Days) - Black route",2,25,0.63,0.315,,yes
turkey,"MoodSIM","Türkiye Premium 3 GB 15 Days",3,15,0.99,0.33,,yes
turkey,"ESIM.DOG 🐶","⚡️ [5G] Europe (33 countries) - Best 5G Coverage (3GB/3Days) - Pink route",3,3,1.05,0.35,,no
turkey,"Stellar eSim","Turkey 2GB 30Days + Free Stellar VPN",2,30,0.72796736,0.364,,no
turkey,"Stellar eSim","Turkey eSIM Unlimited - 1 day",3,1,1.0919510399999999,0.364,,no
turkey,"Ozly eSIM","Turkey 3GB 15Days Premium",3,15,1.1,0.367,,yes
turkey,"SeferESIM","Turkey 3GB 15Days Premium",3,15,1.12,0.373,,yes
turkey,"bndless","Turkey 3GB 15Days Premium",3,15,1.26,0.42,,yes
turkey,"IbridMarket","Turkey 3GB 15Days Premium",3,15,1.28,0.427,,no
turkey,"Billion Connect","Turkey eSIM [5G] 1 Day 3GB/Day",3,1,1.3,0.433,,yes
turkey,"eSIMX","Turkey 10GB 7Days",10,7,4.8,0.48,,yes
turkey,"Stellar eSim","Turkey 1GB 7Days Premium + Free Stellar VPN",1,7,0.5346010299999999,0.535,,no
turkey,"Stellar eSim","Turkey 1GB 7Days + Free Stellar VPN",1,7,0.5346010299999999,0.535,,no
turkey,"ESIM.DOG 🐶","⚡️ [5G] Turk Telekom Turkey - Best 5G Coverage (1GB/20Days) - Black route",1,20,0.55,0.55,,yes
turkey,"AlpineSIM","AlpineSIM Turkey - 2GB/Day / 1 Days",2,1,1.11,0.555,,yes
turkey,"AlpineSIM","AlpineSIM Turkey - 1GB/Day / 1 Days",1,1,0.56,0.56,,yes
turkey,"AlpineSIM","AlpineSIM Turkey - 500MB / 7 Days",0.5,7,0.29,0.58,,yes
turkey,"AlpineSIM","AlpineSIM Turkey - 500MB / 1 Days",0.5,1,0.29,0.58,,yes
turkey,"Astaroam","Turkey 1GB 7Days",1,7,0.5812531473859276,0.581,,yes
turkey,"Superalink","Turkey (Turkiye) - 2GB/day",2,1,1.19,0.595,,yes
turkey,"Billion Connect","Turkey eSIM [5G] 1 Day 2GB/Day",2,1,1.2,0.6,,yes
turkey,"ESIM.DOG 🐶","⚡️ [5G] Balkans (2 countries) - Best 5G Coverage (1GB/1Days) - Black route",1,1,0.61,0.61,,yes
turkey,"ESIM.DOG 🐶","⚡️ [5G] Balkans (2 countries) - Best 5G Coverage (1GB/3Days) - Black route",1,3,0.61,0.61,,yes
turkey,"ESIM.DOG 🐶","⚡️ [5G] Balkans (2 countries) - Best 5G Coverage (1GB/5Days) - Black route",1,5,0.61,0.61,,yes
turkey,"ESIM.DOG 🐶","⚡️ [5G] Balkans (2 countries) - Best 5G Coverage (1GB/7Days) - Black route",1,7,0.61,0.61,,yes
turkey,"eSIM4Travel","Best Europe 41 - 1GB/7Days",1,7,0.62,0.62,,yes
turkey,"eSIM4Travel","Best Europe 41 - 1GB/1Days",1,1,0.62,0.62,,yes
turkey,"ESIM.DOG 🐶","⚡️ [5G] Balkans (2 countries) - Best 5G Coverage (2GB/1Days) - Black route",2,1,1.24,0.62,,yes
turkey,"Billion Connect","Global eSIM [45 Countries] 1 Day 2GB/Day",2,1,1.25,0.625,,yes
turkey,"ESIM.DOG 🐶","⚡️ [5G] Turk Telekom Turkey - Best 5G Coverage (1GB/30Days) - Black route",1,30,0.63,0.63,,yes
turkey,"SimSmash","Turkey Daily Unlimited 2GB/day for 1 Days",2,1,1.27,0.635,,yes
turkey,"Horizon eSIM","Turkey 1GB 7Days",1,7,0.63697144,0.637,,no
turkey,"abesteSIM","eSIM Turkey - 1 Day / Daily 2GB",2,1,1.2892127850305508,0.645,,yes
turkey,"ESIM888","Turkey (1GB/7DAYS)",1,7,0.65,0.65,,no
turkey,"AlpineSIM","AlpineSIM Turkey - 1GB / 7 Days",1,7,0.65,0.65,,yes
turkey,"abesteSIM","eSIM Turkey - 1 Day / Daily 1GB",1,1,0.7032069736530278,0.703,,yes
turkey,"EtravelSIM","Travel eSIM for Turkey 25 GB - 30 Days / Data Only",25,30,17.99,0.72,,no
turkey,"thirr.com","TR 1GB 3D",1,3,0.73934185,0.739,,yes
turkey,"Superalink","Turkey (Turkiye) - Regular",1,1,0.75,0.75,,yes
turkey,"SimSmash","Turkey Daily Unlimited 1GB/day for 1 Days",1,1,0.76,0.76,,yes
turkey,"Superalink","Turkey (Turkiye) - Regular",1,3,0.77,0.77,,yes
turkey,"Textr eSIM","Turkey 1GB",1,7,0.78,0.78,,no
turkey,"Superalink","Turkey (Turkiye) - Regular",1,5,0.79,0.79,,yes
turkey,"SimSmash","Turkey 1GB for 7 Days",1,7,0.79,0.79,,yes
turkey,"EZsim","Turkey - 1GB/7Days",1,7,0.8,0.8,,no
turkey,"EZsim","Turkey - 1GB Daily / 1Days",1,1,0.8,0.8,,no
turkey,"Roaming4You","Turkey Unlimited Data - 1 Day",1,1,0.8,0.8,,yes
turkey,"abesteSIM","eSIM World 45 Regions - 1 Day / Daily 500MB",0.5,1,0.4062973625550827,0.813,,yes
turkey,"LimitSIM","Turkey 1GB/Day",1,1,0.81896328,0.819,,yes
turkey,"Superalink","Turkey (Turkiye) - Regular",1,7,0.82,0.82,,yes
turkey,"Superalink","Turkey (Turkiye) - Regular",1,10,0.83,0.83,,yes
turkey,"AlpineSIM","AlpineSIM Turkey - 500MB/Day / 1 Days",0.5,1,0.42,0.84,,yes
turkey,"SeferESIM","Turkey 1GB/Day",1,1,0.84,0.84,,yes
turkey,"Horizon eSIM","Turkey 500MB 1Day",0.5,1,0.42085613,0.842,,no
turkey,"Horizon eSIM","Turkey 500MB 7Days",0.5,7,0.42085613,0.842,,no
turkey,"Superalink","Turkey (Turkiye) - Regular",1,15,0.85,0.85,,yes
turkey,"abesteSIM","eSIM Balkans (11 Countries) - 1 Day / Daily 500MB",0.5,1,0.42973759501018366,0.859,,yes
turkey,"abesteSIM","eSIM Turkey - 1 Day / Daily 500MB",0.5,1,0.42973759501018366,0.859,,yes
turkey,"abesteSIM","eSIM Asia+Europe 52 Regions - 1 Day / Daily 500MB",0.5,1,0.42973759501018366,0.859,,yes
turkey,"abesteSIM","eSIM Europe (49 Destinations) - 1 Day / Daily 500MB",0.5,1,0.42973759501018366,0.859,,yes
turkey,"abesteSIM","eSIM Global (66 Destinations) - 1 Day / Daily 500MB",0.5,1,0.42973759501018366,0.859,,yes
turkey,"Superalink","Turkey (Turkiye) - Regular",1,20,0.86,0.86,,yes
turkey,"Superalink","Turkey (Turkiye) - Regular",1,30,0.87,0.87,,yes
turkey,"Bloomy eSIM","Turkey Unlimited (1GB/day) 1 Day",1,1,0.88,0.88,,yes
turkey,"Billion Connect","Turkey eSIM [5G] 3 Days 1GB",1,3,0.89,0.89,,yes
turkey,"LimitSIM","Turkey 1GB",1,7,0.8985847100000001,0.899,,yes
turkey,"voilà","",1,7,0.9,0.9,,yes
turkey,"BNESIM","Surf 1 GB in Turkey for 30 days",1,30,0.9,0.9,,yes
turkey,"MicroEsim","Turkey eSIM 5G - 1 Day / Daily 1GB",1,1,0.91,0.91,,yes
turkey,"SeferESIM","Turkey 1GB 7Days",1,7,0.92,0.92,,yes
turkey,"Tripuck eSIM","Türkiye 1 GB / 1 Days",1,1,0.92,0.92,,yes
turkey,"Astaroam","Turkey Unlimited - 1Day",1,1,0.9247209162957938,0.925,,yes
turkey,"Bloomy eSIM","Turkey 1GB 7 Days",1,7,0.94,0.94,,yes
turkey,"bndless","Turkey 1GB/Day",1,1,0.95,0.95,,yes
turkey,"Tripuck eSIM","Türkiye 1 GB / 7 Days",1,7,0.96,0.96,,yes
turkey,"Jetpac","Turkey 15GB",15,7,14.5,0.967,ESIMDB15,no
turkey,"ASIMGO","eSIM World - 45 Countries - 1 Day / Daily 1GB",1,1,0.98,0.98,,yes
turkey,"Earth Esim","1GB/1 Day Turkey 5G eSIM",1,1,0.99,0.99,,yes
turkey,"Billion Connect","Europe eSIM [33 Countries] 1 Day 1GB/Day",1,1,0.99,0.99,,yes
turkey,"Superalink","Turkey (Turkiye) - 1GB/day",1,1,0.99,0.99,,yes
turkey,"WonderConnect","Turkey",1,7,0.99,0.99,,yes
turkey,"MoodSIM","Türkiye 1 GB 7 Days",1,7,0.99,0.99,,yes
turkey,"MoodSIM","Türkiye Unlimited (1 GB/day, then 512 Kbps) 1 Day",1,1,0.99,0.99,,yes
turkey,"MoodSIM","Türkiye Unlimited (1 GB/day, then 1 Mbps) 1 Day",1,1,0.99,0.99,,yes
turkey,"MoodSIM","Türkiye Premium 1 GB 7 Days",1,7,0.99,0.99,,yes
turkey,"Voyasim","Turkey 500MB/Day",0.5,1,0.5,1,,yes
turkey,"Voyasim","Turkey 500MB 1Day",0.5,1,0.5,1,,yes
turkey,"Voyasim","Turkey 500MB 7Days",0.5,7,0.5,1,,yes
turkey,"Orbit Mobile","Global Pass",1,1,1,1,,no
turkey,"eSIMNEXA","Turkey 1GB 3Days",1,3,1,1,,yes
turkey,"Voyasim","Turkey 1GB/Day",1,1,1,1,,yes
turkey,"ASIMGO","eSIM Europe (41 Countries) - 1 Day / Daily 1GB",1,1,1,1,,yes
turkey,"Roamic","Turkey eSIM 1GB / 7 Days",1,7,1,1,,no
turkey,"Gaza Online","eSIM, Unlimited, (1GB) 1 Day, Turkey",1,1,1,1,,yes
turkey,"SeferESIM","Turkey 1GB/Day FUP1Mbps",1,1,1,1,,yes
turkey,"Ozly eSIM","Turkey 1GB 7Days",1,7,1,1,,yes
turkey,"ROWM","Turkey Daily",1,1,1,1,,no
turkey,"Bloomy eSIM","Turkey Unlimited (1GB/day) 1 Day",1,1,1,1,,yes
turkey,"Billion Connect","Turkey eSIM [5G] 1 Day 1GB/Day",1,1,1.02,1.02,,yes
turkey,"Connect Me Guru","Turkey 1GB/Day",1,1,1.03,1.03,,yes
turkey,"bndless","Turkey 1GB 7Days",1,7,1.04,1.04,,yes
turkey,"ESIM888","Turkey (Daily Pass 1GB/2DAYS)",1,2,1.05,1.05,,no
turkey,"4S eSIM","Turkey 1GB - 1 Day",1,1,1.06,1.06,,no
turkey,"GlobaleSIM","Turkey",15,30,16,1.067,,no
turkey,"Stellar eSim","Turkey 500MB 7Days + Free Stellar VPN",0.5,7,0.5346010299999999,1.069,,no
turkey,"Roamix","Turkey 20GB 30Days Premium",20,30,21.5,1.075,,yes
turkey,"abesteSIM","eSIM Middle East (17 Countries) - 1 Day / Daily 500MB",0.5,1,0.5391253464673212,1.078,,yes
turkey,"ASIMGO","eSIM Turkey - 1 Day / Daily 500MB",0.5,1,0.54,1.08,,yes
turkey,"4S eSIM","Turkey 1GB - 5 Days",1,5,1.08,1.08,,no
turkey,"BNESIM","Surf 1 GB in Turkey",1,0,1.08,1.08,,yes
turkey,"IbridMarket","Turkey 1GB/Day",1,1,1.09,1.09,,no
turkey,"Hiroaming","Turkey 500MB/Day",0.5,1,0.55,1.1,,no
turkey,"Hiroaming","Turkey 500MB 7Days",0.5,7,0.55,1.1,,no
turkey,"4S eSIM","Turkey 1GB - 7 Days",1,7,1.1,1.1,,no
turkey,"Connect Me Guru","Turkey 1GB 7Days",1,7,1.1,1.1,,yes
turkey,"Billion Connect","Global eSIM [45 Countries] 1 Day 1GB/Day",1,1,1.11,1.11,,yes
turkey,"eSIMNow","Turkey 1GB/Day for 1 Day",1,1,1.11,1.11,,yes
turkey,"ASIMGO","eSIM Asia&amp;Europe - 54 Countries - 1 Day / Daily 500MB",0.5,1,0.56,1.12,,yes
turkey,"ESIM.DOG 🐶","⚡️ [5G] Balkans (2 countries) - Best 5G Coverage (500MB/1Days) - Black route",0.5,1,0.56,1.12,,yes
turkey,"eSIM4Travel","Turkey (Turkcell) - 500MB/1Days",0.5,1,0.56,1.12,,yes
turkey,"Hiroaming","Turkey 1GB 7Days Premium",1,7,1.12,1.12,,no
turkey,"SeferESIM","Turkey 1GB 7Days Premium",1,7,1.12,1.12,,yes
turkey,"eSIM Agora","Turkey 1GB 7Days",1,7,1.12607451,1.126,,no
turkey,"PRIeSIM","Turkey 1 GB · 7 days",1,7,1.12607451,1.126,,no
turkey,"ASIMGO","eSIM Turkey - 1 Day / Daily 1GB",1,1,1.13,1.13,,yes
turkey,"bndless","Turkey 1GB/Day",1,1,1.13,1.13,,yes
turkey,"Yesim","North Cyprus",0.5,1,0.5687245,1.137,,yes
turkey,"Yesim","Balkans",0.5,1,0.5687245,1.137,,yes
turkey,"eSIM Agora","Turkey 1GB/Day FUP1Mbps",1,1,1.137449,1.137,,no
turkey,"ASIMGO","eSIM Europe (49 Destinations) - 1 Day / Daily 500MB",0.5,1,0.57,1.14,,yes
turkey,"IbridMarket","Turkey 1GB 7Days",1,7,1.14,1.14,,no
turkey,"Flysimio","Turkey 1GB 7Days",1,7,1.15,1.15,,yes
turkey,"Connect Me Guru","Turkey 1GB/Day FUP1Mbps",1,1,1.15,1.15,,yes
turkey,"Yoho Mobile","32-Country eSIM 1GB/Day 1Day",1,1,1.15,1.15,,yes
turkey,"Yoho Mobile","TR eSIM 1GB/Day 1Day",1,1,1.15,1.15,,yes
turkey,"LimitSIM","Turkey 0.49GB",0.5,1,0.58009899,1.156,,yes
turkey,"Yoho Mobile","39-Country eSIM 1GB 7Day",1,7,1.16,1.16,,yes
turkey,"Yoho Mobile","TR eSIM 1GB 7Day",1,7,1.16,1.16,,yes
turkey,"eSIM4Travel","Turkey (Turk Telekom, Vodafone, Turkcell) - 1GB/1Days",1,1,1.16,1.16,,yes
turkey,"Stellar eSim","Europe(30+ areas) 1GB 7Days + Free Stellar VPN",1,7,1.16019798,1.16,,no
turkey,"SimSmash","Turkey Daily Unlimited 0.49GB/day for 1 Days",0.49,1,0.57,1.163,,yes
turkey,"ASIMGO","eSIM Balkans (11 Countries) - 1 Day / Daily 500MB",0.5,1,0.59,1.18,,yes
turkey,"MicroEsim","Europe eSIM 42 Countries - 1 Day / Daily 1GB",1,1,1.18,1.18,,yes
turkey,"eSIMNow","Turkey 1GB 7Days",1,7,1.18,1.18,,yes
turkey,"eSIM4Travel","Turkey (Turkcell) - 1GB/1Days",1,1,1.18,1.18,,yes
turkey,"nadanada","eSIM, 1GB, 7 Days, Europe Extra",1,7,1.19,1.19,,no
turkey,"4S eSIM","Europe+ 1GB - 1 Day",1,1,1.19,1.19,,no
turkey,"Landed eSIM","Türkiye 1GB/day · 1 day",1,1,1.19,1.19,,yes
turkey,"SeferESIM","Turkey 500MB/Day",0.5,1,0.6,1.2,,yes
turkey,"SeferESIM","Turkey 500MB 1Day",0.5,1,0.6,1.2,,yes
turkey,"SeferESIM","Turkey 500MB 7Days",0.5,7,0.6,1.2,,yes
turkey,"Voyasim","Turkey 1GB 7Days",1,7,1.2,1.2,,yes
turkey,"Voyasim","Turkey 1GB/Day FUP1Mbps",1,1,1.2,1.2,,yes
turkey,"IbridMarket","Turkey 1GB/Day FUP1Mbps",1,1,1.2,1.2,,no
turkey,"mobineX","Unlimited Standard",1,1,1.2,1.2,,yes
turkey,"SparkRoam","Turkey eSIM 1 GB 7 Days",1,7,1.2,1.2,,yes
turkey,"LimitSIM","Turkey 500MB 7Days",0.5,7,0.60284797,1.206,,yes
turkey,"4S eSIM","Europe+ 1GB - 5 Days",1,5,1.21,1.21,,no
turkey,"eSIM4Travel","Turkey (Turk Telekom, Vodafone, Turkcell) - 1GB/7Days",1,7,1.21,1.21,,yes
turkey,"ESIM.DOG 🐶","⚡️ [5G] Balkans (2 countries) - Best 5G Coverage (500MB/3Days) - Black route",0.5,3,0.61,1.22,,yes
turkey,"ESIM.DOG 🐶","⚡️ [5G] Balkans (2 countries) - Best 5G Coverage (500MB/5Days) - Black route",0.5,5,0.61,1.22,,yes
turkey,"ESIM.DOG 🐶","⚡️ [5G] Balkans (2 countries) - Best 5G Coverage (500MB/7Days) - Black route",0.5,7,0.61,1.22,,yes
turkey,"eSIM4Travel","Turkey (Turkcell) - 1GB/7Days",1,7,1.23,1.23,,yes
turkey,"MicroEsim","Turkey eSIM 5G - 3 Days / Total 1GB",1,3,1.24,1.24,,yes
turkey,"4S eSIM","Europe+ 1GB - 7 Days",1,7,1.24,1.24,,no
turkey,"Hiroaming","Turkey 1GB/Day FUP1Mbps Premium",1,1,1.24,1.24,,no
turkey,"SeferESIM","Turkey 1GB/Day FUP1Mbps Premium",1,1,1.24,1.24,,yes
turkey,"Tripuck eSIM","Europe 1 GB / 7 Days",1,7,1.24,1.24,,yes
turkey,"Tripuck eSIM","Europe 1 GB / 7 Days",1,7,1.24,1.24,,yes
turkey,"abesteSIM","eSIM Turkey - 3 Days / Total 1GB",1,3,1.242332320120349,1.242,,yes
turkey,"abesteSIM","eSIM Turkey - 7 Days / Total 1GB",1,7,1.242332320120349,1.242,,yes
turkey,"Connect Me Guru","Turkey 1GB 7Days Premium",1,7,1.25,1.25,,yes
turkey,"Manet Travel","Local Turkey - 7 Days - 1 GB",1,7,1.2511939,1.251,,no
turkey,"eSIM4Travel","Turkey (Turk Telekom, Vodafone, Turkcell) - 500MB/1Days",0.5,1,0.63,1.26,,yes
turkey,"ESIM.DOG 🐶","⚡️ [5G] Turk Telekom Turkey - Best 5G Coverage (500MB/30Days) - Black route",0.5,30,0.63,1.26,,yes
turkey,"bndless","Turkey 1GB 7Days Premium",1,7,1.26,1.26,,yes
turkey,"Astaroam","Turkey Unlimited - 2Days",1,2,1.26818868520566,1.268,,yes
turkey,"IbridMarket","Turkey 1GB 7Days Premium",1,7,1.28,1.28,,no
turkey,"abesteSIM","eSIM Asia+Europe 52 Regions - 1 Day / Daily 1GB",1,1,1.2892127850305508,1.289,,yes
turkey,"MegaEsim","Turkey 1 GB, 7 days",1,7,1.29,1.29,,yes
turkey,"MegaEsim","Turkey Unlimited, 1 day (1 GB/day full speed)",1,1,1.29,1.29,,yes
turkey,"MegaEsim","Europe Unlimited, 1 day (1 GB/day full speed)",1,1,1.29,1.29,,no
turkey,"nextSIM","eSIM Turkey 0.5GB 7Days Economy",0.5,7,0.65972042,1.319,,yes
turkey,"Superalink","Turkey (Turkiye) - Regular",0.5,1,0.66,1.32,,yes
turkey,"Superalink","Turkey (Turkiye) - Regular",0.5,3,0.68,1.36,,yes
turkey,"bndless","Turkey 500MB/Day",0.5,1,0.68,1.36,,yes
turkey,"bndless","Turkey 500MB 1Day",0.5,1,0.68,1.36,,yes
turkey,"bndless","Turkey 500MB 7Days",0.5,7,0.68,1.36,,yes
turkey,"Earth Esim","500MB/1 Day Turkey 5G eSIM",0.5,1,0.69,1.38,,yes
turkey,"AdventureSIMs","Turkey 500MB 7 Days",0.5,7,0.6935938038947087,1.387,,yes
turkey,"Superalink","Turkey (Turkiye) - Regular",0.5,5,0.7,1.4,,yes
turkey,"Bloomy eSIM","Turkey 500MB 1 Day",0.5,1,0.7,1.4,,yes
turkey,"Bloomy eSIM","Turkey 500MB 7 Days",0.5,7,0.7,1.4,,yes
turkey,"Superalink","Turkey (Turkiye) - Regular",0.5,7,0.72,1.44,,yes
turkey,"MoodSIM","Türkiye 500 MB 1 Day",0.5,1,0.75,1.5,,yes
turkey,"MoodSIM","Türkiye 500 MB 7 Days",0.5,7,0.75,1.5,,yes
turkey,"Superalink","Turkey (Turkiye) - 500MB/day",0.5,1,0.79,1.58,,yes
turkey,"Tripuck eSIM","Türkiye 502 MB / 1 Days",0.5,1,0.8,1.594,,yes
turkey,"Tripuck eSIM","Türkiye 502 MB / 7 Days",0.5,7,0.8,1.594,,yes
turkey,"MicroEsim","Turkey eSIM 5G - 1 Day / Daily 500MB",0.5,1,0.82,1.64,,yes
turkey,"Connect Me Guru","Turkey 500MB/Day",0.5,1,0.85,1.7,,yes
turkey,"Connect Me Guru","Turkey 500MB 7Days",0.5,7,0.85,1.7,,yes
turkey,"eSIMNow","Turkey 500MB 1Days",0.5,1,0.91,1.82,,yes
turkey,"eSIMNow","Turkey 500MB 7Days",0.5,7,0.91,1.82,,yes
turkey,"eSIMNow","Turkey 500MB/Day for 1 Day",0.5,1,0.91,1.82,,yes
turkey,"IbridMarket","Turkey 500MB/Day",0.5,1,0.92,1.84,,no
turkey,"IbridMarket","Turkey 500MB 7Days",0.5,7,0.92,1.84,,no
turkey,"IbridMarket","Turkey 500MB 1Day",0.5,1,0.92,1.84,,no
turkey,"merdata","eSIM Turkey 500 MB 7 days",0.5,7,0.9456158084677951,1.891,,no
turkey,"merdata","eSIM Turkey 500 MB/day 1 day",0.5,1,0.9456158084677951,1.891,,no
turkey,"MicroEsim","Europe eSIM 5G 41 Countries - 1 Day / Daily 500MB",0.5,1,0.99,1.98,,yes
turkey,"ASIMGO","eSIM Middle East - 17 Countries - 1 Day / Daily 500MB",0.5,1,0.99,1.98,,yes
turkey,"Landed eSIM","Türkiye 500MB/day · 1 day",0.5,1,0.99,1.98,,yes
turkey,"ASIMGO","eSIM Asia 22 Regions - 1 Day / Daily 500MB",0.5,1,0.99,1.98,,yes
turkey,"MoodSIM","Türkiye Unlimited (500 MB/day, then 512 Kbps) 1 Day",0.5,1,0.99,1.98,,yes
turkey,"AlpineSIM","AlpineSIM Europe(30+ areas) - 300MB/Day / 1 Days",0.3,1,0.61,2.033,,yes
turkey,"MicroEsim","Europe eSIM 42 Countries - 1 Day / Daily 500MB",0.5,1,1.02,2.04,,yes
turkey,"abesteSIM","eSIM Europe (41 Countries) - 1 Day / Total 200MB",0.2,1,0.42192418419181665,2.11,,yes
turkey,"MicroEsim","Europe eSIM 5G 49 Destinations - 1 Day / Daily 500MB",0.5,1,1.08,2.16,,yes
turkey,"Superalink","Turkey (Turkiye) - 500MB/day",0.5,3,1.09,2.18,,yes
turkey,"eSIM4Travel","South Caucasus 4 (Georgia, Armenia, Azerbaijan, Turkey) - 500MB/1Days",0.5,1,1.09,2.18,,no
turkey,"AlpineSIM","AlpineSIM Europe(30+ areas) - 500MB/Day / 1 Days",0.5,1,1.11,2.22,,yes
turkey,"eSIM2Me","Turkey 500MB 1Day",0.5,1,1.13,2.26,,yes
turkey,"eSIM2Me","Turkey 500MB/Day",0.5,1,1.13,2.26,,yes
turkey,"Stellar eSim","Turkey 500MB 1Day + Free Stellar VPN",0.5,1,1.137449,2.275,,no
turkey,"Tripuck eSIM","Balkans 502 MB / 1 Days",0.5,1,1.15,2.291,,no
turkey,"Avelis eSIM","Standard 500MB / 1 Days",0.5,1,1.19,2.38,,yes
turkey,"ASIMGO","eSIM World - 45 Countries - 1 Day / Daily 500MB",0.5,1,1.24,2.48,,yes
turkey,"AlpineSIM","AlpineSIM Turkey - 500MB/Day / 3 Days",0.5,3,1.24,2.48,,yes
turkey,"Horizon eSIM","Turkey 100MB 7Days",0.1,7,0.25023878,2.502,,no
turkey,"abesteSIM","eSIM Turkey - 3 Days / Daily 500MB",0.5,3,1.2735859633938167,2.547,,yes
turkey,"AirPlans","Turkey 500MB 1 Day",0.5,1,1.28,2.56,,yes
turkey,"LimitSIM","Balkans 0.49GB",0.5,1,1.29669186,2.583,,no
turkey,"ASIMGO","eSIM Europe (41 Countries) - 1 Day / Total 200MB",0.2,1,0.54,2.7,,yes
turkey,"ASIMGO","eSIM Turkey - 1 Day / Total 200MB",0.2,1,0.54,2.7,,yes
turkey,"Hiroaming","Europe(30+ areas) 300MB/Day",0.3,1,0.82,2.733,,no
turkey,"AlpineSIM","AlpineSIM Turkey - 100MB / 7 Days",0.1,7,0.29,2.9,,yes
turkey,"LimitSIM","Europe(30+ areas) 300MB/Day",0.3,1,0.87583573,2.919,,no
turkey,"SeferESIM","Europe(30+ areas) 300MB/Day",0.3,1,0.9,3,,yes
turkey,"eSIMNow","Turkey 100MB 7Days",0.1,7,0.31,3.1,,yes
turkey,"Tripuck eSIM","Europe 297 MB / 1 Days",0.3,1,0.95,3.199,,yes
turkey,"MoodSIM","Europe Unlimited (300 MB/day, then 384 Kbps) 1 Day",0.3,1,0.99,3.3,,yes
turkey,"bndless","Europe(30+ areas) 300MB/Day",0.3,1,1.01,3.367,,yes
turkey,"Connect Me Guru","Europe(30+ areas) 300MB/Day",0.3,1,1.08,3.6,,no
turkey,"Voyasim","Europe(30+ areas) 300MB/Day",0.3,1,1.1,3.667,,yes
turkey,"IbridMarket","Europe(30+ areas) 300MB/Day",0.3,1,1.13,3.767,,no
turkey,"eSIMNow","Europe(30+ areas) 300MB/Day for 1 Day",0.3,1,1.17,3.9,,yes
turkey,"MoodSIM","Türkiye 100 MB 7 Days",0.1,7,0.49,4.9,,yes
turkey,"Voyasim","Turkey 100MB 7Days",0.1,7,0.5,5,,yes
turkey,"Stellar eSim","Turkey 100MB 7Days + Free Stellar VPN",0.1,7,0.5346010299999999,5.346,,no
turkey,"Hiroaming","Turkey 100MB 7Days",0.1,7,0.55,5.5,,no
turkey,"SeferESIM","Turkey 100MB 7Days",0.1,7,0.6,6,,yes
turkey,"ESIM.DOG 🐶","⚡️ [5G] Balkans (2 countries) - Best 5G Coverage (100MB/3Days) - Black route",0.1,3,0.61,6.1,,yes
turkey,"ESIM.DOG 🐶","⚡️ [5G] Balkans (2 countries) - Best 5G Coverage (100MB/5Days) - Black route",0.1,5,0.61,6.1,,yes
turkey,"ESIM.DOG 🐶","⚡️ [5G] Balkans (2 countries) - Best 5G Coverage (100MB/7Days) - Black route",0.1,7,0.61,6.1,,yes
turkey,"Superalink","Turkey (Turkiye) - Regular",0.1,1,0.63,6.3,,yes
turkey,"eSIM4Travel","Middle East 9 - 100MB/1Days",0.1,1,0.63,6.3,,yes
turkey,"ESIM.DOG 🐶","⚡️ [5G] Turk Telekom Turkey - Best 5G Coverage (100MB/30Days) - Black route",0.1,30,0.63,6.3,,yes
turkey,"Superalink","Turkey (Turkiye) - Regular",0.1,3,0.65,6.5,,yes
turkey,"Superalink","Turkey (Turkiye) - Regular",0.1,5,0.67,6.7,,yes
turkey,"bndless","Turkey 100MB 7Days",0.1,7,0.68,6.8,,yes
turkey,"Superalink","Turkey (Turkiye) - Regular",0.1,7,0.69,6.9,,yes
turkey,"eSIM4Travel","Turkey (Turk Telekom, Vodafone, Turkcell) - 100MB/1Days",0.1,1,0.75,7.5,,yes
turkey,"Tripuck eSIM","Türkiye 102 MB / 7 Days",0.1,7,0.8,7.843,,yes
turkey,"eSIM4Travel","South Caucasus 4 (Georgia, Armenia, Azerbaijan, Turkey) - 100MB/1Days",0.1,1,0.8,8,,no
turkey,"Connect Me Guru","Turkey 100MB 7Days",0.1,7,0.85,8.5,,yes
turkey,"Roamix","Turkey 100MB 7Days",0.1,7,0.85,8.5,,yes
turkey,"IbridMarket","Turkey 100MB 7Days",0.1,7,0.92,9.2,,no
turkey,"ESIM.DOG 🐶","⚡️ [5G] Turk Telekom Turkey - Best 5G Coverage (100MB/90Days) - Black route",0.1,90,0.98,9.8,,yes
turkey,"ESIM.DOG 🐶","⚡️ [5G] Balkans (2 countries) - Best 5G Coverage (100MB/10Days) - Black route",0.1,10,0.98,9.8,,yes
turkey,"ESIM.DOG 🐶","⚡️ [5G] Balkans (2 countries) - Best 5G Coverage (100MB/15Days) - Black route",0.1,15,0.98,9.8,,yes
turkey,"ESIM.DOG 🐶","⚡️ [5G] Balkans (2 countries) - Best 5G Coverage (100MB/20Days) - Black route",0.1,20,0.98,9.8,,yes
turkey,"ESIM.DOG 🐶","⚡️ [5G] Balkans (2 countries) - Best 5G Coverage (100MB/30Days) - Black route",0.1,30,0.98,9.8,,yes
turkey,"StaffTraveler eSIM","StaffTraveler eSIM 100 MB",0.1,365,0.99,9.9,,no
turkey,"Avelis eSIM","Standard 100MB / 7 Days",0.1,7,0.99,9.9,,yes
turkey,"Zwitchy","Türkiye · 100 MB · 1 day",0.1,1,1,10,,yes
turkey,"ESIM.DOG 🐶","⚡️ [5G] Europe (2 countries) - Best 5G Coverage (100MB/10Days) - Black route",0.1,10,1.22,12.2,,yes
turkey,"ESIM.DOG 🐶","⚡️ [5G] Europe (2 countries) - Best 5G Coverage (100MB/15Days) - Black route",0.1,15,1.22,12.2,,yes
turkey,"ESIM.DOG 🐶","⚡️ [5G] Europe (2 countries) - Best 5G Coverage (100MB/20Days) - Black route",0.1,20,1.22,12.2,,yes
turkey,"ESIM.DOG 🐶","⚡️ [5G] Europe (2 countries) - Best 5G Coverage (100MB/30Days) - Black route",0.1,30,1.23,12.3,,yes
uae,"ESIM.DOG 🐶","⚡️ [5G] DU UAE - Best 5G Coverage (1GB/1Days) - Black route",1,1,0.83,0.83,,yes
uae,"eSIM4Travel","United Arab Emirates (DU) - 1GB/1Days",1,1,0.84,0.84,,yes
uae,"abesteSIM","eSIM United Arab Emirates - 1 Day / Daily 500MB",0.5,1,0.46880464910201847,0.938,,yes
uae,"ROWM","United Arab Emirates Daily",1,1,1,1,,no
uae,"ESIM.DOG 🐶","⚡️ [5G] DU United Arab Emirates - Best 5G Coverage (3GB/15Days) - Black route",3,15,3.17,1.057,,yes
uae,"ESIM.DOG 🐶","⚡️ [5G] DU United Arab Emirates - Best 5G Coverage (3GB/1Days) - Black route",3,1,3.17,1.057,,yes
uae,"ESIM.DOG 🐶","⚡️ [5G] DU UAE - Best 5G Coverage (3GB/9Days) - Black route",3,9,3.17,1.057,,yes
uae,"ESIM.DOG 🐶","⚡️ [5G] DU UAE - Best 5G Coverage (3GB/12Days) - Black route",3,12,3.17,1.057,,yes
uae,"ESIM.DOG 🐶","⚡️ [5G] DU United Arab Emirates - Best 5G Coverage (3GB/14Days) - Black route",3,14,3.17,1.057,,yes
uae,"Stellar eSim","United Arab Emirates 3GB 15Days + Free Stellar VPN",3,15,3.17348271,1.058,,no
uae,"ESIM.DOG 🐶","⚡️ [5G] DU United Arab Emirates - Best 5G Coverage (500MB/1Days) - Black route",0.5,1,0.53,1.06,,yes
uae,"abesteSIM","eSIM Middle East (17 Countries) - 1 Day / Daily 500MB",0.5,1,0.5391253464673212,1.078,,yes
uae,"ESIM.DOG 🐶","⚡️ [5G] DU United Arab Emirates - Best 5G Coverage (1GB/7Days) - Black route",1,7,1.08,1.08,,yes
uae,"ESIM.DOG 🐶","⚡️ [5G] DU United Arab Emirates - Best 5G Coverage (1GB/5Days) - Black route",1,5,1.08,1.08,,yes
uae,"MobiMatter","Half Global 12 GB",12,30,12.99,1.083,,no
uae,"Stellar eSim","United Arab Emirates 1GB 7Days + Free Stellar VPN",1,7,1.0919510399999999,1.092,,no
uae,"Billion Connect","UAE eSIM [5G] 1 Day 3GB/Day",3,1,3.3,1.1,,yes
uae,"ASIMGO","eSIM United Arab Emirates - 1 Day / Daily 500MB",0.5,1,0.63,1.26,,yes
uae,"ESIM.DOG 🐶","⚡️ [5G] Du UAE - Best 5G Coverage (2GB/1Days) - Blue route",2,1,2.57,1.285,,yes
uae,"ESIM.DOG 🐶","⚡️ [5G] DU UAE - Best 5G Coverage (2GB/1Days) - Black route",2,1,2.57,1.285,,yes
uae,"Tripuck eSIM","Global 2 GB/day / 1 Days",2,1,2.58,1.29,,yes
uae,"Tripuck eSIM","Asia 2 GB/day / 1 Days",2,1,2.58,1.29,,yes
uae,"Tripuck eSIM","United Arab Emirates 2 GB/day / 1 Days",2,1,2.58,1.29,,yes
uae,"Superalink","United Arab Emirates - 2GB/day",2,1,2.59,1.295,,yes
uae,"Superalink","Saudi Arabia/United Arab Emirates - 2GB/day",2,1,2.59,1.295,,yes
uae,"Superalink","United Arab Emirates - Regular",15,30,19.63,1.309,,yes
uae,"Superalink","United Arab Emirates - Regular",1,1,1.33,1.33,,yes
uae,"Superalink","United Arab Emirates - Regular",2,1,2.66,1.33,,yes
uae,"Superalink","United Arab Emirates - Regular",2,3,2.7,1.35,,yes
uae,"Superalink","United Arab Emirates - Regular",1,3,1.36,1.36,,yes
uae,"ESIM.DOG 🐶","⚡️ [5G] DU UAE - Best 5G Coverage (2GB/5Days) - Black route",2,5,2.73,1.365,,yes
uae,"Superalink","United Arab Emirates - Regular",2,5,2.74,1.37,,yes
uae,"Superalink","United Arab Emirates - Regular",1,5,1.38,1.38,,yes
uae,"Superalink","United Arab Emirates - Regular",2,7,2.78,1.39,,yes
uae,"ESIM.DOG 🐶","⚡️ [5G] DU UAE - Best 5G Coverage (2GB/9Days) - Black route",2,9,2.79,1.395,,yes
uae,"Stellar eSim","Gulf Region 1GB 7Days + Free Stellar VPN",1,7,1.39906227,1.399,,no
uae,"Superalink","United Arab Emirates - Regular",2,10,2.8,1.4,,yes
uae,"Superalink","United Arab Emirates - Regular",1,7,1.41,1.41,,yes
uae,"Superalink","United Arab Emirates - Regular",0.5,1,0.71,1.42,,yes
uae,"ESIM.DOG 🐶","⚡️ [5G] DU United Arab Emirates - Best 5G Coverage (2GB/15Days) - Black route",2,15,2.84,1.42,,yes
uae,"ESIM.DOG 🐶","⚡️ [5G] DU UAE - Best 5G Coverage (2GB/12Days) - Black route",2,12,2.84,1.42,,yes
uae,"ESIM.DOG 🐶","⚡️ [5G] DU United Arab Emirates - Best 5G Coverage (2GB/14Days) - Black route",2,14,2.84,1.42,,yes
uae,"Superalink","United Arab Emirates - Regular",2,15,2.85,1.425,,yes
uae,"Superalink","United Arab Emirates - Regular",1,10,1.43,1.43,,yes
uae,"ESIM.DOG 🐶","⚡️ [5G] DU UAE - Best 5G Coverage (2GB/20Days) - Black route",2,20,2.86,1.43,,yes
uae,"Superalink","United Arab Emirates - Regular",2,20,2.87,1.435,,yes
uae,"ESIM.DOG 🐶","⚡️ [5G] DU United Arab Emirates - Best 5G Coverage (500MB/3Days) - Black route",0.5,3,0.72,1.44,,yes
uae,"ESIM.DOG 🐶","⚡️ [5G] DU UAE - Best 5G Coverage (1GB/15Days) - Black route",1,15,1.44,1.44,,yes
uae,"ESIM.DOG 🐶","⚡️ [5G] DU UAE - Best 5G Coverage (2GB/30Days) - Black route",2,30,2.88,1.44,,yes
uae,"ESIM.DOG 🐶","⚡️ [5G] DU United Arab Emirates - Best 5G Coverage (2GB/21Days) - Black route",2,21,2.88,1.44,,yes
uae,"Superalink","United Arab Emirates - Regular",2,30,2.89,1.445,,yes
uae,"Superalink","Middle East GCC - 2GB/day",2,1,2.89,1.445,,yes
uae,"Superalink","United Arab Emirates - Regular",1,15,1.45,1.45,,yes
uae,"Billion Connect","UAE eSIM [5G] 1 Day 2GB/Day",2,1,2.9,1.45,,yes
uae,"Superalink","United Arab Emirates - Regular",0.5,3,0.73,1.46,,yes
uae,"ESIM.DOG 🐶","⚡️ [5G] DU UAE - Best 5G Coverage (1GB/20Days) - Black route",1,20,1.46,1.46,,yes
uae,"Superalink","United Arab Emirates - Regular",1,20,1.47,1.47,,yes
uae,"ESIM.DOG 🐶","⚡️ [5G] DU UAE - Best 5G Coverage (1GB/30Days) - Black route",1,30,1.47,1.47,,yes
uae,"Stellar eSim","United Arab Emirates 750MB 7Days + Free Stellar VPN",0.75,7,1.10332553,1.471,,no
uae,"ESIM.DOG 🐶","⚡️ [5G] DU United Arab Emirates - Best 5G Coverage (500MB/7Days) - Black route",0.5,7,0.74,1.48,,yes
uae,"Superalink","United Arab Emirates - Regular",1,30,1.48,1.48,,yes
uae,"Orange Travel","World - Zone 1",20,30,29.99,1.499,ESIMDBWRLD,no
uae,"MoodSIM","UAE 500 MB 7 Days",0.5,7,0.75,1.5,,yes
uae,"Superalink","United Arab Emirates - Regular",0.5,5,0.76,1.52,,yes
uae,"eSIM4Travel","Middle East 6 &amp; North Africa 2 - 1GB/7Days",1,7,1.52,1.52,,yes
uae,"Superalink","United Arab Emirates - Regular",0.5,7,0.78,1.56,,yes
uae,"Superalink","United Arab Emirates - 500MB/day",0.5,1,0.79,1.58,,yes
uae,"Superalink","Saudi Arabia/United Arab Emirates - 500MB/day",0.5,1,0.79,1.58,,yes
uae,"Superalink","United Arab Emirates - 1GB/day",1,1,1.59,1.59,,yes
uae,"Superalink","Saudi Arabia/United Arab Emirates - 1GB/day",1,1,1.59,1.59,,yes
uae,"eSIM4Travel","Global 72 - 1GB/7Days",1,7,1.62,1.62,,yes
uae,"Tripuck eSIM","United Arab Emirates 2 GB / 1 Days",2,1,3.27,1.635,,yes
uae,"GlobaleSIM","Dubai, Abu Dhabi &amp; UAE",10,30,17,1.7,,no
uae,"Superalink","Middle East GCC - 1GB/day",1,1,1.79,1.79,,yes
uae,"Stellar eSim","Gulf Region eSIM Unlimited - 1 day",1,1,1.80854391,1.809,,no
uae,"Tripuck eSIM","Middle East 1 GB / 7 Days",1,7,1.81,1.81,,yes
uae,"Nomad","Local United Arab Emirates - 30 Days - 10 GB",10,30,18.5,1.85,ESIMDB3,no
uae,"thirr.com","AE 1GB 3D",1,3,1.92228881,1.922,,yes
uae,"ASIMGO","eSIM Middle East - 17 Countries - 1 Day / Daily 500MB",0.5,1,0.99,1.98,,yes
uae,"Superalink","Middle East GCC - 500MB/day",0.5,1,0.99,1.98,,yes
uae,"nadanada","eSIM, 1GB, 7 Days, Middle East and North Africa",1,7,1.99,1.99,,no
uae,"MoreMins eSIM","eSIM internet in United Arab Emirates",1,7,1.99,1.99,,no
uae,"abesteSIM","eSIM United Arab Emirates - 1 Day / Daily 1GB",1,1,2.086180688503982,2.086,,yes
uae,"eSIM4Travel","United Arab Emirates (DU) - 1GB/1Days",1,1,2.12,2.12,,yes
uae,"Yoho Mobile","AE eSIM 1GB/Day 1Day",1,1,2.15,2.15,,yes
uae,"ESIM.DOG 🐶","⚡️ [5G] Du United Arab Emirates - Best 5G Coverage (500MB/7Days) - Blue route",0.5,7,1.08,2.16,,yes
uae,"Tripuck eSIM","Global 1 GB / 7 Days",1,7,2.18,2.18,,yes
uae,"Tripuck eSIM","Asia 1 GB / 7 Days",1,7,2.18,2.18,,yes
uae,"Tripuck eSIM","United Arab Emirates 1 GB / 7 Days",1,7,2.18,2.18,,yes
uae,"SimSmash","United Arab Emirates Daily Unlimited 1GB/day for 1 Days",1,1,2.19,2.19,,yes
uae,"4S eSIM","Global 1GB - 1 Day",1,1,2.19,2.19,,no
uae,"eSIM4Travel","Middle East 9 - 1GB/1Days",1,1,2.2,2.2,,yes
uae,"Tripuck eSIM","United Arab Emirates 1 GB / 1 Days",1,1,2.2,2.2,,yes
uae,"ASIMGO","eSIM United Arab Emirates - 1 Day / Daily 1GB",1,1,2.24,2.24,,yes
uae,"eSIM4Travel","United Arab Emirates (DU) - 1GB/7Days",1,7,2.25,2.25,,no
uae,"eSimy","United Arab Emirates - 1 GB - 7 Days",1,7,2.2635235099999997,2.264,,no
uae,"4S eSIM","Global 1GB - 5 Days",1,5,2.27,2.27,,no
uae,"MicroEsim","United Arab Emirates eSIM 5G - 1 Day / Daily 1GB",1,1,2.29,2.29,,yes
uae,"SimSmash","United Arab Emirates 1GB for 7 Days",1,7,2.29,2.29,,yes
uae,"mobineX","Unlimited Standard",1,1,2.3,2.3,,yes
uae,"Stellar eSim","United Arab Emirates 500MB 7Days + Free Stellar VPN",0.5,7,1.16019798,2.32,,no
uae,"eSIM4Travel","Middle East 9 - 1GB/7Days",1,7,2.32,2.32,,yes
uae,"Ozly eSIM","United Arab Emirates 1GB 7Days",1,7,2.35,2.35,,yes
uae,"4S eSIM","Global 1GB - 7 Days",1,7,2.36,2.36,,no
uae,"MegaEsim","United Arab Emirates (UAE) 1 GB, 1 day",1,1,2.38,2.38,,yes
uae,"MegaEsim","United Arab Emirates (UAE) Unlimited, 1 day (1 GB/day full speed)",1,1,2.38,2.38,,yes
uae,"MegaEsim","United Arab Emirates (UAE) 1 GB, 7 days",1,7,2.45,2.45,,yes
uae,"Roamify","United Arab emirates eSIM 1 GB - 3 Days",1,3,2.47,2.47,,yes
uae,"Giga.Tel","United Arab Emirates – 1GB – 7 Days – Free VPN",1,7,2.49,2.49,,yes
uae,"ASIMGO","eSIM United Arab Emirates - 3 Days / Total 1GB",1,3,2.49,2.49,,yes
uae,"MoodSIM","UAE 1 GB 7 Days",1,7,2.49,2.49,,yes
uae,"MoodSIM","UAE Unlimited (1 GB/day, then 512 Kbps) 1 Day",1,1,2.49,2.49,,yes
uae,"MoodSIM","UAE Unlimited (1 GB/day, then 1 Mbps) 1 Day",1,1,2.49,2.49,,yes
uae,"iRoamly","United Arab Emirates-eSIM-1GB-1 Day-Daily",1,1,2.5,2.5,,yes
uae,"GIGAGO","UAE eSIM",1,1,2.5,2.5,,no
uae,"Manet Travel","Local United Arab Emirates - 7 Days - 1 GB",1,7,2.5023878,2.502,,no
uae,"abesteSIM","eSIM United Arab Emirates - 3 Days / Total 1GB",1,3,2.5315451051509,2.532,,yes
uae,"ESIM888","UAE (1GB/7DAYS)",1,7,2.6,2.6,,no
uae,"Roaming4You","United Arab Emirates Unlimited Data - 1 Day",1,1,2.6,2.6,,yes
uae,"eSimfly","United Arab Emirates 1 GB 7 Days",1,7,2.63,2.63,,no
uae,"abesteSIM","eSIM Middle East (8 Countries) - 3 Days / Total 1GB",1,3,2.6409328566080372,2.641,,yes
uae,"RedEx eSIM","1 GB - 7 Days",1,7,2.69,2.69,,no
uae,"Awinst Connect","1 GB / 7 days",1,7,2.7,2.7,,no
uae,"ESIM.DOG 🐶","⚡️ [5G] Global (202 countries) - Best 5G Coverage (1GB/5Days) - Yellow route",1,5,2.7,2.7,,yes
uae,"Roameer","AE 1GB / 7 Days",1,7,2.71,2.71,,no
uae,"ASIMGO","eSIM United Arab Emirates - 5 Days / Total 1GB",1,5,2.72,2.72,,yes
uae,"Giga.Tel","United Arab Emirates – 1GB ($2.75) – 7 Days – Free VPN",1,7,2.75,2.75,,yes
uae,"Giga.Tel","United Arab Emirates – 1GB – 1 Day – Free VPN",1,1,2.75,2.75,,yes
uae,"MicroEsim","United Arab Emirates eSIM 5G - 3 Days / Total 1GB",1,3,2.75,2.75,,yes
uae,"abesteSIM","eSIM United Arab Emirates - 5 Days / Total 1GB",1,5,2.773760840520276,2.774,,yes
uae,"ESIM.DOG 🐶","⚡️ Asia (10 countries) - Best Coverage (500MB/1Days) - Green route",0.5,1,1.39,2.78,,no
uae,"Bloomy eSIM","United Arab Emirates Unlimited (1GB/day) 1 Day",1,1,2.8,2.8,,yes
uae,"Tripuck eSIM","Global 1 GB / 7 Days",1,7,2.81,2.81,,yes
uae,"ESIM.DOG 🐶","⚡️ [5G] DU United Arab Emirates - Best 5G Coverage (500MB/10Days) - Black route",0.5,10,1.42,2.84,,yes
uae,"ESIM.DOG 🐶","⚡️ [5G] DU United Arab Emirates - Best 5G Coverage (500MB/15Days) - Black route",0.5,15,1.44,2.88,,yes
uae,"IbridMarket","United Arab Emirates 1GB/Day FUP1Mb",1,1,2.88,2.88,,no
uae,"SparkRoam","United Arab Emirates eSIM 1 GB 7 Days",1,7,2.88,2.88,,yes
uae,"Bloomy eSIM","United Arab Emirates 1GB 7 Days",1,7,2.88,2.88,,yes
uae,"EscapeSIM","United Arab Emirates 1GB Stopover",1,7,2.89,2.89,,yes
uae,"abesteSIM","eSIM Middle East (8 Countries) - 5 Days / Total 1GB",1,5,2.8987754136141475,2.899,,yes
uae,"abesteSIM","eSIM Middle East (17 Countries) - 1 Day / Daily 1GB",1,1,2.8987754136141475,2.899,,yes
uae,"Ozly eSIM","Gulf Region 1GB 7Days",1,7,2.9,2.9,,yes
uae,"Airhub","UAE 1GB 7Days",1,7,2.9,2.9,,yes
uae,"ESIM.DOG 🐶","⚡️ [5G] DU United Arab Emirates - Best 5G Coverage (500MB/20Days) - Black route",0.5,20,1.46,2.92,,yes
uae,"ASIMGO","eSIM United Arab Emirates - 7 Days / Total 1GB",1,7,2.92,2.92,,yes
uae,"nextSIM","eSIM United Arab Emirates 1GB 7Days Standard",1,7,2.92324393,2.923,,yes
uae,"ESIM.DOG 🐶","⚡️ [5G] DU United Arab Emirates - Best 5G Coverage (500MB/30Days) - Black route",0.5,30,1.47,2.94,,yes
uae,"GLOBAL YO","United Arab Emirates - 3 Days - 1 GB",1,3,2.94,2.94,,no
uae,"Connect Me Guru","United Arab Emirates 1GB/Day FUP1Mbps",1,1,2.95,2.95,,yes
uae,"Giga.Tel","United Arab Emirates – 1GB ($2.95) – 7 Days – Free VPN",1,7,2.95,2.95,,yes
uae,"IbridMarket","United Arab Emirates 1GB 7Days",1,7,2.95,2.95,,no
uae,"RedSim","United Arab Emirates 1GB/day 1 Day",1,1,2.95,2.95,,yes
uae,"Roamless","UAE - No Expiration",1,0,2.95,2.95,,yes
uae,"Bloomy eSIM","United Arab Emirates Unlimited (1GB/day) 1 Day",1,1,2.97,2.97,,yes
uae,"PuraSIM","United Arab Emirates 500MB 7Days",0.5,7,1.49,2.98,,yes
uae,"Textr eSIM","United Arab Emirates 1GB",1,7,2.98,2.98,,no
uae,"nadanada","eSIM, 1GB, 7 Days, United Arab Emirates",1,7,2.99,2.99,,no
uae,"Earth Esim","1GB/1 Day United Arab Emirates 5G",1,1,2.99,2.99,,yes
uae,"Giga.Tel","Gulf Region – 1GB – 1 Day – Free VPN",1,1,2.99,2.99,,yes
uae,"ESIM.DOG 🐶","⚡️ [5G] Du UAE - Best 5G Coverage (1GB/1Days) - Blue route",1,1,2.99,2.99,,yes
uae,"PingBars","United Arab Emirates Unlimited 1GB/Day",1,1,2.99,2.99,,yes
uae,"MoodSIM","Middle East 1 GB 7 Days",1,7,2.99,2.99,,yes
uae,"Instabridge","1 GB United Arab Emirates eSIM Mobile Data Plan",1,7,3,3,,no
uae,"Driffle eSIM","United-arab-emirates 1GB for 7 Days",1,7,3,3,,no
uae,"Roamify","Asia eSIM 1 GB - 3 Days",1,3,3,3,,yes
uae,"Roamify","Global Plus eSIM 1 GB - 3 Days",1,3,3,3,,yes
uae,"Zwitchy","United Arab Emirates · 1 GB · 30 days",1,30,3,3,,yes
uae,"Yoho Mobile","AE eSIM 1GB 7Day",1,7,3,3,,yes
uae,"Roamic","United Arab Emirates eSIM 1GB / 7 Days",1,7,3,3,,no
uae,"Billion Connect","UAE eSIM [5G] 1 Day 1GB/Day",1,1,3,3,,yes
uae,"Tripuck eSIM","Global 1 GB / 5 Days",1,5,3,3,,yes
uae,"Tripuck eSIM","United Arab Emirates 1 GB / 3 Days",1,3,3,3,,yes
uae,"MicroEsim","United Arab Emirates eSIM 5G - 5 Days / Total 1GB",1,5,3.01,3.01,,yes
uae,"Astaroam","United Arab Emirates 1GB 7Days",1,7,3.0119481273634423,3.012,,yes
uae,"Connect Me Guru","United Arab Emirates 1GB 7Days",1,7,3.03,3.03,,yes
uae,"IbridMarket","United Arab Emirates 1GB/Day",1,1,3.03,3.03,,no
uae,"abesteSIM","eSIM United Arab Emirates - 7 Days / Total 1GB",1,7,3.031603397526386,3.032,,yes
uae,"ASIMGO","eSIM United Arab Emirates - 10 Days / Total 1GB",1,10,3.05,3.05,,yes
uae,"eSIM4Travel","Middle East 9 - 500MB/1Days",0.5,1,1.53,3.06,,yes
uae,"Tripuck eSIM","Middle East 502 MB / 1 Days",0.5,1,1.54,3.068,,no
uae,"Landed eSIM","UAE 1GB/day · 1 day",1,1,3.09,3.09,,yes
uae,"Connect Me Guru","United Arab Emirates 1GB/Day",1,1,3.12,3.12,,yes
uae,"Giga.Tel","United Arab Emirates – 1GB ($3.15) – 1 Day – Free VPN",1,1,3.15,3.15,,yes
uae,"eSIM Cards","UAE 1GB Travel Plan for 7 Days",1,7,3.17047171301415,3.17,,yes
uae,"Hiroaming","United Arab Emirates 1GB 7Days",1,7,3.18,3.18,,no
uae,"FootySIMs","UAE — 1GB · 7 Days",1,7,3.183682011818376,3.184,,no
uae,"Tripuck eSIM","United Arab Emirates 502 MB / 1 Days",0.5,1,1.6,3.187,,yes
uae,"Tripuck eSIM","United Arab Emirates 502 MB / 7 Days",0.5,7,1.6,3.187,,yes
uae,"RedEx eSIM","United Arab Emirates 1GB/Day FUP1Mbps",1,1,3.19,3.19,,yes
uae,"abesteSIM","eSIM United Arab Emirates - 10 Days / Total 1GB",1,10,3.1956850247120925,3.196,,yes
uae,"AlpineSIM","AlpineSIM Gulf Region - 1GB / 7 Days",1,7,3.21,3.21,,yes
uae,"RedEx eSIM","United Arab Emirates 1GB 7Days",1,7,3.24,3.24,,yes
uae,"ASIMGO","eSIM United Arab Emirates - 15 Days / Total 1GB",1,15,3.24,3.24,,yes
uae,"SimSmash","United Arab Emirates Daily Unlimited 0.49GB/day for 1 Days",0.49,1,1.59,3.245,,yes
uae,"MicroEsim","United Arab Emirates eSIM 5G - 7 Days / Total 1GB",1,7,3.25,3.25,,yes
uae,"Giga.Tel","United Arab Emirates – 1GB ($3.25) – 1 Day – Free VPN",1,1,3.25,3.25,,yes
uae,"eSIM Hero","United Arab Emirates 1GB 7 Days",1,7,3.25,3.25,,yes
uae,"LimitSIM","MIDDLE EAST 1GB",1,7,3.2531041399999996,3.253,,no
uae,"AirPlans","United Arab Emirates 1GB 1 Day",1,1,3.26,3.26,,yes
uae,"Hiroaming","United Arab Emirates 1GB/Day",1,1,3.29,3.29,,no
uae,"SimBalkan","UAE / Dubai · 1 GB · 7 days · 5G",1,7,3.2986020999999996,3.299,,yes
uae,"SimBalkan","UAE / Dubai · Unlimited · 1 days · 5G",1,1,3.2986020999999996,3.299,,yes
uae,"EZsim","UAE (Dubai) - 1GB/7Days",1,7,3.3,3.3,,no
uae,"iRoamly","United Arab Emirates-eSIM-1GB-3 Days-Total",1,3,3.3,3.3,,yes
uae,"MicroEsim","United Arab Emirates eSIM 5G - 1 Day / Daily 500MB",0.5,1,1.71,3.42,,yes
uae,"Horizon eSIM","United Arab Emirates 500MB 7Days",0.5,7,1.8199184000000002,3.64,,no
uae,"Horizon eSIM","United Arab Emirates 100MB 7Days",0.1,7,0.37535817,3.754,,no
uae,"Soovia eSIM","United Arab Emirates 500MB 7 Days",0.5,7,1.9,3.8,,yes
uae,"Bloomy eSIM","United Arab Emirates 500MB 7 Days",0.5,7,1.9,3.8,,yes
uae,"Earth Esim","500MB/1 Day United Arab Emirates 5G",0.5,1,1.99,3.98,,yes
uae,"YonoSIM","United Arab Emirates 500MB 7Days",0.5,7,1.99,3.98,,yes
uae,"MoodSIM","UAE Unlimited (500 MB/day, then 512 Kbps) 1 Day",0.5,1,1.99,3.98,,yes
uae,"GIGAGO","UAE eSIM",0.5,1,2,4,,no
uae,"Hiroaming","United Arab Emirates 500MB/Day",0.5,1,2,4,,no
uae,"Hiroaming","United Arab Emirates 500MB 7Days",0.5,7,2,4,,no
uae,"IbridMarket","United Arab Emirates 500MB/Day",0.5,1,2.04,4.08,,no
uae,"IbridMarket","United Arab Emirates 500MB 7Days",0.5,7,2.04,4.08,,no
uae,"Connect Me Guru","United Arab Emirates 500MB 7Days",0.5,7,2.06,4.12,,yes
uae,"Connect Me Guru","United Arab Emirates 500MB/Day",0.5,1,2.06,4.12,,yes
uae,"Wiiline","for United Arab Emirates 1 490 MB",0.49,1,2.02,4.122,,no
uae,"LimitSIM","MIDDLE EAST 0.49GB",0.5,1,2.07015718,4.124,,no
uae,"Landed eSIM","UAE 500MB/day · 1 day",0.5,1,2.09,4.18,,yes
uae,"LimitSIM","United Arab Emirates 500MB 7Days",0.5,7,2.19527657,4.391,,yes
uae,"SeferESIM","United Arab Emirates 500MB 7Days",0.5,7,2.2,4.4,,yes
uae,"SeferESIM","United Arab Emirates 500MB/Day",0.5,1,2.2,4.4,,yes
uae,"eSIMNow","United Arab Emirates 500MB 7Days",0.5,7,2.27,4.54,,yes
uae,"eSIMNow","United Arab Emirates 500MB/Day for 1 Day",0.5,1,2.27,4.54,,yes
uae,"Superalink","Saudi Arabia/United Arab Emirates - 500MB/day",0.5,3,2.29,4.58,,yes
uae,"Superalink","United Arab Emirates - 500MB/day",0.5,3,2.29,4.58,,yes
uae,"Tripuck eSIM","Multi-Region 502 MB / 1 Days",0.5,1,2.3,4.582,,yes
uae,"Billion Connect","UAE eSIM [5G] 1 Day 500MB/Day",0.5,1,2.3,4.6,,yes
uae,"AirPlans","United Arab Emirates 500MB 1 Day",0.5,1,2.4,4.8,,yes
uae,"Yesim","United Arab Emirates (UAE)",0.1,1,0.51185205,4.875,,yes
uae,"MoodSIM","UAE 100 MB 7 Days",0.1,7,0.49,4.9,,yes
uae,"bndless","United Arab Emirates 500MB/Day",0.5,1,2.48,4.96,,yes
uae,"bndless","United Arab Emirates 500MB 7Days",0.5,7,2.48,4.96,,yes
uae,"ESIM.DOG 🐶","⚡️ [5G] Global (202 countries) - Best 5G Coverage (300MB/3Days) - Yellow route",0.3,3,1.49,4.967,,yes
uae,"ESIM.DOG 🐶","⚡️ [5G] Du UAE - Best 5G Coverage (500MB/1Days) - Blue route",0.5,1,2.49,4.98,,yes
uae,"ESIM.DOG 🐶","⚡️ Best Coverage in UAE (500MB/1Days) - Green route",0.5,1,2.49,4.98,,no
uae,"MoodSIM","Middle East Unlimited (500 MB/day, then 512 Kbps) 1 Day",0.5,1,2.49,4.98,,yes
uae,"AlpineSIM","AlpineSIM Gulf Region - 500MB/Day / 1 Days",0.5,1,2.49,4.98,,yes
uae,"Voyasim","United Arab Emirates 100MB 7Days",0.1,7,0.5,5,,yes
uae,"eSIM Hero","United Arab Emirates 500MB 7 Days",0.5,7,2.5,5,,yes
uae,"Tripuck eSIM","Global 297 MB / 3 Days",0.3,3,1.5,5.051,,yes
uae,"Govora","United Arab Emirates 500MB 7Days",0.49,7,2.49,5.082,,no
uae,"RedEx eSIM","United Arab Emirates 500MB 7Days",0.5,7,2.56,5.12,,yes
uae,"RedEx eSIM","United Arab Emirates 500MB/Day",0.5,1,2.56,5.12,,yes
uae,"Superalink","Middle East GCC - 500MB/day",0.5,3,2.59,5.18,,yes
uae,"Hiroaming","United Arab Emirates 100MB 7Days",0.1,7,0.55,5.5,,no
uae,"Hungry eSIM","United Arab Emirates Unlimited eSIM — 0.5GB/Day · 512 Kbps after",0.5,1,2.76,5.52,,yes
uae,"Voyasim","United Arab Emirates 500MB 7Days",0.5,7,2.8,5.6,,yes
uae,"Voyasim","United Arab Emirates 500MB/Day",0.5,1,2.8,5.6,,yes
uae,"eSIM2Me","United Arab Emirates 500MB 7Days",0.5,7,2.84,5.68,,yes
uae,"eSIM2Me","United Arab Emirates 500MB/Day",0.5,1,2.84,5.68,,yes
uae,"GIGAGO","Global eSIM (76 countries)",0.5,1,2.9,5.8,,no
uae,"Movisim","United Arab Emirates 500MB/day (Unlimited) - 1-Day eSIM",0.5,1,2.99,5.98,,yes
uae,"Movisim","United Arab Emirates 500MB - 7-Day eSIM",0.5,7,2.99,5.98,,yes
uae,"SIMDUCK.COM","United Arab Emirates 500 MB, 7 days",0.5,7,2.99,5.98,,yes
uae,"ESIM.DOG 🐶","⚡️ Best Coverage in UAE (500MB/1Days) - Pink route",0.5,1,2.99,5.98,,no
uae,"Avelis eSIM","Standard 500MB / 7 Days",0.5,7,2.99,5.98,,yes
uae,"SeferESIM","United Arab Emirates 100MB 7Days",0.1,7,0.6,6,,yes
uae,"LimitSIM","United Arab Emirates 100MB 7Days",0.1,7,0.60284797,6.028,,yes
uae,"IbridMarket","Gulf Region 500MB/Day",0.5,1,3.02,6.04,,no
uae,"SimSmash","Gulf Region Daily Unlimited 0.49GB/day for 1 Days",0.49,1,2.99,6.102,,yes
uae,"Wiiline","Middle East 8 Countries - 1 490 MB",0.49,1,3.01,6.143,,yes
uae,"Connect Me Guru","Gulf Region 500MB/Day",0.5,1,3.1,6.2,,no
uae,"Superalink","United Arab Emirates - Regular",0.1,1,0.63,6.3,,yes
uae,"eSIM4Travel","Middle East 9 - 100MB/1Days",0.1,1,0.63,6.3,,yes
uae,"ASIMGO","eSIM United Arab Emirates - 3 Days / Daily 500MB",0.5,3,3.15,6.3,,yes
uae,"abesteSIM","eSIM United Arab Emirates - 3 Days / Daily 500MB",0.5,3,3.1644313814386247,6.329,,yes
uae,"Superalink","United Arab Emirates - Regular",0.1,3,0.65,6.5,,yes
uae,"BlueSky eSIM","🔷 [5G] Worldwide (201 countries) Best Coverage (300MB/3d)",0.3,3,1.97,6.567,,yes
uae,"RedEx eSIM","Gulf Region 500MB/Day",0.5,1,3.29,6.58,,yes
uae,"eSIMzio","Global 300 MB — 3 days",0.3,3,1.981544820633844,6.605,,yes
uae,"JamboSim","eSIM JamboSim Global 300MB / 3 Days",0.3,3,1.99,6.633,,yes
uae,"Superalink","United Arab Emirates - Regular",0.1,5,0.67,6.7,,yes
uae,"bndless","United Arab Emirates 100MB 7Days",0.1,7,0.68,6.8,,yes
uae,"Superalink","United Arab Emirates - Regular",0.1,7,0.7,7,,yes
uae,"Bloomy eSIM","United Arab Emirates 100MB 7 Days",0.1,7,0.7,7,,yes
uae,"ESIM.DOG 🐶","⚡️ Best Coverage in United Arab Emirates (200MB/30Days) - Yellow route",0.2,30,1.47,7.35,,no
uae,"PRIeSIM","Discover Global 300 MB · 3 days",0.3,3,2.2635235099999997,7.545,,no
uae,"Truely","United Arab Emirates - 300MB, 2 days",0.3,2,2.29,7.633,,yes
uae,"Tripuck eSIM","United Arab Emirates 102 MB / 7 Days",0.1,7,0.8,7.843,,yes
uae,"ESIM.DOG 🐶","⚡️ Best Coverage in United Arab Emirates (300MB/3Days) - Yellow route",0.3,3,2.49,8.3,,no
uae,"Connect Me Guru","United Arab Emirates 100MB 7Days",0.1,7,0.85,8.5,,yes
uae,"Roamix","United Arab Emirates 100MB 7Days",0.1,7,0.85,8.5,,yes
uae,"Tripuck eSIM","Global 205 MB / 30 Days",0.2,30,1.85,9.024,,yes
uae,"eSIMNow","United Arab Emirates 100MB 7Days",0.1,7,0.91,9.1,,yes
uae,"IbridMarket","United Arab Emirates 100MB 7Days",0.1,7,0.92,9.2,,no
uae,"ESIM.DOG 🐶","⚡️ [5G] Global (202 countries) - Best 5G Coverage (200MB/30Days) - Yellow route",0.2,30,1.84,9.2,,yes
uae,"Stellar eSim","United Arab Emirates 100MB 7Days + Free Stellar VPN",0.1,7,0.9440826699999999,9.441,,no
uae,"ESIM.DOG 🐶","⚡️ [5G] DU United Arab Emirates - Best 5G Coverage (100MB/90Days) - Black route",0.1,90,0.98,9.8,,yes
uae,"BlueSky eSIM","✈️ [5G] Worldwide (201 countries) Best Coverage (200MB/30d)",0.2,30,1.97,9.85,,yes
uae,"StaffTraveler eSIM","StaffTraveler eSIM 100 MB",0.1,365,0.99,9.9,,no
uae,"eSIMzio","Global 200 MB — 30 days",0.2,30,1.981544820633844,9.908,,yes
uae,"Zwitchy","United Arab Emirates · 100 MB · 1 day",0.1,1,1,10,,yes
uae,"PRIeSIM","Discover Global 200 MB · 30 days",0.2,30,2.2635235099999997,11.318,,no
uae,"MobileSIM","Global 200 MB for 30 days",0.2,30,2.3,11.5,,no
uae,"merdata","eSIM United Arab Emirates 100 MB 7 days",0.1,7,1.470957924283237,14.71,,no
uae,"ESIM.DOG 🐶","⚡️ [5G] DU United Arab Emirates - Best 5G Coverage (100MB/1Days) - Black route",0.1,1,1.49,14.9,,yes
uae,"PuraSIM","United Arab Emirates 100MB 7Days",0.1,7,1.49,14.9,,yes
uae,"ESIM.DOG 🐶","⚡️ [5G] DU United Arab Emirates - Best 5G Coverage (100MB/3Days) - Black route",0.1,3,1.49,14.9,,yes
uae,"JamboSim","eSIM JamboSim Global 200MB / 30 Days",0.2,30,2.99,14.95,,yes
uae,"PikaSim","United Arab Emirates 100MB 7Days",0.1,7,1.5,15,,no
uae,"Simsima","United Arab Emirates 100MB 7Days",0.1,7,1.5,15,,yes
uae,"eSIM Hero","United Arab Emirates 100MB 7 Days",0.1,7,1.5,15,,yes
uae,"RedEx eSIM","United Arab Emirates 100MB 7Days",0.1,7,1.71,17.1,,yes
uae,"SIMDUCK.COM","United Arab Emirates 100 MB, 7 days",0.1,7,1.99,19.9,,yes
uae,"Avelis eSIM","Standard 100MB / 7 Days",0.1,7,1.99,19.9,,yes
uae,"Keepgo","Hydrus",0.1,0,2,20,,yes
uae,"Keepgo","Tucana",0.1,0,2,20,,yes
uae,"yaySIM","AE_0.1_7",0.1,7,2.1611531,21.188,,yes
uae,"Roamify","Global One Year eSIM 100 MB - 365 Days",0.1,365,2.5,25,,yes
uae,"Tripuck eSIM","Global 102 MB / 365 Days",0.1,365,2.6,25.49,,yes
uae,"Bordersim","United Arab Emirates 100MB 7Days",0.1,7,2.99,29.9,,yes
uae,"Movisim","United Arab Emirates 100MB - 7-Day eSIM",0.1,7,2.99,29.9,,yes
uae,"Keepgo","Auriga 35 Most Visited",0.1,0,3,30,,yes
uae,"Keepgo","Eridanus World",0.1,0,3,30,,yes
uae,"Turnaa eSIM","United Arab Emirates · 0.1 GB · 7 days",0.1,7,3.29,32.9,,yes
uk,"ESIM.DOG 🐶","🛜 Vodafone United Kingdom - Essential Coverage (3GB/15Days) - Amber route",3,15,0.59,0.197,,yes
uk,"ESIM.DOG 🐶","🛜 Vodafone United Kingdom - Essential Coverage (3GB/3Days) - Amber route",3,3,0.59,0.197,,yes
uk,"ESIM.DOG 🐶","🛜 Vodafone United Kingdom - Essential Coverage (3GB/7Days) - Amber route",3,7,0.59,0.197,,yes
uk,"ESIM.DOG 🐶","🛜 Vodafone United Kingdom - Essential Coverage (3GB/1Days) - Amber route",3,1,0.59,0.197,,yes
uk,"ESIM.DOG 🐶","🛜 Vodafone United Kingdom - Essential Coverage (3GB/5Days) - Amber route",3,5,0.59,0.197,,yes
uk,"ESIM.DOG 🐶","🛜 Vodafone United Kingdom - Essential Coverage (3GB/10Days) - Amber route",3,10,0.59,0.197,,yes
uk,"ESIM.DOG 🐶","🛜 Vodafone UK - Essential Coverage (3GB/20Days) - Amber route",3,20,0.59,0.197,,yes
uk,"Stellar eSim","United Kingdom 3GB 20Days + Free Stellar VPN",3,20,0.60284797,0.201,,no
uk,"Stellar eSim","United Kingdom 3GB 15Days + Free Stellar VPN",3,15,0.60284797,0.201,,no
uk,"Sim Local","United Kingdom eSIM – 100GB for 30 Days",100,30,20.25,0.203,,yes
uk,"ESIM.DOG 🐶","🛜 Vodafone United Kingdom - Essential Coverage (4GB/1Days) - Amber route",4,1,0.89,0.223,,yes
uk,"ESIM.DOG 🐶","🛜 Vodafone United Kingdom - Essential Coverage (4GB/15Days) - Amber route",4,15,0.89,0.223,,yes
uk,"ESIM.DOG 🐶","🛜 Vodafone United Kingdom - Essential Coverage (4GB/30Days) - Amber route",4,30,0.89,0.223,,yes
uk,"Stellar eSim","United Kingdom 4GB 30Days + Free Stellar VPN",4,30,0.8985847100000001,0.225,,no
uk,"ESIM.DOG 🐶","🛜 Vodafone United Kingdom - Essential Coverage (3GB/30Days) - Amber route",3,30,0.71,0.237,,yes
uk,"Stellar eSim","United Kingdom 3GB 30Days + Free Stellar VPN",3,30,0.7165928699999999,0.239,,no
uk,"ESIM.DOG 🐶","⚡️ Best Coverage in United Kingdom (5GB/3Days) - Pink route",5,3,1.39,0.278,,no
uk,"ESIM.DOG 🐶","⚡️ Best Coverage in United Kingdom (5GB/5Days) - Pink route",5,5,1.39,0.278,,no
uk,"ESIM.DOG 🐶","⚡️ [5G] Vodafone United Kingdom - Best 5G Coverage (5GB/7Days) - Black route",5,7,1.39,0.278,,yes
uk,"ESIM.DOG 🐶","⚡️ [5G] Vodafone UK - Best 5G Coverage (5GB/1Days) - Black route",5,1,1.39,0.278,,yes
uk,"ESIM.DOG 🐶","⚡️ [5G] Vodafone United Kingdom - Best 5G Coverage (5GB/10Days) - Black route",5,10,1.39,0.278,,yes
uk,"ESIM.DOG 🐶","🛜 Vodafone United Kingdom - Essential Coverage (5GB/15Days) - Amber route",5,15,1.39,0.278,,yes
uk,"ESIM.DOG 🐶","🛜 Vodafone United Kingdom - Essential Coverage (5GB/12Days) - Amber route",5,12,1.39,0.278,,yes
uk,"ESIM.DOG 🐶","🛜 Vodafone UK - Essential Coverage (5GB/20Days) - Amber route",5,20,1.39,0.278,,yes
uk,"ESIM.DOG 🐶","🛜 Vodafone United Kingdom - Essential Coverage (5GB/14Days) - Amber route",5,14,1.39,0.278,,yes
uk,"Stellar eSim","United Kingdom 5GB 20Days + Free Stellar VPN",5,20,1.39906227,0.28,,no
uk,"ESIM.DOG 🐶","🛜 Vodafone United Kingdom - Essential Coverage (2GB/15Days) - Amber route",2,15,0.59,0.295,,yes
uk,"ESIM.DOG 🐶","🛜 Vodafone United Kingdom - Essential Coverage (2GB/14Days) - Amber route",2,14,0.59,0.295,,yes
uk,"Amigo eSIM","Three 40GB 30Days",40,30,13,0.325,,yes
uk,"Stellar eSim","Europe (35 areas) 4GB 20Days + Free Stellar VPN",4,20,1.3535643099999999,0.338,,no
uk,"Stellar eSim","Europe (35 areas) 4GB 30Days + Free Stellar VPN",4,30,1.3535643099999999,0.338,,no
uk,"MyTravel eSIM","Europe (35 areas) 1GB/Day FUP1Mbps - 0.3€ - First 5 buyers only",1,1,0.3412347,0.341,,no
uk,"ESIM.DOG 🐶","⚡️ [5G] Europe (33 countries) - Best 5G Coverage (3GB/3Days) - Pink route",3,3,1.05,0.35,,no
uk,"Stellar eSim","Europe (33 areas) 4GB 30Days + Free Stellar VPN",4,30,1.39906227,0.35,,no
uk,"Stellar eSim","Europe (33 areas) 4GB 20Days + Free Stellar VPN",4,20,1.39906227,0.35,,no
uk,"Stellar eSim","Europe (33 areas) 3GB 15Days + Free Stellar VPN",3,15,1.05782757,0.353,,no
uk,"Stellar eSim","Europe (33 areas) 3GB 30Days + Free Stellar VPN",3,30,1.05782757,0.353,,no
uk,"Stellar eSim","United Kingdom eSIM Unlimited - 1 day",3,1,1.05782757,0.353,,no
uk,"Stellar eSim","Europe (33 areas) 3GB 20Days + Free Stellar VPN",3,20,1.05782757,0.353,,no
uk,"ESIM.DOG 🐶","🛜 Vodafone United Kingdom - Essential Coverage (2GB/30Days) - Amber route",2,30,0.71,0.355,,yes
uk,"Stellar eSim","Europe (35 areas) 3GB 15Days + Free Stellar VPN",3,15,1.08057655,0.36,,no
uk,"Stellar eSim","Europe (35 areas) eSIM Unlimited - 1 day",3,1,1.0919510399999999,0.364,,no
uk,"Stellar eSim","Europe (33 areas) eSIM Unlimited - 1 day",3,1,1.10332553,0.368,,no
uk,"Stellar eSim","Europe (35 areas) 3GB 20Days + Free Stellar VPN",3,20,1.10332553,0.368,,no
uk,"Stellar eSim","Europe (35 areas) 3GB 30Days + Free Stellar VPN",3,30,1.10332553,0.368,,no
uk,"Stellar eSim","United Kingdom 2GB 15Days + Free Stellar VPN",2,15,0.80758879,0.404,,no
uk,"abesteSIM","eSIM United Kingdom - 1 Day / Daily 1GB",1,1,0.5156851140122204,0.516,,yes
uk,"Stellar eSim","Europe (33 areas) 2GB 30Days + Free Stellar VPN",2,30,1.0692020599999998,0.535,,no
uk,"Stellar eSim","Europe (33 areas) 2GB 20Days + Free Stellar VPN",2,20,1.0692020599999998,0.535,,no
uk,"Stellar eSim","Europe (35 areas) 2GB 15Days + Free Stellar VPN",2,15,1.0919510399999999,0.546,,no
uk,"Stellar eSim","Europe (33 areas) 2GB 15Days + Free Stellar VPN",2,15,1.11470002,0.557,,no
uk,"ESIM.DOG 🐶","⚡️ [5G] Three United Kingdom &amp; more - Best 5G Coverage (1GB/7Days) - Blue route",1,7,0.57,0.57,,yes
uk,"ESIM.DOG 🐶","⚡️ [5G] Vodafone United Kingdom - Best 5G Coverage (1GB/3Days) - Black route",1,3,0.57,0.57,,yes
uk,"ESIM.DOG 🐶","⚡️ [5G] Vodafone United Kingdom - Best 5G Coverage (1GB/5Days) - Black route",1,5,0.57,0.57,,yes
uk,"AlpineSIM","AlpineSIM United Kingdom - 500MB / 7 Days",0.5,7,0.29,0.58,,yes
uk,"Stellar eSim","United Kingdom 1GB 7Days + Free Stellar VPN",1,7,0.58009899,0.58,,no
uk,"Stellar eSim","Europe (35 areas) 2GB 20Days + Free Stellar VPN",2,20,1.16019798,0.58,,no
uk,"Stellar eSim","Europe (35 areas) 2GB 30Days + Free Stellar VPN",2,30,1.16019798,0.58,,no
uk,"ESIM.DOG 🐶","⚡️ [5G] Vodafone United Kingdom - Best 5G Coverage (1GB/15Days) - Black route",1,15,0.59,0.59,,yes
uk,"ESIM.DOG 🐶","⚡️ [5G] Vodafone United Kingdom - Best 5G Coverage (1GB/20Days) - Black route",1,20,0.59,0.59,,yes
uk,"eSIM4Travel","Best Europe 41 - 1GB/7Days",1,7,0.62,0.62,,yes
uk,"eSIM4Travel","Best Europe 41 - 1GB/1Days",1,1,0.62,0.62,,yes
uk,"Billion Connect","Global eSIM [45 Countries] 1 Day 2GB/Day",2,1,1.25,0.625,,yes
uk,"abesteSIM","eSIM United Kingdom - 1 Day / Daily 2GB",2,1,1.2892127850305508,0.645,,yes
uk,"Billion Connect","Europe eSIM [33 Countries] 1 Day 2GB/Day",2,1,1.3,0.65,,yes
uk,"Stellar eSim","Europe (35 areas) 1GB 7Days + Free Stellar VPN",1,7,0.67109491,0.671,,no
uk,"Astaroam","Europe (33 areas) 1GB 7Days",1,7,0.673725239015507,0.674,,yes
uk,"AlpineSIM","AlpineSIM United Kingdom - 2GB/Day / 1 Days",2,1,1.35,0.675,,yes
uk,"Stellar eSim","Europe (33 areas) 1GB 7Days + Free Stellar VPN",1,7,0.6824694,0.682,,no
uk,"ESIM.DOG 🐶","⚡️ [5G] Vodafone United Kingdom - Best 5G Coverage (1GB/30Days) - Black route",1,30,0.71,0.71,,yes
uk,"Horizon eSIM","United Kingdom 1GB 7Days",1,7,0.7165928699999999,0.717,,no
uk,"Superalink","United Kingdom - Regular",1,1,0.75,0.75,,yes
uk,"AlpineSIM","AlpineSIM United Kingdom - 1GB/Day / 1 Days",1,1,0.75,0.75,,yes
uk,"Superalink","United Kingdom - Regular",1,3,0.77,0.77,,yes
uk,"Stellar eSim","Europe (35 areas) 750MB 7Days + Free Stellar VPN",0.75,7,0.58009899,0.773,,no
uk,"Stellar eSim","Europe (33 areas) 750MB 7Days + Free Stellar VPN",0.75,7,0.59147348,0.789,,no
uk,"Superalink","United Kingdom - Regular",1,5,0.79,0.79,,yes
uk,"abesteSIM","eSIM World 45 Regions - 1 Day / Daily 500MB",0.5,1,0.4062973625550827,0.813,,yes
uk,"Superalink","United Kingdom - Regular",1,7,0.82,0.82,,yes
uk,"AlpineSIM","AlpineSIM United Kingdom - 1GB / 7 Days",1,7,0.82,0.82,,yes
uk,"Superalink","United Kingdom - Regular",1,10,0.83,0.83,,yes
uk,"Superalink","United Kingdom - Regular",1,15,0.85,0.85,,yes
uk,"abesteSIM","eSIM Europe (32 Countries) - 1 Day / Daily 500MB",0.5,1,0.42973759501018366,0.859,,yes
uk,"abesteSIM","eSIM United Kingdom - 1 Day / Daily 500MB",0.5,1,0.42973759501018366,0.859,,yes
uk,"abesteSIM","eSIM Asia+Europe 52 Regions - 1 Day / Daily 500MB",0.5,1,0.42973759501018366,0.859,,yes
uk,"abesteSIM","eSIM Europe (49 Destinations) - 1 Day / Daily 500MB",0.5,1,0.42973759501018366,0.859,,yes
uk,"abesteSIM","eSIM Global (66 Destinations) - 1 Day / Daily 500MB",0.5,1,0.42973759501018366,0.859,,yes
uk,"Superalink","United Kingdom - Regular",1,20,0.86,0.86,,yes
uk,"Superalink","United Kingdom - Regular",1,30,0.87,0.87,,yes
uk,"abesteSIM","eSIM Europe (36 Countries) - 1 Day / Daily 500MB",0.5,1,0.4375510058285506,0.875,,yes
uk,"AlpineSIM","AlpineSIM United Kingdom - 500MB/Day / 1 Days",0.5,1,0.44,0.88,,yes
uk,"AlpineSIM","AlpineSIM Europe (35 areas) - 1GB / 7 Days",1,7,0.88,0.88,,yes
uk,"Ubigi","",10,7,9,0.9,,yes
uk,"Horizon eSIM","United Kingdom 500MB 7Days",0.5,7,0.45497960000000004,0.91,,no
uk,"AlpineSIM","AlpineSIM Europe (33 areas) - 1GB / 7 Days",1,7,0.92,0.92,,yes
uk,"Astaroam","Europe (35 areas) 1GB 7Days",1,7,0.9247209162957938,0.925,,yes
uk,"AlpineSIM","AlpineSIM Europe (35 areas) - 1GB/Day / 1 Days",1,1,0.93,0.93,,yes
uk,"MicroEsim","United Kingdom eSIM 5G - 1 Day / Daily 1GB",1,1,0.95,0.95,,yes
uk,"Textr eSIM","United Kingdom 1GB",1,7,0.97,0.97,,no
uk,"AlpineSIM","AlpineSIM Europe (33 areas) - 1GB/Day / 1 Days",1,1,0.97,0.97,,yes
uk,"ASIMGO","eSIM World - 45 Countries - 1 Day / Daily 1GB",1,1,0.98,0.98,,yes
uk,"MicroEsim","Europe eSIM 33 Countries - 1 Day / Daily 1GB",1,1,0.98,0.98,,yes
uk,"SimSmash","United Kingdom 1GB for 7 Days",1,7,0.99,0.99,,yes
uk,"SimSmash","United Kingdom Daily Unlimited 1GB/day for 1 Days",1,1,0.99,0.99,,yes
uk,"Billion Connect","Europe eSIM [33 Countries] 1 Day 1GB/Day",1,1,0.99,0.99,,yes
uk,"MoreMins eSIM","eSIM internet in United Kingdom",1,7,0.99,0.99,,no
uk,"MoodSIM","UK 1 GB 7 Days",1,7,0.99,0.99,,yes
uk,"MoodSIM","UK Unlimited (1 GB/day, then 512 Kbps) 1 Day",1,1,0.99,0.99,,yes
uk,"Voyasim","United Kingdom 500MB/Day",0.5,1,0.5,1,,yes
uk,"Voyasim","United Kingdom 500MB 7Days",0.5,7,0.5,1,,yes
uk,"Orbit Mobile","Global Pass",1,1,1,1,,no
uk,"eSIMNEXA","UK 1GB 3Days",1,3,1,1,,yes
uk,"ASIMGO","eSIM Europe (41 Countries) - 1 Day / Daily 1GB",1,1,1,1,,yes
uk,"Roaming4You","United Kingdom Unlimited Data - 1 Day",1,1,1,1,,yes
uk,"Roamic","United Kingdom eSIM 1GB / 7 Days",1,7,1,1,,no
uk,"ROWM","United Kingdom Daily",1,1,1,1,,no
uk,"Horizon eSIM","Europe 1 GB / 7 days",1,7,1.00095512,1.001,,no
uk,"abesteSIM","eSIM Europe (36 Countries) - 1 Day / Daily 1GB",1,1,1.0157434063877067,1.016,,yes
uk,"Yesim","United Kingdom (UK)",0.5,1,0.51185205,1.024,,yes
uk,"Yesim","Europe &amp; UK",0.5,1,0.51185205,1.024,,yes
uk,"Hiroaming","United Kingdom 1GB 7Days",1,7,1.04,1.04,,no
uk,"Tripuck eSIM","United Kingdom 1 GB / 1 Days",1,1,1.04,1.04,,yes
uk,"Horizon eSIM","Europe 1 GB / 30 days",1,30,1.04645308,1.046,,no
uk,"LimitSIM","United Kingdom 1GB/Day",1,1,1.05782757,1.058,,yes
uk,"Stellar eSim","Ireland &amp; UK 1GB 3Days + Free Stellar VPN",1,3,1.05782757,1.058,,no
uk,"Bloomy eSIM","United Kingdom Unlimited (1GB/day) 1 Day",1,1,1.06,1.06,,yes
uk,"Tripuck eSIM","United Kingdom 1 GB / 7 Days",1,7,1.07,1.07,,yes
uk,"Astaroam","Europe Unlimited - 1Day",1,1,1.0700342031422758,1.07,,yes
uk,"ASIMGO","eSIM Europe (36 Countries) - 1 Day / Daily 500MB",0.5,1,0.54,1.08,,yes
uk,"ASIMGO","eSIM Europe - 32 Countries - 1 Day / Daily 500MB",0.5,1,0.54,1.08,,yes
uk,"SeferESIM","United Kingdom 1GB/Day",1,1,1.08,1.08,,yes
uk,"Orange Travel","United Kingdom 20GB",20,14,21.99,1.099,,no
uk,"Ozly eSIM","United Kingdom 1GB 7Days",1,7,1.1,1.1,,yes
uk,"Billion Connect","Global eSIM [45 Countries] 1 Day 1GB/Day",1,1,1.11,1.11,,yes
uk,"Bloomy eSIM","United Kingdom 1GB 7 Days",1,7,1.11,1.11,,yes
uk,"LimitSIM","United Kingdom 1GB",1,7,1.11470002,1.115,,yes
uk,"ASIMGO","eSIM Asia&amp;Europe - 54 Countries - 1 Day / Daily 500MB",0.5,1,0.56,1.12,,yes
uk,"Hiroaming","United Kingdom 500MB 7Days",0.5,7,0.56,1.12,,no
uk,"MicroEsim","Europe eSIM 36 Countries - 1 Day / Daily 1GB",1,1,1.12,1.12,,yes
uk,"ASIMGO","eSIM United Kingdom - 1 Day / Daily 1GB",1,1,1.12,1.12,,yes
uk,"Tripuck eSIM","Europe 1 GB / 7 Days",1,7,1.12,1.12,,yes
uk,"PRIeSIM","United Kingdom 1 GB · 7 days",1,7,1.12607451,1.126,,no
uk,"ASIMGO","eSIM Europe (36 Countries) - 1 Day / Daily 1GB",1,1,1.13,1.13,,yes
uk,"Hiroaming","Europe (35 areas) 1GB 7Days",1,7,1.13,1.13,,no
uk,"GlobaleSIM","United Kingdom",15,30,17,1.133,,no
uk,"ASIMGO","eSIM Europe (49 Destinations) - 1 Day / Daily 500MB",0.5,1,0.57,1.14,,yes
uk,"SeferESIM","United Kingdom 1GB 7Days",1,7,1.14,1.14,,yes
uk,"Tripuck eSIM","Europe 1 GB / 7 Days",1,7,1.14,1.14,,yes
uk,"abesteSIM","eSIM Europe (32 Countries) - 1 Day / Daily 1GB",1,1,1.1407579794815783,1.141,,yes
uk,"Yoho Mobile","32-Country eSIM 1GB/Day 1Day",1,1,1.15,1.15,,yes
uk,"Yoho Mobile","GB eSIM 1GB/Day 1Day",1,1,1.15,1.15,,yes
uk,"Ozly eSIM","Europe (35 areas) 1GB 7Days",1,7,1.15,1.15,,yes
uk,"Hiroaming","United Kingdom 1GB/Day FUP1Mbps",1,1,1.15,1.15,,no
uk,"Hiroaming","United Kingdom 500MB/Day",0.5,1,0.58,1.16,,no
uk,"Stellar eSim","United Kingdom 500MB 7Days + Free Stellar VPN",0.5,7,0.58009899,1.16,,no
uk,"Yoho Mobile","36-Country eSIM 1GB 7Day",1,7,1.16,1.16,,yes
uk,"Yoho Mobile","39-Country eSIM 1GB 7Day",1,7,1.16,1.16,,yes
uk,"Yoho Mobile","GB eSIM 1GB 7Day",1,7,1.16,1.16,,yes
uk,"Hiroaming","Europe (33 areas) 1GB 7Days",1,7,1.16,1.16,,no
uk,"Stellar eSim","Europe(30+ areas) 1GB 7Days + Free Stellar VPN",1,7,1.16019798,1.16,,no
uk,"RedEx eSIM","United Kingdom 1GB/Day",1,1,1.17,1.17,,yes
uk,"ESIM.DOG 🐶","⚡️ [5G] Vodafone United Kingdom - Best 5G Coverage (500MB/20Days) - Black route",0.5,20,0.59,1.18,,yes
uk,"MicroEsim","Europe eSIM 42 Countries - 1 Day / Daily 1GB",1,1,1.18,1.18,,yes
uk,"Tripuck eSIM","Europe 1 GB / 1 Days",1,1,1.18,1.18,,yes
uk,"Bloomy eSIM","Europe (35 areas) 1GB 7 Days",1,7,1.18,1.18,,yes
uk,"nadanada","eSIM, 1GB, 7 Days, Europe Extra",1,7,1.19,1.19,,no
uk,"4S eSIM","United Kingdom 1GB - 1 Day",1,1,1.19,1.19,,no
uk,"4S eSIM","Europe+ 1GB - 1 Day",1,1,1.19,1.19,,no
uk,"voilà","",1,7,1.2,1.2,,yes
uk,"Bloomy eSIM","United Kingdom Unlimited (1GB/day) 1 Day",1,1,1.2,1.2,,yes
uk,"4S eSIM","UK 1GB - 5 Days",1,5,1.21,1.21,,no
uk,"4S eSIM","Europe+ 1GB - 5 Days",1,5,1.21,1.21,,no
uk,"Connect Me Guru","United Kingdom 1GB/Day",1,1,1.21,1.21,,yes
uk,"Tripuck eSIM","Europe 1 GB / 1 Days",1,1,1.21,1.21,,yes
uk,"Bloomy eSIM","Europe (33 areas) 1GB 7 Days",1,7,1.21,1.21,,yes
uk,"bndless","United Kingdom 1GB/Day",1,1,1.22,1.22,,yes
uk,"LimitSIM","United Kingdom 500MB 7Days",0.5,7,0.61422246,1.228,,yes
uk,"Tripuck eSIM","Europe 1 GB / 7 Days",1,7,1.23,1.23,,no
uk,"SeferESIM","United Kingdom 500MB 7Days",0.5,7,0.62,1.24,,yes
uk,"thirr.com","GB 1GB 3D",1,3,1.23981941,1.24,,yes
uk,"4S eSIM","United Kingdom 1GB - 7 Days",1,7,1.24,1.24,,no
uk,"4S eSIM","Europe+ 1GB - 7 Days",1,7,1.24,1.24,,no
uk,"SeferESIM","Europe (35 areas) 1GB 7Days",1,7,1.24,1.24,,yes
uk,"Hiroaming","Europe (35 areas) 1GB/Day FUP1Mbps",1,1,1.24,1.24,,no
uk,"Tripuck eSIM","Europe 1 GB / 7 Days",1,7,1.24,1.24,,yes
uk,"Tripuck eSIM","Europe 1 GB / 7 Days",1,7,1.24,1.24,,yes
uk,"ASIMGO","eSIM Europe - 32 Countries - 1 Day / Daily 1GB",1,1,1.26,1.26,,yes
uk,"Connect Me Guru","United Kingdom 1GB 7Days",1,7,1.26,1.26,,yes
uk,"IbridMarket","United Kingdom 1GB/Day",1,1,1.26,1.26,,no
uk,"SeferESIM","United Kingdom 1GB/Day FUP1Mbps",1,1,1.26,1.26,,yes
uk,"Bloomy eSIM","Europe (35 areas) Unlimited (1GB/day) 1 Day",1,1,1.27,1.27,,yes
uk,"SeferESIM","United Kingdom 500MB/Day",0.5,1,0.64,1.28,,yes
uk,"bndless","United Kingdom 1GB 7Days",1,7,1.28,1.28,,yes
uk,"SeferESIM","Europe (33 areas) 1GB 7Days",1,7,1.28,1.28,,yes
uk,"abesteSIM","eSIM United Kingdom - 5 Days / Total 1GB",1,5,1.2813993742121839,1.281,,yes
uk,"abesteSIM","eSIM Asia+Europe 52 Regions - 1 Day / Daily 1GB",1,1,1.2892127850305508,1.289,,yes
uk,"MegaEsim","United Kingdom (UK) 1 GB, 1 day",1,1,1.29,1.29,,yes
uk,"MegaEsim","United Kingdom (UK) 1 GB, 7 days",1,7,1.29,1.29,,yes
uk,"MegaEsim","United Kingdom (UK) Unlimited, 1 day (1 GB/day full speed)",1,1,1.29,1.29,,yes
uk,"MegaEsim","Europe Unlimited, 1 day (1 GB/day full speed)",1,1,1.29,1.29,,no
uk,"Landed eSIM","United Kingdom 1GB/day · 1 day",1,1,1.29,1.29,,yes
uk,"Hiroaming","Europe (33 areas) 1GB/Day FUP1Mbps",1,1,1.29,1.29,,no
uk,"eSIM4Travel","United Kingdom (O2, EE, Vodafone) - 1GB/1Days",1,1,1.29,1.29,,yes
uk,"MicroEsim","Europe eSIM 33 Countries - 3 Days / Total 1GB",1,3,1.3,1.3,,yes
uk,"voilà","",1,7,1.3,1.3,,no
uk,"Billion Connect","Global eSIM [19 Regions] 3 Days 1GB",1,3,1.3,1.3,,yes
uk,"mobineX","Unlimited Standard",1,1,1.3,1.3,,yes
uk,"IbridMarket","United Kingdom 1GB 7Days",1,7,1.3,1.3,,no
uk,"abesteSIM","eSIM World 45 Regions - 1 Day / Daily 1GB",1,1,1.3126530174856517,1.313,,yes
uk,"Superalink","United Kingdom - Regular",0.5,1,0.66,1.32,,yes
uk,"RedEx eSIM","United Kingdom 1GB/Day FUP1Mbps",1,1,1.32,1.32,,yes
uk,"Bloomy eSIM","Europe (33 areas) Unlimited (1GB/day) 1 Day",1,1,1.32,1.32,,yes
uk,"FullBars","United Kingdom 1GB · 7 days",1,7,1.3210298804225626,1.321,,yes
uk,"Connect Me Guru","Europe (35 areas) 1GB 7Days",1,7,1.33,1.33,,no
uk,"Tripuck eSIM","United Kingdom 1 GB / 3 Days",1,3,1.33,1.33,,yes
uk,"abesteSIM","eSIM Europe (41 Countries) - 1 Day / Daily 1GB",1,1,1.3360932499407527,1.336,,yes
uk,"MicroEsim","United Kingdom eSIM 5G - 5 Days / Total 1GB",1,5,1.34,1.34,,yes
uk,"Yoho Mobile","52-Country eSIM 1GB 7Day",1,7,1.34,1.34,,yes
uk,"SparkRoam","United Kingdom eSIM 1 GB 7 Days",1,7,1.34,1.34,,yes
uk,"ESIM888","United Kingdom (1GB/7DAYS)",1,7,1.35,1.35,,no
uk,"Connect Me Guru","United Kingdom 1GB/Day FUP1Mbps",1,1,1.35,1.35,,yes
uk,"eSIM4Travel","United Kingdom (O2, EE, Vodafone) - 1GB/7Days",1,7,1.35,1.35,,yes
uk,"Superalink","United Kingdom - Regular",0.5,3,0.68,1.36,,yes
uk,"Connect Me Guru","Europe (33 areas) 1GB 7Days",1,7,1.36,1.36,,no
uk,"SeferESIM","Europe (35 areas) 1GB/Day FUP1Mbps",1,1,1.36,1.36,,yes
uk,"IbridMarket","Europe (35 areas) 1GB 7Days",1,7,1.37,1.37,,no
uk,"eSIMNow","United Kingdom 1GB 7Days",1,7,1.37,1.37,,yes
uk,"Earth Esim","500MB/1 Day United Kingdom - UK 5G",0.5,1,0.69,1.38,,yes
uk,"IbridMarket","United Kingdom 1GB/Day FUP1Mbps",1,1,1.38,1.38,,no
uk,"MicroEsim","Europe eSIM 33 Countries - 5 Days / Total 1GB",1,5,1.39,1.39,,yes
uk,"eSIMCard","1GB eSIM Data for 3 Days in United Kingdom",1,3,1.39,1.39,,yes
uk,"MicroEsim","Europe eSIM 5G 41 Countries - 1 Day / Daily 1GB",1,1,1.39,1.39,,yes
uk,"AdventureSIMs","United Kingdom 1GB 7 Days",1,7,1.394193605808556,1.394,,yes
uk,"AdventureSIMs","Europe Saver 1GB 7 Days",1,7,1.394193605808556,1.394,,yes
uk,"Superalink","United Kingdom - Regular",0.5,5,0.7,1.4,,yes
uk,"bndless","United Kingdom 500MB 7Days",0.5,7,0.7,1.4,,yes
uk,"ASIMGO","eSIM United Kingdom - 5 Days / Total 1GB",1,5,1.4,1.4,,yes
uk,"Voyasim","United Kingdom 1GB 7Days",1,7,1.4,1.4,,yes
uk,"Voyasim","United Kingdom 1GB/Day",1,1,1.4,1.4,,yes
uk,"SimSmash","United Kingdom Daily Unlimited 0.49GB/day for 1 Days",0.49,1,0.69,1.408,,yes
uk,"ESIM.DOG 🐶","⚡️ [5G] Vodafone United Kingdom - Best 5G Coverage (500MB/30Days) - Black route",0.5,30,0.71,1.42,,yes
uk,"Superalink","United Kingdom - Regular",0.5,7,0.72,1.44,,yes
uk,"bndless","United Kingdom 500MB/Day",0.5,1,0.72,1.44,,yes
uk,"Bloomy eSIM","United Kingdom 500MB 7 Days",0.5,7,0.72,1.44,,yes
uk,"MoodSIM","UK 500 MB 7 Days",0.5,7,0.75,1.5,,yes
uk,"Tripuck eSIM","United Kingdom 502 MB / 7 Days",0.5,7,0.81,1.614,,yes
uk,"Tripuck eSIM","United Kingdom 502 MB / 1 Days",0.5,1,0.82,1.633,,yes
uk,"RedEx eSIM","United Kingdom 500MB/Day",0.5,1,0.83,1.66,,yes
uk,"MicroEsim","United Kingdom eSIM 5G - 1 Day / Daily 500MB",0.5,1,0.84,1.68,,yes
uk,"MicroEsim","Europe eSIM 36 Countries - 1 Day / Daily 500MB",0.5,1,0.85,1.7,,yes
uk,"MicroEsim","Europe eSIM 33 Countries - 1 Day / Daily 500MB",0.5,1,0.86,1.72,,yes
uk,"Connect Me Guru","United Kingdom 500MB/Day",0.5,1,0.88,1.76,,yes
uk,"eSIM4Travel","United Kingdom (O2, EE, Vodafone) - 500MB/1Days",0.5,1,0.89,1.78,,yes
uk,"RedEx eSIM","United Kingdom 500MB 7Days",0.5,7,0.91,1.82,,yes
uk,"LimitSIM","Europe 0.49GB",0.5,1,0.9327081799999999,1.858,,no
uk,"IbridMarket","United Kingdom 500MB 7Days",0.5,7,0.93,1.86,,no
uk,"eSIMNow","United Kingdom 500MB 7Days",0.5,7,0.93,1.86,,yes
uk,"merdata","eSIM United Kingdom 500 MB 7 days",0.5,7,0.9456158084677951,1.891,,no
uk,"merdata","eSIM United Kingdom 500 MB/day 1 day",0.5,1,0.9456158084677951,1.891,,no
uk,"IbridMarket","United Kingdom 500MB/Day",0.5,1,0.95,1.9,,no
uk,"Tripuck eSIM","Europe 502 MB / 1 Days",0.5,1,0.97,1.932,,no
uk,"MicroEsim","Europe eSIM 5G 41 Countries - 1 Day / Daily 500MB",0.5,1,0.99,1.98,,yes
uk,"Landed eSIM","United Kingdom 500MB/day · 1 day",0.5,1,0.99,1.98,,yes
uk,"MoodSIM","UK Unlimited (500 MB/day, then 512 Kbps) 1 Day",0.5,1,0.99,1.98,,yes
uk,"AlpineSIM","AlpineSIM Europe(30+ areas) - 300MB/Day / 1 Days",0.3,1,0.61,2.033,,yes
uk,"MicroEsim","Europe eSIM 42 Countries - 1 Day / Daily 500MB",0.5,1,1.02,2.04,,yes
uk,"Wiiline","for United Kingdom 1 Days 490 MB",0.49,1,1.01,2.061,,no
uk,"abesteSIM","eSIM United Kingdom - 1 Day / Total 200MB",0.2,1,0.42192418419181665,2.11,,yes
uk,"abesteSIM","eSIM Europe (41 Countries) - 1 Day / Total 200MB",0.2,1,0.42192418419181665,2.11,,yes
uk,"eSIMNow","United Kingdom 500MB/Day for 1 Day",0.5,1,1.08,2.16,,yes
uk,"MicroEsim","Europe eSIM 5G 49 Destinations - 1 Day / Daily 500MB",0.5,1,1.08,2.16,,yes
uk,"AlpineSIM","AlpineSIM Europe(30+ areas) - 500MB/Day / 1 Days",0.5,1,1.11,2.22,,yes
uk,"eSIM2Me","United Kingdom 500MB 7Days",0.5,7,1.13,2.26,,yes
uk,"eSIM2Me","United Kingdom 500MB/Day",0.5,1,1.13,2.26,,yes
uk,"abesteSIM","eSIM Europe (36 Countries) - 2 Days / Daily 500MB",0.5,2,1.1798250335734133,2.36,,yes
uk,"ASIMGO","eSIM World - 45 Countries - 1 Day / Daily 500MB",0.5,1,1.24,2.48,,yes
uk,"abesteSIM","eSIM United Kingdom - 3 Days / Daily 500MB",0.5,3,1.2892127850305508,2.578,,yes
uk,"AlpineSIM","AlpineSIM United Kingdom - 500MB/Day / 3 Days",0.5,3,1.29,2.58,,yes
uk,"ASIMGO","eSIM Europe (36 Countries) - 2 Days / Daily 500MB",0.5,2,1.3,2.6,,yes
uk,"Horizon eSIM","United Kingdom 100MB 7Days",0.1,7,0.26161327,2.616,,no
uk,"AirPlans","United Kingdom 500MB 1 Day",0.5,1,1.33,2.66,,yes
uk,"ASIMGO","eSIM United Kingdom - 1 Day / Total 200MB",0.2,1,0.54,2.7,,yes
uk,"ASIMGO","eSIM Europe (41 Countries) - 1 Day / Total 200MB",0.2,1,0.54,2.7,,yes
uk,"abesteSIM","eSIM Europe (32 Countries) - 3 Days / Daily 500MB",0.5,3,1.3517200715774866,2.703,,yes
uk,"Hiroaming","Europe(30+ areas) 300MB/Day",0.3,1,0.82,2.733,,no
uk,"AlpineSIM","AlpineSIM United Kingdom - 100MB / 7 Days",0.1,7,0.29,2.9,,yes
uk,"LimitSIM","Europe(30+ areas) 300MB/Day",0.3,1,0.87583573,2.919,,no
uk,"SeferESIM","Europe(30+ areas) 300MB/Day",0.3,1,0.9,3,,yes
uk,"Tripuck eSIM","Europe 297 MB / 1 Days",0.3,1,0.95,3.199,,yes
uk,"MoodSIM","Europe Unlimited (300 MB/day, then 384 Kbps) 1 Day",0.3,1,0.99,3.3,,yes
uk,"bndless","Europe(30+ areas) 300MB/Day",0.3,1,1.01,3.367,,yes
uk,"Connect Me Guru","Europe(30+ areas) 300MB/Day",0.3,1,1.08,3.6,,no
uk,"Voyasim","Europe(30+ areas) 300MB/Day",0.3,1,1.1,3.667,,yes
uk,"IbridMarket","Europe(30+ areas) 300MB/Day",0.3,1,1.13,3.767,,no
uk,"eSIMNow","Europe(30+ areas) 300MB/Day for 1 Day",0.3,1,1.17,3.9,,yes
uk,"MoodSIM","UK 100 MB 7 Days",0.1,7,0.49,4.9,,yes
uk,"Voyasim","United Kingdom 100MB 7Days",0.1,7,0.5,5,,yes
uk,"Hiroaming","United Kingdom 100MB 7Days",0.1,7,0.55,5.5,,no
uk,"Stellar eSim","United Kingdom 100MB 7Days + Free Stellar VPN",0.1,7,0.58009899,5.801,,no
uk,"SeferESIM","United Kingdom 100MB 7Days",0.1,7,0.6,6,,yes
uk,"LimitSIM","United Kingdom 100MB 7Days",0.1,7,0.60284797,6.028,,yes
uk,"Superalink","United Kingdom - Regular",0.1,1,0.63,6.3,,yes
uk,"Superalink","United Kingdom - Regular",0.1,3,0.65,6.5,,yes
uk,"Superalink","United Kingdom - Regular",0.1,5,0.67,6.7,,yes
uk,"bndless","United Kingdom 100MB 7Days",0.1,7,0.68,6.8,,yes
uk,"Superalink","United Kingdom - Regular",0.1,7,0.69,6.9,,yes
uk,"ESIM.DOG 🐶","⚡️ [5G] Vodafone United Kingdom - Best 5G Coverage (100MB/30Days) - Black route",0.1,30,0.71,7.1,,yes
uk,"eSIM4Travel","United Kingdom (O2, EE, Vodafone) - 100MB/1Days",0.1,1,0.76,7.6,,yes
uk,"Tripuck eSIM","United Kingdom 102 MB / 7 Days",0.1,7,0.8,7.843,,yes
uk,"Connect Me Guru","United Kingdom 100MB 7Days",0.1,7,0.85,8.5,,yes
uk,"Roamix","United Kingdom 100MB 7Days",0.1,7,0.85,8.5,,yes
uk,"eSIMNow","United Kingdom 100MB 7Days",0.1,7,0.91,9.1,,yes
uk,"IbridMarket","United Kingdom 100MB 7Days",0.1,7,0.92,9.2,,no
uk,"ESIM.DOG 🐶","⚡️ [5G] Vodafone United Kingdom - Best 5G Coverage (100MB/90Days) - Black route",0.1,90,0.98,9.8,,yes
uk,"StaffTraveler eSIM","StaffTraveler eSIM 100 MB",0.1,365,0.99,9.9,,no
uk,"Zwitchy","United Kingdom · 100 MB · 1 day",0.1,1,1,10,,yes
usa,"ESIM.DOG 🐶","🛜 AT&amp;T USA - Essential Coverage (3GB/1Days) - Amber route",3,1,0.8,0.267,,yes
usa,"Stellar eSim","United States 3GB 1Days + Free Stellar VPN",3,1,0.80758879,0.269,,no
usa,"ESIM.DOG 🐶","🛜 AT&amp;T USA - Essential Coverage (2GB/1Days) - Amber route",2,1,0.59,0.295,,yes
usa,"ESIM.DOG 🐶","🛜 AT&amp;T USA - Essential Coverage (2GB/3Days) - Amber route",2,3,0.59,0.295,,yes
usa,"ESIM.DOG 🐶","🛜 AT&amp;T USA - Essential Coverage (2GB/5Days) - Amber route",2,5,0.59,0.295,,yes
usa,"ESIM.DOG 🐶","🛜 AT&amp;T USA - Essential Coverage (2GB/7Days) - Amber route",2,7,0.59,0.295,,yes
usa,"ESIM.DOG 🐶","🛜 AT&amp;T USA - Essential Coverage (2GB/9Days) - Amber route",2,9,0.59,0.295,,yes
usa,"ESIM.DOG 🐶","🛜 AT&amp;T USA - Essential Coverage (2GB/10Days) - Amber route",2,10,0.59,0.295,,yes
usa,"ESIM.DOG 🐶","🛜 AT&amp;T United States - Essential Coverage (4GB/1Days) - Amber route",4,1,1.19,0.297,,yes
usa,"ESIM.DOG 🐶","🛜 AT&amp;T United States - Essential Coverage (4GB/2Days) - Amber route",4,2,1.19,0.297,,yes
usa,"ESIM.DOG 🐶","🛜 AT&amp;T United States - Essential Coverage (4GB/5Days) - Amber route",4,5,1.19,0.297,,yes
usa,"ESIM.DOG 🐶","🛜 AT&amp;T United States - Essential Coverage (4GB/10Days) - Amber route",4,10,1.19,0.297,,yes
usa,"ESIM.DOG 🐶","🛜 AT&amp;T United States - Essential Coverage (4GB/15Days) - Amber route",4,15,1.19,0.297,,yes
usa,"Stellar eSim","United States 4GB 20Days + Free Stellar VPN",4,20,1.1943214500000001,0.299,,no
usa,"Stellar eSim","United States 2GB 20Days + Free Stellar VPN",2,20,0.60284797,0.301,,no
usa,"Stellar eSim","United States 2GB 15Days + Free Stellar VPN",2,15,0.60284797,0.301,,no
usa,"Stellar eSim","United States 2GB 30Days + Free Stellar VPN",2,30,0.60284797,0.301,,no
usa,"ESIM.DOG 🐶","🛜 AT&amp;T United States - Essential Coverage (3GB/15Days) - Amber route",3,15,0.96,0.32,,yes
usa,"ESIM.DOG 🐶","🛜 AT&amp;T United States - Essential Coverage (3GB/3Days) - Amber route",3,3,0.96,0.32,,yes
usa,"ESIM.DOG 🐶","🛜 AT&amp;T United States - Essential Coverage (3GB/7Days) - Amber route",3,7,0.96,0.32,,yes
usa,"ESIM.DOG 🐶","🛜 AT&amp;T United States - Essential Coverage (3GB/5Days) - Amber route",3,5,0.96,0.32,,yes
usa,"ESIM.DOG 🐶","🛜 AT&amp;T United States - Essential Coverage (3GB/10Days) - Amber route",3,10,0.96,0.32,,yes
usa,"Stellar eSim","United States 3GB 20Days + Free Stellar VPN",3,20,0.9668316499999999,0.322,,no
usa,"Stellar eSim","United States 3GB 15Days + Free Stellar VPN",3,15,0.9668316499999999,0.322,,no
usa,"Stellar eSim","United States 3GB 5Days + Free Stellar VPN",3,5,0.9668316499999999,0.322,,no
usa,"Stellar eSim","United States 3GB 30Days + Free Stellar VPN",3,30,0.97820614,0.326,,no
usa,"ESIM.DOG 🐶","🛜 AT&amp;T United States - Essential Coverage (3GB/20Days) - Amber route",3,20,1.19,0.397,,yes
usa,"abesteSIM","eSIM United States (Local IP) - 1 Day / Daily 1GB",1,1,0.42973759501018366,0.43,,yes
usa,"abesteSIM","eSIM United States (Local IP) - 3 Days / Total 1GB",1,3,0.4531778274652845,0.453,,yes
usa,"ESIM.DOG 🐶","🛜 AT&amp;T United States - Essential Coverage (2GB/15Days) - Amber route",2,15,0.96,0.48,,yes
usa,"ESIM.DOG 🐶","🛜 AT&amp;T USA - Essential Coverage (2GB/20Days) - Amber route",2,20,0.96,0.48,,yes
usa,"ESIM.DOG 🐶","🛜 AT&amp;T USA - Essential Coverage (2GB/25Days) - Amber route",2,25,0.97,0.485,,yes
usa,"ESIM.DOG 🐶","🛜 AT&amp;T USA - Essential Coverage (2GB/30Days) - Amber route",2,30,0.97,0.485,,yes
usa,"ESIM.DOG 🐶","🛜 AT&amp;T United States - Essential Coverage (2GB/21Days) - Amber route",2,21,0.97,0.485,,yes
usa,"Simbye","USA Unlimited 10 Days with Real US Phone Number on ATT 5G",50,10,24.99,0.5,,no
usa,"Stellar eSim","United States eSIM Unlimited - 1 day",3,1,1.51280717,0.504,,no
usa,"Billion Connect","Global eSIM [45 Countries] 1 Day 3GB/Day",3,1,1.6,0.533,,yes
usa,"abesteSIM","eSIM United States - 1 Day / Daily 1GB",1,1,0.5469387572856882,0.547,,yes
usa,"abesteSIM","eSIM United States - 1 Day / Daily 3GB",3,1,1.6720699151305327,0.557,,yes
usa,"ESIM.DOG 🐶","🛜 AT&amp;T United States - Essential Coverage (1GB/7Days) - Amber route",1,7,0.59,0.59,,yes
usa,"ESIM.DOG 🐶","🛜 AT&amp;T United States - Essential Coverage (1GB/3Days) - Amber route",1,3,0.59,0.59,,yes
usa,"ESIM.DOG 🐶","🛜 AT&amp;T United States - Essential Coverage (1GB/5Days) - Amber route",1,5,0.59,0.59,,yes
usa,"ESIM.DOG 🐶","🛜 AT&amp;T USA - Essential Coverage (1GB/15Days) - Amber route",1,15,0.59,0.59,,yes
usa,"ESIM.DOG 🐶","🛜 AT&amp;T USA - Essential Coverage (1GB/20Days) - Amber route",1,20,0.59,0.59,,yes
usa,"ESIM.DOG 🐶","🛜 AT&amp;T United States - Essential Coverage (1GB/30Days) - Amber route",1,30,0.59,0.59,,yes
usa,"eSIM4Travel","USA (AT&amp;T) - 1GB/1Days",1,1,0.61,0.61,,yes
usa,"Billion Connect","Global eSIM [45 Countries] 1 Day 2GB/Day",2,1,1.25,0.625,,yes
usa,"Billion Connect","USA eSIM 1 Day 2GB/Day",2,1,1.3,0.65,,yes
usa,"abesteSIM","eSIM United States (Local IP) - 1 Day / Daily 2GB",2,1,1.3439066607591197,0.672,,yes
usa,"abesteSIM","eSIM United States - 1 Day / Daily 2GB",2,1,1.3439066607591197,0.672,,yes
usa,"MicroEsim","United States eSIM - 1 Day / Daily 2GB",2,1,1.39,0.695,,yes
usa,"ASIMGO","eSIM United States - Local IP - 3 Days / Total 1GB",1,3,0.7,0.7,,yes
usa,"abesteSIM","eSIM United States (Local IP) - 1 Day / Daily 500MB",0.5,1,0.3516034868265139,0.703,,yes
usa,"Tripuck eSIM","Europe 2 GB/day / 1 Days",2,1,1.42,0.71,,yes
usa,"ASIMGO","eSIM United States - 1 Day / Daily 2GB",2,1,1.46,0.73,,yes
usa,"Tripuck eSIM","United States 2 GB/day / 1 Days",2,1,1.47,0.735,,yes
usa,"Superalink","United States - 2GB/day",2,1,1.49,0.745,,yes
usa,"abesteSIM","eSIM World 45 Regions - 1 Day / Daily 2GB",2,1,1.5001748771264591,0.75,,yes
usa,"Stellar eSim","United States 1GB 7Days (USIP) + Free Stellar VPN",1,7,0.77346532,0.773,,no
usa,"abesteSIM","eSIM United States (Local IP) - 5 Days / Total 1GB",1,5,0.7735276710183305,0.774,,yes
usa,"mobineX","Unlimited Standard",1,1,0.8,0.8,,yes
usa,"eSIM4Travel","USA (AT&amp;T) - 1GB/7Days",1,7,0.8,0.8,,yes
usa,"ASIMGO","eSIM World - 45 Countries - 1 Day / Daily 2GB",2,1,1.62,0.81,,yes
usa,"abesteSIM","eSIM World 45 Regions - 1 Day / Daily 500MB",0.5,1,0.4062973625550827,0.813,,yes
usa,"TravelGator eSIM","United States eSIM Roaming Data",1,1,0.8204081359285323,0.82,,no
usa,"abesteSIM","eSIM United States - 1 Day / Daily 500MB",0.5,1,0.42973759501018366,0.859,,yes
usa,"abesteSIM","eSIM Global (66 Destinations) - 1 Day / Daily 500MB",0.5,1,0.42973759501018366,0.859,,yes
usa,"MicroEsim","United States eSIM - 1 Day / Daily 1GB",1,1,0.91,0.91,,yes
usa,"Superalink","United States - Regular",1,1,0.96,0.96,,yes
usa,"ASIMGO","eSIM World - 45 Countries - 1 Day / Daily 1GB",1,1,0.98,0.98,,yes
usa,"Superalink","United States - Regular",1,3,0.98,0.98,,yes
usa,"Billion Connect","USA eSIM 1 Day 1GB/Day",1,1,0.99,0.99,,yes
usa,"ESIM.DOG 🐶","⚡️ [5G] North America (2 countries) - Best 5G Coverage (1GB/1Days) - Black route",1,1,0.99,0.99,,yes
usa,"eSIMNEXA","USA 1GB 3Days",1,3,1,1,,yes
usa,"esimzon","USA 1GB 30Days",1,30,1,1,,yes
usa,"Orbit Mobile","Global Pass",1,1,1,1,,no
usa,"ROWM","United States Daily",1,1,1,1,,no
usa,"Superalink","United States - Regular",1,5,1.01,1.01,,yes
usa,"Yesim","United States",0.5,1,0.51185205,1.024,,yes
usa,"Superalink","United States - Regular",1,7,1.03,1.03,,yes
usa,"AlpineSIM","AlpineSIM United States - 1GB/Day / 1 Days",1,1,1.03,1.03,,yes
usa,"Superalink","United States - Regular",1,10,1.04,1.04,,yes
usa,"Stellar eSim","United States 500MB 7Days + Free Stellar VPN",0.5,7,0.52322654,1.046,,no
usa,"eSIMX","United States 20GB 30Days",20,30,21,1.05,,yes
usa,"ESIM.DOG 🐶","⚡️ [5G] North America (2 countries) - Best 5G Coverage (500MB/1Days) - Black route",0.5,1,0.53,1.06,,yes
usa,"Superalink","United States - Regular",1,15,1.06,1.06,,yes
usa,"Superalink","United States - Regular",1,20,1.07,1.07,,yes
usa,"ESIM.DOG 🐶","⚡️ [5G] North America (2 countries) - Best 5G Coverage (1GB/3Days) - Black route",1,3,1.07,1.07,,yes
usa,"ESIM.DOG 🐶","⚡️ [5G] North America (2 countries) - Best 5G Coverage (1GB/5Days) - Black route",1,5,1.07,1.07,,yes
usa,"ESIM.DOG 🐶","⚡️ [5G] North America (2 countries) - Best 5G Coverage (1GB/7Days) - Black route",1,7,1.07,1.07,,yes
usa,"abesteSIM","eSIM Global (23 Destinations) - 1 Day / Daily 500MB",0.5,1,0.5391253464673212,1.078,,yes
usa,"abesteSIM","eSIM US &amp; Canada - 1 Day / Daily 500MB",0.5,1,0.5391253464673212,1.078,,yes
usa,"abesteSIM","eSIM North America (US &amp; Canada &amp; Mexico) 5G - 1 Day / Daily 500MB",0.5,1,0.5391253464673212,1.078,,yes
usa,"Superalink","United States - Regular",1,30,1.08,1.08,,yes
usa,"Stellar eSim","USA &amp; Canada 1GB 7Days + Free Stellar VPN",1,7,1.08057655,1.081,,no
usa,"abesteSIM","eSIM United States - 3 Days / Total 1GB",1,3,1.0938775145713764,1.094,,yes
usa,"Jetpac","USA 15GB",15,7,16.5,1.1,ESIMDB15,no
usa,"EZsim","USA (AT&amp;T) - 1GB/7Days",1,7,1.1,1.1,,no
usa,"ESIM888","USA (ATT) (1GB/7DAYS)",1,7,1.1,1.1,,no
usa,"Billion Connect","Global eSIM [45 Countries] 1 Day 1GB/Day",1,1,1.11,1.11,,yes
usa,"ASIMGO","eSIM United States - 1 Day / Daily 500MB",0.5,1,0.56,1.12,,yes
usa,"TravelGator eSIM","United States eSIM Roaming Data",1,3,1.1329445686632114,1.133,,no
usa,"abesteSIM","eSIM America (20 Destinations) - 1 Day / Daily 500MB",0.5,1,0.5781924005591561,1.156,,yes
usa,"ESIM.DOG 🐶","⚡️ [5G] Verizon/AT&amp;T United States - Best 5G Coverage (500MB/7Days) - Blue route",0.5,7,0.59,1.18,,yes
usa,"ESIM.DOG 🐶","⚡️ [5G] AT&amp;T United States - Best 5G Coverage (500MB/30Days) - Black route",0.5,30,0.59,1.18,,yes
usa,"nadanada","eSIM, 1GB, 7 Days, North America",1,7,1.19,1.19,,no
usa,"Superalink","United States - 1GB/day",1,1,1.19,1.19,,yes
usa,"Ubigi","USA",10,7,12,1.2,,yes
usa,"Roaming4You","United States Unlimited Data - 1 Day",1,1,1.2,1.2,,yes
usa,"TravelGator eSIM","United States eSIM Roaming Data",1,5,1.211078676846881,1.211,,no
usa,"abesteSIM","eSIM United States (Local IP) - 7 Days / Total 1GB",1,7,1.2345189093019822,1.235,,yes
usa,"Tripuck eSIM","Europe 1 GB / 7 Days",1,7,1.24,1.24,,yes
usa,"AlpineSIM","AlpineSIM United States - 1GB / 7 Days",1,7,1.25,1.25,,yes
usa,"Tripuck eSIM","United States 1 GB / 1 Days",1,1,1.25,1.25,,yes
usa,"MicroEsim","United States eSIM - 3 Days / Total 1GB",1,3,1.26,1.26,,yes
usa,"TravelGator eSIM","United States eSIM Roaming Data",1,7,1.2735859633938167,1.274,,no
usa,"ASIMGO","eSIM United States - Local IP - 5 Days / Total 1GB",1,5,1.28,1.28,,yes
usa,"MegaEsim","United States (USA) 1 GB, 1 day",1,1,1.29,1.29,,yes
usa,"MegaEsim","United States (USA) Unlimited, 1 day (1 GB/day full speed)",1,1,1.29,1.29,,yes
usa,"Superalink","United States - Regular",0.5,1,0.65,1.3,,yes
usa,"Billion Connect","Global eSIM [19 Regions] 3 Days 1GB",1,3,1.3,1.3,,yes
usa,"abesteSIM","eSIM United States (Local IP) - 10 Days / Total 1GB",1,10,1.3048396066672847,1.305,,yes
usa,"Tripuck eSIM","United States 1 GB / 7 Days",1,7,1.31,1.31,,no
usa,"abesteSIM","eSIM World 45 Regions - 1 Day / Daily 1GB",1,1,1.3126530174856517,1.313,,yes
usa,"TravelGator eSIM","United States eSIM Roaming Data",1,10,1.3204664283040186,1.32,,no
usa,"ESIM.DOG 🐶","⚡️ [5G] North America (2 countries) - Best 5G Coverage (1GB/10Days) - Black route",1,10,1.33,1.33,,yes
usa,"ESIM.DOG 🐶","⚡️ [5G] North America (2 countries) - Best 5G Coverage (1GB/15Days) - Black route",1,15,1.33,1.33,,yes
usa,"ESIM.DOG 🐶","⚡️ [5G] North America (2 countries) - Best 5G Coverage (1GB/20Days) - Black route",1,20,1.33,1.33,,yes
usa,"ESIM.DOG 🐶","⚡️ [5G] North America (2 countries) - Best 5G Coverage (1GB/30Days) - Black route",1,30,1.33,1.33,,yes
usa,"Superalink","United States - Regular",0.5,3,0.67,1.34,,yes
usa,"Yoho Mobile","US eSIM 1GB 7Day",1,7,1.34,1.34,,yes
usa,"Stellar eSim","North America 1GB 20Days + Free Stellar VPN",1,20,1.34218982,1.342,,no
usa,"Stellar eSim","North America 1GB 30Days + Free Stellar VPN",1,30,1.34218982,1.342,,no
usa,"ASIMGO","eSIM United States - Local IP - 7 Days / Total 1GB",1,7,1.35,1.35,,yes
usa,"Horizon eSIM","United States 1GB 7Days",1,7,1.3649388,1.365,,no
usa,"abesteSIM","eSIM United States (Local IP) - 15 Days / Total 1GB",1,15,1.3751603040325875,1.375,,yes
usa,"Superalink","United States - Regular",0.5,5,0.69,1.38,,yes
usa,"MicroEsim","United States eSIM - 5 Days / Total 1GB",1,5,1.38,1.38,,yes
usa,"Bloomy eSIM","United States Unlimited (1GB/day) 1 Day",1,1,1.38,1.38,,yes
usa,"abesteSIM","eSIM US &amp; Canada - 1 Day / Daily 1GB",1,1,1.3829737148509544,1.383,,yes
usa,"TravelGator eSIM","United States eSIM Roaming Data",1,15,1.3907871256693216,1.391,,no
usa,"Stellar eSim","North America 1GB 7Days + Free Stellar VPN",1,7,1.39906227,1.399,,no
usa,"AlpineSIM","AlpineSIM United States - 500MB / 7 Days",0.5,7,0.7,1.4,,yes
usa,"EZsim","USA (ATT+Verizon) - 1GB/7Days",1,7,1.4,1.4,,no
usa,"ESIM888","USA (ATT+Verizon) (1GB/7DAYS)",1,7,1.4,1.4,,no
usa,"Yoho Mobile","US eSIM 1GB/Day 1Day",1,1,1.4,1.4,,yes
usa,"Ozly eSIM","United States 1GB 7Days (USIP)",1,7,1.4,1.4,,yes
usa,"Textr eSIM","United States 1GB",1,7,1.41,1.41,,no
usa,"Superalink","United States - Regular",0.5,7,0.71,1.42,,yes
usa,"ASIMGO","eSIM United States - Local IP - 10 Days / Total 1GB",1,10,1.42,1.42,,yes
usa,"Esoim","United States eSIM 1 GB (1 Days)",1,1,1.42181125,1.422,,no
usa,"GoMoWorld","United States",9,30,12.99,1.443,,no
usa,"abesteSIM","eSIM United States (Local IP) - 30 Days / Total 1GB",1,30,1.4454810013978905,1.445,,yes
usa,"Billion Connect","USA eSIM 3 Days 1GB",1,3,1.45,1.45,,yes
usa,"ASIMGO","eSIM United States - 1 Day / Daily 1GB",1,1,1.45,1.45,,yes
usa,"Bloomy eSIM","United States Unlimited (1GB/day) 1 Day",1,1,1.45,1.45,,yes
usa,"MicroEsim","US &amp; Canada eSIM - 1 Day / Daily 1GB",1,1,1.46,1.46,,yes
usa,"LimitSIM","United States 1GB/Day",1,1,1.46730921,1.467,,yes
usa,"ASIMGO","eSIM United States - Local IP - 15 Days / Total 1GB",1,15,1.49,1.49,,yes
usa,"SimSmash","United States 1GB for 7 Days",1,7,1.49,1.49,,yes
usa,"MegaEsim","United States (USA) 1 GB, 7 days",1,7,1.49,1.49,,yes
usa,"MicroEsim","United States eSIM - 7 Days / Total 1GB",1,7,1.49,1.49,,yes
usa,"MoodSIM","USA 1 GB 7 Days",1,7,1.49,1.49,,yes
usa,"MoodSIM","USA Unlimited (1 GB/day, then 512 Kbps) 1 Day",1,1,1.49,1.49,,yes
usa,"MoodSIM","USA Unlimited (1 GB/day, then 1 Mbps) 1 Day",1,1,1.49,1.49,,yes
usa,"MoodSIM","USA 500 MB 7 Days",0.5,7,0.75,1.5,,yes
usa,"iRoamly","United States-eSIM-1GB-1 Day-Daily",1,1,1.5,1.5,,yes
usa,"iRoamly","United States-eSIM-1GB-3 Days-Total",1,3,1.5,1.5,,yes
usa,"ASIMGO","eSIM US &amp; Canada - 1 Day / Daily 1GB",1,1,1.5,1.5,,yes
usa,"SeferESIM","United States 1GB/Day",1,1,1.5,1.5,,yes
usa,"Bloomy eSIM","United States 1GB 7 Days",1,7,1.5,1.5,,yes
usa,"SimOptions","United States 1GB",1,3,1.5,1.5,,no
usa,"RedEx eSIM","United States 1GB/Day",1,1,1.51,1.51,,yes
usa,"Connect Me Guru","United States 1GB/Day",1,1,1.53,1.53,,yes
usa,"4S eSIM","United States 1GB - 1 Day",1,1,1.54,1.54,,no
usa,"SparkRoam","USA · 1 GB · 7 days",1,7,1.54,1.54,,yes
usa,"Horizon eSIM","United States 500MB 7Days",0.5,7,0.77346532,1.547,,no
usa,"IbridMarket","United States 1GB/Day",1,1,1.55,1.55,,no
usa,"RedEx eSIM","United States 1GB/Day (USIP)",1,1,1.55,1.55,,yes
usa,"ASIMGO","eSIM United States - Local IP - 30 Days / Total 1GB",1,30,1.56,1.56,,yes
usa,"SeferESIM","United States 1GB/Day (USIP)",1,1,1.56,1.56,,yes
usa,"Connect Me Guru","United States 1GB/Day (USIP)",1,1,1.57,1.57,,yes
usa,"Superalink","United States - 500MB/day",0.5,1,0.79,1.58,,yes
usa,"MicroEsim","United States eSIM - 10 Days / Total 1GB",1,10,1.59,1.59,,yes
usa,"EscapeSIM","United States 1GB Stopover",1,7,1.59,1.59,,yes
usa,"4S eSIM","USA 1GB - 5 Days",1,5,1.59,1.59,,no
usa,"IbridMarket","United States 1GB/Day (USIP)",1,1,1.59,1.59,,no
usa,"mobineX","Unlimited Standard",1,1,1.6,1.6,,yes
usa,"Connect Me Guru","United States 1GB/Day FUP1Mbps",1,1,1.6,1.6,,yes
usa,"SeferESIM","United States 1GB/Day FUP1Mbps",1,1,1.6,1.6,,yes
usa,"LimitSIM","United States 1GB",1,7,1.61517758,1.615,,yes
usa,"IbridMarket","United States 1GB/Day FUP1Mbps",1,1,1.62,1.62,,no
usa,"eSIM4Travel","Global 72 - 1GB/7Days",1,7,1.62,1.62,,yes
usa,"Stellar eSim","North America (3 areas) 750MB 7Days + Free Stellar VPN",0.75,7,1.22844492,1.638,,no
usa,"4S eSIM","United States 1GB - 7 Days",1,7,1.64,1.64,,no
usa,"Hiroaming","United States 1GB 7Days",1,7,1.64,1.64,,no
usa,"RedEx eSIM","1 GB - 7 Days",1,7,1.65,1.65,,no
usa,"Connect Me Guru","United States 1GB 7Days (USIP)",1,7,1.65,1.65,,yes
usa,"Yoho Mobile","45-Country eSIM 1GB/Day 1Day",1,1,1.65,1.65,,yes
usa,"abesteSIM","eSIM Global (66 Destinations) - 1 Day / Daily 1GB",1,1,1.6564430934937988,1.656,,yes
usa,"IbridMarket","United States 1GB 7Days (USIP)",1,7,1.66,1.66,,no
usa,"SeferESIM","United States 1GB 7Days (USIP)",1,7,1.66,1.66,,yes
usa,"MicroEsim","United States eSIM - 15 Days / Total 1GB",1,15,1.67,1.67,,yes
usa,"Yatelo","USA 1GB 7 Days",1,7,1.68,1.68,,yes
usa,"bndless","United States 1GB/Day",1,1,1.69,1.69,,yes
usa,"Landed eSIM","USA 1GB/day · 1 day",1,1,1.69,1.69,,yes
usa,"eSimy","United States - 1 GB - 7 Days",1,7,1.6947990099999999,1.695,,no
usa,"PRIeSIM","United States 1 GB · 7 days",1,7,1.6947990099999999,1.695,,no
usa,"MicroEsim","United States eSIM - 1 Day / Daily 500MB",0.5,1,0.85,1.7,,yes
usa,"iRoamly","United States-eSIM-1GB-5 Days-Total",1,5,1.7,1.7,,yes
usa,"Hiroaming","United States 500MB 7Days",0.5,7,0.91,1.82,,no
usa,"SeferESIM","United States 500MB/Day (USIP)",0.5,1,0.94,1.88,,yes
usa,"LimitSIM","United States 0.49GB",0.5,1,0.9440826699999999,1.881,,yes
usa,"Tripuck eSIM","United States 502 MB / 1 Days",0.5,1,0.97,1.932,,yes
usa,"ESIM.DOG 🐶","⚡️ [5G] North America (2 countries) - Best 5G Coverage (500MB/1Days) - Blue route",0.5,1,0.99,1.98,,yes
usa,"ESIM.DOG 🐶","⚡️ North America (3 countries) - Best Coverage (500MB/1Days) - Green route",0.5,1,0.99,1.98,,no
usa,"MoodSIM","USA Unlimited (500 MB/day, then 512 Kbps) 1 Day",0.5,1,0.99,1.98,,yes
usa,"Tripuck eSIM","United States 502 MB / 7 Days",0.5,7,1,1.992,,yes
usa,"SeferESIM","United States 500MB 7Days",0.5,7,1,2,,yes
usa,"Bloomy eSIM","United States 500MB 7 Days",0.5,7,1,2,,yes
usa,"LimitSIM","United States 500MB 7Days",0.5,7,1.00095512,2.002,,yes
usa,"ASIMGO","eSIM US &amp; Canada - 1 Day / Daily 500MB",0.5,1,1.01,2.02,,yes
usa,"bndless","United States 500MB/Day (USIP)",0.5,1,1.06,2.12,,yes
usa,"RedEx eSIM","United States 500MB/Day (USIP)",0.5,1,1.06,2.12,,yes
usa,"ESIM.DOG 🐶","⚡️ [5G] North America (2 countries) - Best 5G Coverage (500MB/3Days) - Black route",0.5,3,1.07,2.14,,yes
usa,"ESIM.DOG 🐶","⚡️ [5G] North America (2 countries) - Best 5G Coverage (500MB/5Days) - Black route",0.5,5,1.07,2.14,,yes
usa,"ESIM.DOG 🐶","⚡️ [5G] North America (2 countries) - Best 5G Coverage (500MB/7Days) - Black route",0.5,7,1.07,2.14,,yes
usa,"eSIM4Travel","USA (AT&amp;T, T-Mobile) - 500MB/1Days",0.5,1,1.08,2.16,,yes
usa,"Connect Me Guru","United States 500MB/Day (USIP)",0.5,1,1.11,2.22,,yes
usa,"bndless","United States 500MB 7Days",0.5,7,1.13,2.26,,yes
usa,"Connect Me Guru","United States 500MB 7Days",0.5,7,1.15,2.3,,yes
usa,"IbridMarket","United States 500MB/Day (USIP)",0.5,1,1.16,2.32,,no
usa,"ASIMGO","eSIM America (20 Destinations) - 1 Day / Daily 500MB",0.5,1,1.17,2.34,,yes
usa,"AlpineSIM","AlpineSIM United States - 500MB/Day / 1 Days",0.5,1,1.18,2.36,,yes
usa,"Landed eSIM","USA 500MB/day · 1 day",0.5,1,1.19,2.38,,yes
usa,"Voyasim","United States 500MB 7Days",0.5,7,1.2,2.4,,yes
usa,"IbridMarket","United States 500MB 7Days",0.5,7,1.2,2.4,,no
usa,"Voyasim","United States 500MB/Day (USIP)",0.5,1,1.2,2.4,,yes
usa,"MicroEsim","US &amp; Canada eSIM - 1 Day / Daily 500MB",0.5,1,1.21,2.42,,yes
usa,"SimSmash","United States Daily Unlimited 0.49GB/day for 1 Days",0.49,1,1.19,2.429,,yes
usa,"ASIMGO","eSIM World - 45 Countries - 1 Day / Daily 500MB",0.5,1,1.24,2.48,,yes
usa,"eSIMNow","United States 500MB 7Days",0.5,7,1.25,2.5,,yes
usa,"eSIM4Travel","USA (AT&amp;T, Verizon) - 500MB/1Days",0.5,1,1.26,2.52,,yes
usa,"Tripuck eSIM","North America 502 MB / 1 Days",0.5,1,1.31,2.61,,no
usa,"ESIM.DOG 🐶","⚡️ [5G] North America (2 countries) - Best 5G Coverage (500MB/10Days) - Black route",0.5,10,1.33,2.66,,yes
usa,"ESIM.DOG 🐶","⚡️ [5G] North America (2 countries) - Best 5G Coverage (500MB/15Days) - Black route",0.5,15,1.33,2.66,,yes
usa,"ESIM.DOG 🐶","⚡️ [5G] North America (2 countries) - Best 5G Coverage (500MB/20Days) - Black route",0.5,20,1.33,2.66,,yes
usa,"ESIM.DOG 🐶","⚡️ [5G] North America (2 countries) - Best 5G Coverage (500MB/30Days) - Black route",0.5,30,1.33,2.66,,yes
usa,"ASIMGO","eSIM North America (US &amp; Canada &amp; Mexico) - 1 Day / Total 200MB",0.2,1,0.54,2.7,,yes
usa,"ASIMGO","eSIM United States - 1 Day / Total 200MB",0.2,1,0.54,2.7,,yes
usa,"Superalink","United States - 500MB/day",0.5,3,1.39,2.78,,yes
usa,"MicroEsim","North America (US &amp; Canada &amp; Mexico) eSIM 5G - 1 Day / Daily 500MB",0.5,1,1.42,2.84,,yes
usa,"AlpineSIM","AlpineSIM United States - 100MB / 7 Days",0.1,7,0.29,2.9,,yes
usa,"AlpineSIM","AlpineSIM USA &amp; Canada - 500MB/Day / 1 Days",0.5,1,1.48,2.96,,yes
usa,"ESIM.DOG 🐶","⚡️ [5G] Verizon/AT&amp;T United States - Best Unlimited 5G Coverage - Blue route",0.5,1,1.48,2.96,,yes
usa,"LATAM Travellers","United States eSIM - 500MB / 7 Days",0.5,7,1.48,2.96,,no
usa,"PuraSIM","United States 500MB 7Days",0.5,7,1.49,2.98,,yes
usa,"MoodSIM","USA Unlimited (500 MB/day, then 512 Kbps) 1 Day",0.5,1,1.49,2.98,,yes
usa,"abesteSIM","eSIM United States (Local IP) - 3 Days / Daily 500MB",0.5,3,1.5001748771264591,3,,yes
usa,"Govora","United States 500MB 7Days",0.49,7,1.49,3.041,,no
usa,"AirPlans","United States 500MB 1 Day",0.5,1,1.53,3.06,,yes
usa,"Horizon eSIM","United States 100MB 7Days",0.1,7,0.30711123,3.071,,no
usa,"AlpineSIM","AlpineSIM North America - 500MB/Day / 1 Days",0.5,1,1.54,3.08,,yes
usa,"Hiroaming","United States 500MB/Day",0.5,1,1.56,3.12,,no
usa,"abesteSIM","eSIM United States - 3 Days / Daily 500MB",0.5,3,1.5704955744917617,3.141,,yes
usa,"LATAM Travellers","United States eSIM - 500MB / Day",0.5,1,1.59,3.18,,no
usa,"LimitSIM","North America 0.49GB",0.5,1,1.61517758,3.217,,no
usa,"MicroEsim","United States eSIM - 3 Days / Daily 500MB",0.5,3,1.61,3.22,,yes
usa,"ASIMGO","eSIM United States - Local IP - 3 Days / Daily 500MB",0.5,3,1.61,3.22,,yes
usa,"ESIM.DOG 🐶","⚡️ [5G] Latin America (11 countries) - Best 5G Coverage (500MB/1Days) - Pink route",0.5,1,1.61,3.22,,no
usa,"MegaEsim","North America 490 MB, 1 day",0.49,1,1.58,3.224,,no
usa,"Connect Me Guru","United States 500MB/Day",0.5,1,1.69,3.38,,yes
usa,"IbridMarket","United States 500MB/Day",0.5,1,1.7,3.4,,no
usa,"eSIM2Me","United States 500MB 7Days",0.5,7,1.7,3.4,,yes
usa,"MoodSIM","USA 100 MB 7 Days",0.1,7,0.49,4.9,,yes
usa,"ESIM.DOG 🐶","⚡️ [5G] Global (202 countries) - Best 5G Coverage (300MB/3Days) - Yellow route",0.3,3,1.49,4.967,,yes
usa,"Voyasim","United States 100MB 7Days",0.1,7,0.5,5,,yes
usa,"MicroEsim","North America (US &amp; Canada &amp; Mexico) eSIM 5G - 1 Day / Total 200MB",0.2,1,1.01,5.05,,yes
usa,"MicroEsim","US &amp; Canada eSIM - 1 Day / Total 200MB",0.2,1,1.01,5.05,,yes
usa,"Tripuck eSIM","Global 297 MB / 3 Days",0.3,3,1.5,5.051,,yes
usa,"Stellar eSim","United States 100MB 7Days + Free Stellar VPN",0.1,7,0.52322654,5.232,,no
usa,"eSIM4Travel","USA (AT&amp;T, Verizon) - 100MB/1Days",0.1,1,0.54,5.4,,yes
usa,"Hiroaming","United States 100MB 7Days",0.1,7,0.55,5.5,,no
usa,"Truely","United States - 300MB, 2 days",0.3,2,1.69,5.633,,yes
usa,"ESIM.DOG 🐶","⚡️ [5G] AT&amp;T United States - Best 5G Coverage (100MB/30Days) - Black route",0.1,30,0.59,5.9,,yes
usa,"SeferESIM","United States 100MB 7Days",0.1,7,0.6,6,,yes
usa,"LimitSIM","United States 100MB 7Days",0.1,7,0.60284797,6.028,,yes
usa,"Superalink","United States - Regular",0.1,1,0.61,6.1,,yes
usa,"Superalink","United States - Regular",0.1,3,0.63,6.3,,yes
usa,"Superalink","United States - Regular",0.1,5,0.65,6.5,,yes
usa,"Superalink","United States - Regular",0.1,7,0.67,6.7,,yes
usa,"bndless","United States 100MB 7Days",0.1,7,0.68,6.8,,yes
usa,"Bloomy eSIM","United States 100MB 7 Days",0.1,7,0.7,7,,yes
usa,"Tripuck eSIM","United States 102 MB / 7 Days",0.1,7,0.8,7.843,,yes
usa,"Connect Me Guru","United States 100MB 7Days",0.1,7,0.85,8.5,,yes
usa,"Roamix","United States 100MB 7Days",0.1,7,0.85,8.5,,yes
usa,"LATAM Travellers","United States eSIM - 100MB / 7 Days",0.1,7,0.86,8.6,,no
usa,"eSIMNow","United States 100MB 7Days",0.1,7,0.91,9.1,,yes
usa,"IbridMarket","United States 100MB 7Days",0.1,7,0.92,9.2,,no
usa,"ESIM.DOG 🐶","⚡️ [5G] AT&amp;T United States - Best 5G Coverage (100MB/90Days) - Black route",0.1,90,0.98,9.8,,yes
usa,"ESIM.DOG 🐶","⚡️ [5G] North America (2 countries) - Best 5G Coverage (100MB/3Days) - Black route",0.1,3,0.98,9.8,,yes
usa,"ESIM.DOG 🐶","⚡️ [5G] North America (2 countries) - Best 5G Coverage (100MB/5Days) - Black route",0.1,5,0.98,9.8,,yes
usa,"ESIM.DOG 🐶","⚡️ [5G] North America (2 countries) - Best 5G Coverage (100MB/7Days) - Black route",0.1,7,0.98,9.8,,yes
usa,"ESIM.DOG 🐶","⚡️ [5G] North America (2 countries) - Best 5G Coverage (100MB/10Days) - Black route",0.1,10,0.98,9.8,,yes
usa,"ESIM.DOG 🐶","⚡️ [5G] North America (2 countries) - Best 5G Coverage (100MB/15Days) - Black route",0.1,15,0.98,9.8,,yes
usa,"ESIM.DOG 🐶","⚡️ [5G] North America (2 countries) - Best 5G Coverage (100MB/20Days) - Black route",0.1,20,0.98,9.8,,yes
usa,"ESIM.DOG 🐶","⚡️ [5G] North America (2 countries) - Best 5G Coverage (100MB/30Days) - Black route",0.1,30,0.98,9.8,,yes
usa,"StaffTraveler eSIM","StaffTraveler eSIM 100 MB",0.1,365,0.99,9.9,,no
usa,"Zwitchy","United States · 100 MB · 1 day",0.1,1,1,10,,yes
usa,"DashRoam","United States 100MB 7Days",0.1,7,1.45,14.5,,yes
usa,"merdata","eSIM USA 100 MB 7 days",0.1,7,1.470957924283237,14.71,,no
usa,"ESIM.DOG 🐶","⚡️ [5G] AT&amp;T United States - Best 5G Coverage (100MB/1Days) - Black route",0.1,1,1.49,14.9,,yes
usa,"PuraSIM","United States 100MB 7Days",0.1,7,1.49,14.9,,yes
usa,"PikaSim","United States 100MB 7Days",0.1,7,1.5,15,,no
usa,"Simsima","United States 100MB 7Days",0.1,7,1.5,15,,yes
vietnam,"abesteSIM","eSIM Vietnam (Local IP) - 1 Day / Daily 2GB",2,1,0.625072865469358,0.313,,no
vietnam,"ESIM.DOG 🐶","⚡️ [5G] Vinaphone Vietnam - Best 5G Coverage (5GB/1Days) - Black route",5,1,1.61,0.322,,yes
vietnam,"ESIM.DOG 🐶","🛜 Vinaphone Vietnam - Essential Coverage (5GB/3Days) - Amber route",5,3,1.61,0.322,,yes
vietnam,"abesteSIM","eSIM Vietnam (Local IP) - 3 Days / Total 5GB",5,3,1.6251894502203308,0.325,,no
vietnam,"ESIM.DOG 🐶","🛜 Vinaphone Vietnam - Essential Coverage (3GB/15Days) - Amber route",3,15,0.98,0.327,,yes
vietnam,"ESIM.DOG 🐶","🛜 Vinaphone Vietnam - Essential Coverage (3GB/7Days) - Amber route",3,7,0.98,0.327,,yes
vietnam,"ESIM.DOG 🐶","🛜 Vinaphone Vietnam - Essential Coverage (3GB/3Days) - Amber route",3,3,0.98,0.327,,yes
vietnam,"ESIM.DOG 🐶","🛜 Vinaphone Vietnam - Essential Coverage (3GB/5Days) - Amber route",3,5,0.98,0.327,,yes
vietnam,"ESIM.DOG 🐶","🛜 Vinaphone Vietnam - Essential Coverage (3GB/10Days) - Amber route",3,10,0.98,0.327,,yes
vietnam,"ESIM.DOG 🐶","🛜 Vinaphone Vietnam - Essential Coverage (3GB/12Days) - Amber route",3,12,0.98,0.327,,yes
vietnam,"ESIM.DOG 🐶","🛜 Vinaphone Vietnam - Essential Coverage (3GB/14Days) - Amber route",3,14,0.98,0.327,,yes
vietnam,"ESIM.DOG 🐶","🛜 Vinaphone Vietnam - Essential Coverage (3GB/20Days) - Amber route",3,20,0.98,0.327,,yes
vietnam,"Stellar eSim","Vietnam 3GB 20Days + Free Stellar VPN",3,20,0.98958063,0.33,,no
vietnam,"ESIM.DOG 🐶","🛜 Vinaphone Vietnam - Essential Coverage (3GB/30Days) - Amber route",3,30,1.09,0.363,,yes
vietnam,"ESIM.DOG 🐶","🛜 Vinaphone Vietnam - Essential Coverage (3GB/21Days) - Amber route",3,21,1.09,0.363,,yes
vietnam,"ESIM.DOG 🐶","🛜 Vinaphone Vietnam - Essential Coverage (3GB/25Days) - Amber route",3,25,1.09,0.363,,yes
vietnam,"Stellar eSim","Vietnam 3GB 30Days + Free Stellar VPN",3,30,1.10332553,0.368,,no
vietnam,"ESIM.DOG 🐶","⚡️ [5G] Vinaphone Vietnam - Best 5G Coverage (4GB/1Days) - Black route",4,1,1.61,0.403,,yes
vietnam,"abesteSIM","eSIM Vietnam (Local IP) - 1 Day / Daily 3GB",3,1,1.2892127850305508,0.43,,no
vietnam,"abesteSIM","eSIM Vietnam (Local IP) - 3 Days / Total 3GB",3,3,1.2892127850305508,0.43,,no
vietnam,"Stellar eSim","Vietnam eSIM Unlimited - 1 day",3,1,1.29669186,0.432,,no
vietnam,"Stellar eSim","Vietnam 3GB 15Days + Free Stellar VPN",3,15,1.34218982,0.447,,no
vietnam,"abesteSIM","eSIM Vietnam (Local IP) - 1 Day / Daily 1GB",1,1,0.46880464910201847,0.469,,no
vietnam,"ESIM.DOG 🐶","🛜 Vinaphone Vietnam - Essential Coverage (2GB/15Days) - Amber route",2,15,0.98,0.49,,yes
vietnam,"ESIM.DOG 🐶","🛜 Vinaphone Vietnam - Essential Coverage (2GB/14Days) - Amber route",2,14,0.98,0.49,,yes
vietnam,"ESIM.DOG 🐶","🛜 Vinaphone Vietnam - Essential Coverage (2GB/20Days) - Amber route",2,20,0.98,0.49,,yes
vietnam,"Tripuck eSIM","Vietnam 3 GB / 3 Days",3,3,1.47,0.49,,yes
vietnam,"abesteSIM","eSIM Vietnam (Local IP) - 5 Days / Total 3GB",3,5,1.476734644671358,0.492,,no
vietnam,"Superalink","Vietnam - 3GB/day",3,1,1.49,0.497,,yes
vietnam,"abesteSIM","eSIM Vietnam (Local IP) - 7 Days / Total 3GB",3,7,1.6251894502203308,0.542,,no
vietnam,"ESIM.DOG 🐶","🛜 Vinaphone Vietnam - Essential Coverage (2GB/30Days) - Amber route",2,30,1.09,0.545,,yes
vietnam,"abesteSIM","eSIM Vietnam - 1 Day / Daily 2GB",2,1,1.1016909253897433,0.551,,no
vietnam,"abesteSIM","eSIM Vietnam - 7 Days / Total 3GB",3,7,1.6564430934937988,0.552,,no
vietnam,"Tripuck eSIM","Vietnam 3 GB / 5 Days",3,5,1.66,0.553,,yes
vietnam,"thirr.com","VN 3GB 30D",3,30,1.68342452,0.561,,yes
vietnam,"ESIM.DOG 🐶","⚡️ Best Coverage in Vietnam (1GB/1Days) - Pink route",1,1,0.58,0.58,,no
vietnam,"ESIM.DOG 🐶","⚡️ [5G] Asia (5 countries) - Best 5G Coverage (1GB/1Days) - Pink route",1,1,0.58,0.58,,no
vietnam,"ASIMGO","eSIM Southeast Asia - 5 Countries - 1 Day / Daily 1GB",1,1,0.59,0.59,,yes
vietnam,"ESIM.DOG 🐶","⚡️ [5G] Asia (5 countries) - Best 5G Coverage (2GB/1Days) - Pink route",2,1,1.25,0.625,,no
vietnam,"Tripuck eSIM","Southeast Asia 2 GB/day / 1 Days",2,1,1.26,0.63,,yes
vietnam,"Superalink","Vietnam - 2GB/day",2,1,1.39,0.695,,yes
vietnam,"Billion Connect","Vietnam eSIM 1 Day 2GB/Day",2,1,1.4,0.7,,yes
vietnam,"MicroEsim","Vietnam eSIM - Vinaphone, Viettel, Mobifone - 1 Day / Daily 2GB",2,1,1.41,0.705,,yes
vietnam,"MicroEsim","Southeast Asia eSIM 5 Countries - 1 Day / Daily 2GB",2,1,1.46,0.73,,yes
vietnam,"RedEx eSIM","Unlimited Data - 1 Days (2 GB / 384 KBPS)",2,1,1.46,0.73,,no
vietnam,"RedEx eSIM","Unlimited Data - 1 Days (2 GB / 128 KBPS)",2,1,1.49,0.745,,no
vietnam,"Superalink","Vietnam - Regular",1,1,0.75,0.75,,yes
vietnam,"MicroEsim","Vietnam eSIM Vinaphone - Local IP + Data Only - 1 Day / Daily 2GB",2,1,1.5,0.75,,yes
vietnam,"Superalink","Vietnam - Regular",2,1,1.51,0.755,,yes
vietnam,"ESIM.DOG 🐶","⚡️ [5G] Vinaphone Vietnam - Best 5G Coverage (1GB/3Days) - Black route",1,3,0.76,0.76,,yes
vietnam,"Superalink","Vietnam - Regular",2,3,1.53,0.765,,yes
vietnam,"Superalink","Vietnam - Regular",1,3,0.77,0.77,,yes
vietnam,"ASIMGO","eSIM Vietnam - Local IP - 1 Day / Daily 2GB",2,1,1.54,0.77,,yes
vietnam,"ESIM.DOG 🐶","⚡️ [5G] Vinaphone Vietnam - Best 5G Coverage (1GB/5Days) - Black route",1,5,0.78,0.78,,yes
vietnam,"Superalink","Vietnam - Regular",2,5,1.57,0.785,,yes
vietnam,"Superalink","Vietnam - Regular",1,5,0.79,0.79,,yes
vietnam,"mobineX","Unlimited Standard",1,1,0.8,0.8,,yes
vietnam,"Superalink","Vietnam - Regular",2,7,1.6,0.8,,yes
vietnam,"ESIM.DOG 🐶","⚡️ [5G] MobiFone Vietnam &amp; more - Best 5G Coverage (1GB/7Days) - Blue route",1,7,0.81,0.81,,yes
vietnam,"Superalink","Vietnam - Regular",2,10,1.62,0.81,,yes
vietnam,"Superalink","Vietnam - Regular",1,7,0.82,0.82,,yes
vietnam,"ESIM.DOG 🐶","⚡️ [5G] Vinaphone Vietnam - Best 5G Coverage (1GB/10Days) - Black route",1,10,0.82,0.82,,yes
vietnam,"Superalink","Vietnam - Regular",2,15,1.64,0.82,,yes
vietnam,"abesteSIM","eSIM Southeast Asia (5 Countries) - 1 Day / Daily 2GB",2,1,1.6408162718570647,0.82,,yes
vietnam,"Superalink","Vietnam - Regular",1,10,0.83,0.83,,yes
vietnam,"Superalink","Vietnam - Regular",2,20,1.66,0.83,,yes
vietnam,"Tripuck eSIM","Vietnam 2 GB/day / 2 Days",2,2,1.66,0.83,,yes
vietnam,"ESIM.DOG 🐶","⚡️ [5G] Asia (5 countries) - Best 5G Coverage (1.5GB/1Days) - Pink route",1.5,1,1.25,0.833,,no
vietnam,"ESIM.DOG 🐶","⚡️ [5G] Vinaphone Vietnam - Best 5G Coverage (1GB/15Days) - Black route",1,15,0.84,0.84,,yes
vietnam,"Superalink","Vietnam - Regular",2,30,1.68,0.84,,yes
vietnam,"TravelGator eSIM","Vietnam eSIM Roaming Data",2,1,1.6876967367672666,0.844,,no
vietnam,"Superalink","Vietnam - Regular",1,15,0.85,0.85,,yes
vietnam,"ESIM.DOG 🐶","⚡️ [5G] Vinaphone Vietnam - Best 5G Coverage (1GB/20Days) - Black route",1,20,0.85,0.85,,yes
vietnam,"Billion Connect","Southeast Asia eSIM [5 Countries] 1 Day 2GB/Day",2,1,1.7,0.85,,yes
vietnam,"abesteSIM","eSIM Asia+Europe 52 Regions - 1 Day / Daily 500MB",0.5,1,0.42973759501018366,0.859,,yes
vietnam,"abesteSIM","eSIM Vietnam - 1 Day / Daily 500MB",0.5,1,0.42973759501018366,0.859,,no
vietnam,"abesteSIM","eSIM Southeast Asia (5 Countries) - 1 Day / Daily 500MB",0.5,1,0.42973759501018366,0.859,,yes
vietnam,"abesteSIM","eSIM Global (66 Destinations) - 1 Day / Daily 500MB",0.5,1,0.42973759501018366,0.859,,yes
vietnam,"Superalink","Vietnam - Regular",1,20,0.86,0.86,,yes
vietnam,"ESIM.DOG 🐶","⚡️ [5G] Vinaphone Vietnam - Best 5G Coverage (1GB/30Days) - Black route",1,30,0.86,0.86,,yes
vietnam,"Superalink","Vietnam - Regular",1,30,0.87,0.87,,yes
vietnam,"ESIM888","Vietnam (1GB/7DAYS)",1,7,0.9,0.9,,no
vietnam,"Billion Connect","Vietnam eSIM 3 Days 1GB",1,3,0.9,0.9,,yes
vietnam,"eSIM4Travel","South Asia 5 (Singapore, Malaysia, Thailand, Indonesia, Vietnam) - 1GB/7Days",1,7,0.93,0.93,,yes
vietnam,"TravelGator eSIM","Vietnam eSIM Roaming Data",1,1,0.9376092982040369,0.938,,no
vietnam,"MicroEsim","Vietnam eSIM Vinaphone - Local IP + Data Only - 1 Day / Daily 1GB",1,1,0.94,0.94,,yes
vietnam,"Horizon eSIM","Vietnam 1GB 7Days",1,7,0.9440826699999999,0.944,,no
vietnam,"MicroEsim","Vietnam eSIM - Vinaphone, Viettel, Mobifone - 1 Day / Daily 1GB",1,1,0.95,0.95,,yes
vietnam,"abesteSIM","eSIM Asia (27 Regions, Support Tiktok) - 1 Day / Daily 500MB",0.5,1,0.4766180599203855,0.953,,yes
vietnam,"abesteSIM","eSIM Vietnam - 1 Day / Daily 1GB",1,1,0.953236119840771,0.953,,no
vietnam,"MicroEsim","Vietnam eSIM - Vinaphone, Viettel, Mobifone - 1 Day / Daily 1GB",1,1,0.96,0.96,,yes
vietnam,"MicroEsim","Southeast Asia eSIM 5 Countries - 1 Day / Daily 1GB",1,1,0.99,0.99,,yes
vietnam,"Orbit Mobile","Global Pass",1,1,1,1,,no
vietnam,"Billion Connect","Vietnam eSIM 1 Day 1GB/Day",1,1,1,1,,yes
vietnam,"Stellar eSim","Vietnam 1GB 7Days + Free Stellar VPN",1,7,1.01232961,1.012,,no
vietnam,"Yesim","South East Asia",0.5,1,0.51185205,1.024,,yes
vietnam,"Stellar eSim","Asia (7 areas) 1GB 7Days + Free Stellar VPN",1,7,1.05782757,1.058,,no
vietnam,"eSIM4Travel","Vietnam (Viettel, Vinaphone, Mobifone) - 500MB/1Days",0.5,1,0.53,1.06,,yes
vietnam,"abesteSIM","eSIM Global (23 Destinations) - 1 Day / Daily 500MB",0.5,1,0.5391253464673212,1.078,,yes
vietnam,"ASIMGO","eSIM Vietnam - Local IP - 1 Day / Daily 500MB",0.5,1,0.54,1.08,,yes
vietnam,"Ubigi","",10,7,10.9,1.09,,yes
vietnam,"Superalink","Vietnam - 1GB/day",1,1,1.09,1.09,,yes
vietnam,"ASIMGO","eSIM Southeast Asia - 5 Countries - 1 Day / Daily 500MB",0.5,1,0.55,1.1,,yes
vietnam,"ESIM.DOG 🐶","⚡️ [5G] MobiFone Vietnam &amp; more - Best 5G Coverage (500MB/7Days) - Blue route",0.5,7,0.55,1.1,,yes
vietnam,"ESIM.DOG 🐶","⚡️ [5G] Vinaphone Vietnam - Best 5G Coverage (500MB/7Days) - Black route",0.5,7,0.55,1.1,,yes
vietnam,"Stellar eSim","Vietnam 1GB 7Days (nonhkip) + Free Stellar VPN",1,7,1.10332553,1.103,,no
vietnam,"Tripuck eSIM","Southeast Asia 1 GB / 7 Days",1,7,1.11,1.11,,yes
vietnam,"eSIM4Travel","Vietnam (Viettel, Vinaphone, Mobifone) - 1GB/1Days",1,1,1.11,1.11,,yes
vietnam,"Horizon eSIM","Vietnam 500MB 7Days",0.5,7,0.55735001,1.115,,no
vietnam,"ASIMGO","eSIM Asia&amp;Europe - 54 Countries - 1 Day / Daily 500MB",0.5,1,0.56,1.12,,yes
vietnam,"MicroEsim","Vietnam eSIM - Vinaphone, Viettel, Mobifone - 5 Days / Total 1GB",1,5,1.13,1.13,,yes
vietnam,"Tripuck eSIM","Vietnam 1 GB/day / 1 Days",1,1,1.15,1.15,,yes
vietnam,"eSIM4Travel","Vietnam (Viettel, Vinaphone, Mobifone) - 1GB/7Days",1,7,1.15,1.15,,yes
vietnam,"abesteSIM","eSIM Vietnam - 5 Days / Total 1GB",1,5,1.1641982119366792,1.164,,yes
vietnam,"Yoho Mobile","12-Country eSIM 1GB 7Day",1,7,1.18,1.18,,yes
vietnam,"Yoho Mobile","VN eSIM 1GB 7Day",1,7,1.18,1.18,,yes
vietnam,"Yoho Mobile","9-Country eSIM 1GB 7Day",1,7,1.18,1.18,,yes
vietnam,"Yoho Mobile","10-Country eSIM 1GB 7Day",1,7,1.18,1.18,,yes
vietnam,"Yoho Mobile","5-Country eSIM 1GB 7Day",1,7,1.18,1.18,,yes
vietnam,"Yoho Mobile","VN eSIM 1GB/Day 1Day",1,1,1.19,1.19,,yes
vietnam,"EZsim","Vietnam - 1GB/7Days",1,7,1.2,1.2,,no
vietnam,"mobineX","Unlimited Standard",1,1,1.2,1.2,,yes
vietnam,"Roaming4You","Vietnam Unlimited Data - 1 Day",1,1,1.2,1.2,,yes
vietnam,"Billion Connect","Southeast Asia eSIM [5 Countries] 1 Day 1GB/Day",1,1,1.2,1.2,,yes
vietnam,"ASIMGO","eSIM Vietnam - Local IP - 1 Day / Daily 1GB",1,1,1.22,1.22,,yes
vietnam,"AlpineSIM","AlpineSIM Vietnam - 1GB / 7 Days",1,7,1.22,1.22,,yes
vietnam,"abesteSIM","eSIM Southeast Asia (5 Countries) - 1 Day / Daily 1GB",1,1,1.226705498483615,1.227,,yes
vietnam,"abesteSIM","eSIM Vietnam (Local IP) - 3 Days / Daily 1GB",1,3,1.2892127850305508,1.289,,no
vietnam,"abesteSIM","eSIM Asia+Europe 52 Regions - 1 Day / Daily 1GB",1,1,1.2892127850305508,1.289,,yes
vietnam,"MegaEsim","Vietnam 1 GB, 1 day",1,1,1.29,1.29,,yes
vietnam,"MegaEsim","Vietnam Unlimited, 1 day (1 GB/day full speed)",1,1,1.29,1.29,,yes
vietnam,"AlpineSIM","AlpineSIM Vietnam - 1GB/Day / 1 Days",1,1,1.29,1.29,,yes
vietnam,"AlpineSIM","AlpineSIM Vietnam - 500MB / 7 Days",0.5,7,0.65,1.3,,yes
vietnam,"MicroEsim","Vietnam eSIM Vinaphone - Local IP + Data Only - 7 Days / Total 1GB",1,7,1.3,1.3,,yes
vietnam,"Billion Connect","Global eSIM [19 Regions] 3 Days 1GB",1,3,1.3,1.3,,yes
vietnam,"Tripuck eSIM","Vietnam 1 GB / 1 Days",1,1,1.3,1.3,,yes
vietnam,"Yoho Mobile","9-Country eSIM 1GB/Day 1Day",1,1,1.31,1.31,,yes
vietnam,"Yoho Mobile","5-Country eSIM 1GB/Day 1Day",1,1,1.31,1.31,,yes
vietnam,"Superalink","Vietnam - Regular",0.5,1,0.66,1.32,,yes
vietnam,"Tripuck eSIM","Vietnam 1 GB / 5 Days",1,5,1.32,1.32,,yes
vietnam,"TravelGator eSIM","Vietnam eSIM Roaming Data",1,3,1.3282798391223856,1.328,,no
vietnam,"Yoho Mobile","14-Country eSIM 1GB 7Day",1,7,1.34,1.34,,yes
vietnam,"Yoho Mobile","52-Country eSIM 1GB 7Day",1,7,1.34,1.34,,yes
vietnam,"Yoho Mobile","13-Country eSIM 1GB 7Day",1,7,1.34,1.34,,yes
vietnam,"AlpineSIM","AlpineSIM Asia (14 areas) - 1GB / 7 Days",1,7,1.34,1.34,,yes
vietnam,"Tripuck eSIM","Vietnam 1 GB / 7 Days",1,7,1.35,1.35,,yes
vietnam,"Superalink","Vietnam - Regular",0.5,3,0.68,1.36,,yes
vietnam,"abesteSIM","eSIM Asia (10 Regions) - 1 Day / Daily 1GB",1,1,1.3673468932142205,1.367,,yes
vietnam,"SimSmash","Vietnam 1GB for 7 Days",1,7,1.39,1.39,,yes
vietnam,"4S eSIM","Vietnam 1GB - 1 Day",1,1,1.39,1.39,,no
vietnam,"Tripuck eSIM","Multi-Region 1 GB / 7 Days",1,7,1.39,1.39,,no
vietnam,"TravelGator eSIM","Vietnam eSIM Roaming Data",1,5,1.3907871256693216,1.391,,no
vietnam,"MicroEsim","Vietnam eSIM Vinaphone - Local IP + Data Only - 1 Day / Daily 500MB",0.5,1,0.7,1.4,,yes
vietnam,"Superalink","Vietnam - Regular",0.5,5,0.7,1.4,,yes
vietnam,"MicroEsim","Vietnam eSIM - Vinaphone, Viettel, Mobifone - 1 Day / Daily 500MB",0.5,1,0.7,1.4,,yes
vietnam,"Ozly eSIM","Vietnam 1GB 7Days",1,7,1.4,1.4,,yes
vietnam,"ASIMGO","eSIM Asia&amp;Europe - 54 Countries - 1 Day / Daily 1GB",1,1,1.41,1.41,,yes
vietnam,"RedEx eSIM","1 GB - 7 Days",1,7,1.42,1.42,,no
vietnam,"Esoim","Vietnam eSIM 1 GB (1 Days)",1,1,1.42181125,1.422,,no
vietnam,"4S eSIM","Vietnam 1GB - 5 Days",1,5,1.43,1.43,,no
vietnam,"AlpineSIM","AlpineSIM Asia (14 areas) - 1GB/Day / 1 Days",1,1,1.43,1.43,,yes
vietnam,"AlpineSIM","AlpineSIM South East Asia (8 areas) - 1GB / 7 Days",1,7,1.43,1.43,,yes
vietnam,"Superalink","Vietnam - Regular",0.5,7,0.72,1.44,,yes
vietnam,"Yoho Mobile","10-Country eSIM 1GB/Day 1Day",1,1,1.44,1.44,,yes
vietnam,"Tripuck eSIM","Asia 1 GB / 7 Days",1,7,1.44,1.44,,yes
vietnam,"TravelGator eSIM","Vietnam eSIM Roaming Data",1,15,1.4454810013978905,1.445,,no
vietnam,"TravelGator eSIM","Vietnam eSIM Roaming Data",1,7,1.4454810013978905,1.445,,no
vietnam,"TravelGator eSIM","Vietnam eSIM Roaming Data",1,10,1.4454810013978905,1.445,,no
vietnam,"Bloomy eSIM","Vietnam Unlimited (1GB/day) 1 Day",1,1,1.45,1.45,,yes
vietnam,"Stellar eSim","Vietnam 750MB 7Days + Free Stellar VPN",0.75,7,1.0919510399999999,1.456,,no
vietnam,"4S eSIM","Vietnam 1GB - 7 Days",1,7,1.47,1.47,,no
vietnam,"SimSmash","Vietnam Daily Unlimited 1GB/day for 1 Days",1,1,1.48,1.48,,yes
vietnam,"MegaEsim","Vietnam 1 GB, 7 days",1,7,1.49,1.49,,yes
vietnam,"MoodSIM","Vietnam 1 GB 7 Days",1,7,1.49,1.49,,yes
vietnam,"MoodSIM","Vietnam Unlimited (1 GB/day, then 512 Kbps) 1 Day",1,1,1.49,1.49,,yes
vietnam,"MoodSIM","Vietnam Unlimited (1 GB/day, then 1 Mbps) 1 Day",1,1,1.49,1.49,,yes
vietnam,"MoodSIM","South East Asia 1 GB 7 Days",1,7,1.49,1.49,,yes
vietnam,"MoodSIM","Asia 1 GB 7 Days",1,7,1.49,1.49,,yes
vietnam,"EscapeSIM","Vietnam 1GB",1,5,1.49,1.49,,yes
vietnam,"MoodSIM","Vietnam 500 MB 7 Days",0.5,7,0.75,1.5,,yes
vietnam,"iRoamly","Vietnam-eSIM-1GB-1 Day-Daily",1,1,1.5,1.5,,no
vietnam,"mobineX","Unlimited Standard",1,1,1.5,1.5,,yes
vietnam,"Ozly eSIM","Asia (14 areas) 1GB 7Days",1,7,1.5,1.5,,yes
vietnam,"SimOptions","Vietnam 1GB",1,3,1.5,1.5,,no
vietnam,"Tripuck eSIM","Asia 1 GB / 7 Days",1,7,1.5,1.5,,yes
vietnam,"AlpineSIM","AlpineSIM South East Asia (8 areas) - 1GB/Day / 1 Days",1,1,1.53,1.53,,yes
vietnam,"Bloomy eSIM","Vietnam 1GB 7 Days",1,7,1.53,1.53,,yes
vietnam,"Tripuck eSIM","Asia 1 GB / 1 Days",1,1,1.54,1.54,,yes
vietnam,"Ozly eSIM","South East Asia (8 areas) 1GB 7Days",1,7,1.55,1.55,,yes
vietnam,"Superalink","Vietnam - 500MB/day",0.5,1,0.79,1.58,,yes
vietnam,"Connect Me Guru","Vietnam 1GB/Day FUP1Mbps",1,1,1.6,1.6,,yes
vietnam,"SeferESIM","Vietnam 1GB/Day FUP1Mbps",1,1,1.6,1.6,,yes
vietnam,"LimitSIM","Vietnam 1GB/Day",1,1,1.6038030899999998,1.604,,yes
vietnam,"Tripuck eSIM","Asia 1 GB / 1 Days",1,1,1.61,1.61,,yes
vietnam,"IbridMarket","Vietnam 1GB/Day FUP1Mbps",1,1,1.62,1.62,,no
vietnam,"eSIM4Travel","Global 72 - 1GB/7Days",1,7,1.62,1.62,,yes
vietnam,"4S eSIM","Asia+ 1GB - 1 Day",1,1,1.63,1.63,,no
vietnam,"Mi eSIM","Unlimited eSIM Data for 1 Day in Vietnam",1,1,1.6493010499999998,1.649,,yes
vietnam,"Mi eSIM","1GB eSIM Data for 5 Days in Vietnam",1,5,1.6493010499999998,1.649,,yes
vietnam,"Yoho Mobile","14-Country eSIM 1GB/Day 1Day",1,1,1.65,1.65,,yes
vietnam,"Yoho Mobile","15-Country eSIM 1GB/Day 1Day",1,1,1.65,1.65,,yes
vietnam,"Yoho Mobile","11-Country eSIM 1GB/Day 1Day",1,1,1.65,1.65,,yes
vietnam,"Yoho Mobile","12-Country eSIM 1GB/Day 1Day",1,1,1.65,1.65,,yes
vietnam,"abesteSIM","eSIM Global (66 Destinations) - 1 Day / Daily 1GB",1,1,1.6564430934937988,1.656,,yes
vietnam,"AlpineSIM","AlpineSIM Vietnam - 500MB/Day / 1 Days",0.5,1,0.83,1.66,,yes
vietnam,"MegaEsim","Southeast Asia 1 GB, 7 days",1,7,1.66,1.66,,no
vietnam,"Bloomy eSIM","Asia (14 areas) 1GB 7 Days",1,7,1.66,1.66,,yes
vietnam,"LimitSIM","Vietnam 1GB",1,7,1.66067554,1.661,,yes
vietnam,"Hiroaming","Vietnam 500MB 7Days",0.5,7,0.84,1.68,,no
vietnam,"4S eSIM","Asia+ 1GB - 5 Days",1,5,1.68,1.68,,no
vietnam,"Connect Me Guru","Vietnam 1GB 7Days",1,7,1.68,1.68,,yes
vietnam,"Yoho Mobile","14-Country eSIM 1GB/Day 1Day",1,1,1.68,1.68,,yes
vietnam,"IbridMarket","Vietnam 1GB 7Days",1,7,1.69,1.69,,no
vietnam,"Bloomy eSIM","Vietnam Unlimited (1GB/day) 1 Day",1,1,1.69,1.69,,yes
vietnam,"MicroEsim","Vietnam eSIM - Vinaphone, Viettel, Mobifone - 1 Day / Daily 500MB",0.5,1,0.85,1.7,,yes
vietnam,"Yatelo","VNM 1GB 7 Days",1,7,1.7,1.7,,yes
vietnam,"SeferESIM","Vietnam 1GB 7Days",1,7,1.7,1.7,,yes
vietnam,"Yesim","Vietnam",0.3,1,0.51185205,1.706,,yes
vietnam,"ESIM.DOG 🐶","⚡️ [5G] Vinaphone Vietnam - Best 5G Coverage (500MB/30Days) - Black route",0.5,30,0.86,1.72,,yes
vietnam,"ASIMGO","eSIM Asia (26 Regions, Support Tiktok) - 1 Day / Daily 500MB",0.5,1,0.88,1.76,,yes
vietnam,"MicroEsim","Southeast Asia eSIM 5 Countries - 1 Day / Daily 500MB",0.5,1,0.88,1.76,,yes
vietnam,"SeferESIM","Vietnam 500MB 7Days",0.5,7,0.92,1.84,,yes
vietnam,"LimitSIM","Vietnam 500MB 7Days",0.5,7,0.9213336900000001,1.843,,yes
vietnam,"Bloomy eSIM","Vietnam 500MB 7 Days",0.5,7,0.94,1.88,,yes
vietnam,"Stellar eSim","Vietnam 500MB 7Days + Free Stellar VPN",0.5,7,0.9440826699999999,1.888,,no
vietnam,"Tripuck eSIM","Vietnam 502 MB / 7 Days",0.5,7,0.96,1.912,,yes
vietnam,"eSIMX","Vietnam Daily 5GB 30Days",5,30,9.8,1.96,,yes
vietnam,"ASIMGO","eSIM Asia 22 Regions - 1 Day / Daily 500MB",0.5,1,0.99,1.98,,yes
vietnam,"MoodSIM","Vietnam Unlimited (500 MB/day, then 512 Kbps) 1 Day",0.5,1,0.99,1.98,,yes
vietnam,"Tripuck eSIM","Vietnam 502 MB / 1 Days",0.5,1,1.01,2.012,,yes
vietnam,"abesteSIM","eSIM Asia (10 Regions) - 1 Day / Total 200MB",0.2,1,0.4062973625550827,2.031,,yes
vietnam,"SeferESIM","Vietnam 500MB/Day (nonhkip)",0.5,1,1.02,2.04,,yes
vietnam,"bndless","Vietnam 500MB 7Days",0.5,7,1.04,2.08,,yes
vietnam,"Tripuck eSIM","Multi-Region 502 MB / 1 Days",0.5,1,1.07,2.131,,no
vietnam,"Superalink","Vietnam - 500MB/day",0.5,3,1.09,2.18,,yes
vietnam,"Connect Me Guru","Vietnam 500MB 7Days",0.5,7,1.1,2.2,,yes
vietnam,"abesteSIM","eSIM Vietnam - 3 Days / Daily 500MB",0.5,3,1.1016909253897433,2.203,,no
vietnam,"BambooSIM","Vietnam MobiFone eSIM (Single Use)",8,15,17.68,2.21,,yes
vietnam,"SimSmash","Vietnam Daily Unlimited 0.49GB/day for 1 Days",0.49,1,1.09,2.224,,yes
vietnam,"Hiroaming","Vietnam 500MB/Day",0.5,1,1.13,2.26,,no
vietnam,"LimitSIM","SEA 0.49GB",0.5,1,1.137449,2.266,,no
vietnam,"IbridMarket","Vietnam 500MB 7Days",0.5,7,1.14,2.28,,no
vietnam,"bndless","Vietnam 500MB/Day (nonhkip)",0.5,1,1.15,2.3,,yes
vietnam,"Connect Me Guru","Vietnam 500MB/Day (nonhkip)",0.5,1,1.17,2.34,,yes
vietnam,"eSIMNow","Vietnam 500MB 7Days",0.5,7,1.18,2.36,,no
vietnam,"Voyasim","Vietnam 500MB 7Days",0.5,7,1.2,2.4,,yes
vietnam,"IbridMarket","Vietnam 500MB/Day (nonhkip)",0.5,1,1.21,2.42,,no
vietnam,"SeferESIM","Vietnam 500MB/Day",0.5,1,1.24,2.48,,yes
vietnam,"AlpineSIM","AlpineSIM Asia (7 areas) - 500MB/Day / 1 Days",0.5,1,1.24,2.48,,yes
vietnam,"GIGAGO","Vietnam eSIM - 5GB/day (Vinaphone)",5,10,12.9,2.58,,yes
vietnam,"Landed eSIM","Vietnam 500MB/day · 1 day",0.5,1,1.29,2.58,,yes
vietnam,"Voyasim","Vietnam 500MB/Day (nonhkip)",0.5,1,1.3,2.6,,yes
vietnam,"MicroEsim","Vietnam eSIM - Vinaphone, Viettel, Mobifone - 3 Days / Daily 500MB",0.5,3,1.3,2.6,,yes
vietnam,"Connect Me Guru","Vietnam 500MB/Day",0.5,1,1.33,2.66,,yes
vietnam,"MicroEsim","Vietnam eSIM Vinaphone - Local IP + Data Only - 3 Days / Daily 500MB",0.5,3,1.35,2.7,,yes
vietnam,"Horizon eSIM","Vietnam 100MB 7Days",0.1,7,0.27298775999999997,2.73,,no
vietnam,"IbridMarket","Vietnam 500MB/Day",0.5,1,1.37,2.74,,no
vietnam,"Tripuck eSIM","Asia 502 MB / 1 Days",0.5,1,1.4,2.789,,yes
vietnam,"bndless","Vietnam 500MB/Day",0.5,1,1.4,2.8,,yes
vietnam,"ASIMGO","eSIM Vietnam - Local IP - 3 Days / Daily 500MB",0.5,3,1.43,2.86,,yes
vietnam,"AlpineSIM","AlpineSIM Vietnam - 100MB / 7 Days",0.1,7,0.29,2.9,,yes
vietnam,"eSIMNow","Vietnam 500MB/Day for 1 Day",0.5,1,1.45,2.9,,no
vietnam,"abesteSIM","eSIM Vietnam - 5 Days / Daily 500MB",0.5,5,1.476734644671358,2.953,,no
vietnam,"PuraSIM","Vietnam 500MB 7Days",0.5,7,1.49,2.98,,yes
vietnam,"Earth Esim","500MB/1 Day Vietnam 5G eSIM",0.5,1,1.49,2.98,,yes
vietnam,"MoodSIM","Vietnam Unlimited (500 MB/day, then 512 Kbps) 1 Day",0.5,1,1.49,2.98,,yes
vietnam,"MoodSIM","Asia Unlimited (500 MB/day, then 128 Kbps) 1 Day",0.5,1,1.49,2.98,,yes
vietnam,"Kovitel","Viettel eSIM – 15 Days",5,15,14.99,2.998,,yes
vietnam,"abesteSIM","eSIM Southeast Asia (5 Countries) - 3 Days / Daily 500MB",0.5,3,1.5001748771264591,3,,yes
vietnam,"Wiiline","for Vietnam 1 Days 0.49GB - 490 MB",0.49,1,1.51,3.082,,no
vietnam,"abesteSIM","eSIM Asia+Europe 52 Regions - 3 Days / Daily 500MB",0.5,3,1.5783089853101289,3.157,,yes
vietnam,"AirPlans","Vietnam 500MB 1 Day",0.5,1,1.58,3.16,,no
vietnam,"Superalink","Vietnam - 500MB/day",0.5,5,1.59,3.18,,yes
vietnam,"Voyasim","Vietnam 500MB/Day",0.5,1,1.6,3.2,,yes
vietnam,"Soovia eSIM","Vietnam 500MB 7 Days",0.5,7,1.61,3.22,,yes
vietnam,"ASIMGO","eSIM Southeast Asia - 5 Countries - 3 Days / Daily 500MB",0.5,3,1.62,3.24,,yes
vietnam,"MicroEsim","Southeast Asia eSIM 5 Countries - 3 Days / Daily 500MB",0.5,3,1.62,3.24,,yes
vietnam,"Hiroaming","Asia (7 areas) 500MB/Day",0.5,1,1.64,3.28,,no
vietnam,"DashRoam","Vietnam 500MB 7Days",0.5,7,1.69,3.38,,yes
vietnam,"abesteSIM","eSIM Asia (10 Regions) - 3 Days / Daily 500MB",0.5,3,1.6955101475856336,3.391,,yes
vietnam,"ASIMGO","eSIM Asia&amp;Europe - 54 Countries - 3 Days / Daily 500MB",0.5,3,1.7,3.4,,yes
vietnam,"eSIM2Me","Vietnam 500MB 7Days",0.5,7,1.7,3.4,,yes
vietnam,"MoodSIM","Vietnam 100 MB 7 Days",0.1,7,0.49,4.9,,yes
vietnam,"ESIM.DOG 🐶","⚡️ [5G] Global (202 countries) - Best 5G Coverage (300MB/3Days) - Yellow route",0.3,3,1.49,4.967,,yes
vietnam,"Voyasim","Vietnam 100MB 7Days",0.1,7,0.5,5,,yes
vietnam,"MicroEsim","Asia eSIM 10 Regions - Support TikTok - 1 Day / Total 200MB",0.2,1,1.01,5.05,,yes
vietnam,"Tripuck eSIM","Global 297 MB / 3 Days",0.3,3,1.5,5.051,,yes
vietnam,"eSIMNow","Vietnam 100MB 7Days",0.1,7,0.55,5.5,,no
vietnam,"Hiroaming","Vietnam 100MB 7Days",0.1,7,0.55,5.5,,no
vietnam,"Truely","Vietnam - 300MB, 2 days",0.3,2,1.69,5.633,,no
vietnam,"SeferESIM","Vietnam 100MB 7Days",0.1,7,0.6,6,,yes
vietnam,"LimitSIM","Vietnam 100MB 7Days",0.1,7,0.60284797,6.028,,yes
vietnam,"Superalink","Vietnam - Regular",0.1,1,0.63,6.3,,yes
vietnam,"Superalink","Vietnam - Regular",0.1,3,0.65,6.5,,yes
vietnam,"Superalink","Vietnam - Regular",0.1,5,0.67,6.7,,yes
vietnam,"bndless","Vietnam 100MB 7Days",0.1,7,0.68,6.8,,yes
vietnam,"Superalink","Vietnam - Regular",0.1,7,0.69,6.9,,yes
vietnam,"Bloomy eSIM","Vietnam 100MB 7 Days",0.1,7,0.7,7,,yes
vietnam,"Tripuck eSIM","Vietnam 102 MB / 7 Days",0.1,7,0.8,7.843,,yes
vietnam,"Connect Me Guru","Vietnam 100MB 7Days",0.1,7,0.85,8.5,,yes
vietnam,"Roamix","Vietnam 100MB 7Days",0.1,7,0.85,8.5,,yes
vietnam,"ESIM.DOG 🐶","⚡️ [5G] Vinaphone Vietnam - Best 5G Coverage (100MB/30Days) - Black route",0.1,30,0.86,8.6,,yes
vietnam,"RedEx eSIM","Vietnam 100MB 7Days",0.1,7,0.89,8.9,,yes
vietnam,"IbridMarket","Vietnam 100MB 7Days",0.1,7,0.92,9.2,,no
vietnam,"Stellar eSim","Vietnam 100MB 7Days + Free Stellar VPN",0.1,7,0.9440826699999999,9.441,,no
vietnam,"ESIM.DOG 🐶","⚡️ [5G] Vinaphone Vietnam - Best 5G Coverage (100MB/90Days) - Black route",0.1,90,0.98,9.8,,yes
vietnam,"StaffTraveler eSIM","StaffTraveler eSIM 100 MB",0.1,365,0.99,9.9,,no
vietnam,"Avelis eSIM","Standard 100MB / 7 Days",0.1,7,0.99,9.9,,yes
vietnam,"Keepgo","Norm",0.1,0,1,10,,yes
vietnam,"Zwitchy","Vietnam · 100 MB · 1 day",0.1,1,1,10,,yes
vietnam,"DashRoam","Vietnam 100MB 7Days",0.1,7,1.45,14.5,,yes
vietnam,"merdata","eSIM Vietnam 100 MB 7 days",0.1,7,1.470957924283237,14.71,,no
vietnam,"ESIM.DOG 🐶","⚡️ [5G] Vinaphone Vietnam - Best 5G Coverage (100MB/1Days) - Black route",0.1,1,1.49,14.9,,yes
vietnam,"PuraSIM","Vietnam 100MB 7Days",0.1,7,1.49,14.9,,yes
vietnam,"ESIM.DOG 🐶","⚡️ [5G] Vinaphone Vietnam - Best 5G Coverage (100MB/3Days) - Black route",0.1,3,1.49,14.9,,yes
vietnam,"Simsima","Vietnam 100MB 7Days",0.1,7,1.5,15,,yes
vietnam,"eSIM Hero","Vietnam 100MB 7 Days",0.1,7,1.5,15,,yes
