country,provider,name,gb,days,usd,perGb,source
"canada","Stellar","Canada 75GB 20Days + Free Stellar VPN","75","20","20.79","0.277","stellar feed"
"canada","eSIM.dog","AMBER_CA_50GB_1D_38DA232872","50","1","18.85","0.377","https://esim.dog/ca"
"canada","eSIM.dog","AMBER_CA_50GB_3D_5B4C571B59","50","3","18.85","0.377","https://esim.dog/ca"
"canada","Stellar","Canada 75GB 30Days + Free Stellar VPN","75","30","29.09","0.388","stellar feed"
"canada","eSIM.dog","PINK_1781057137939845_1","75","1","29.08","0.388","https://esim.dog/ca"
"canada","eSIM.dog","PMJ9AFZEP","75","30","29.08","0.388","https://esim.dog/ca"
"canada","eSIM.dog","AMBER_CA_50GB_5D_72CABAC00E","50","5","20.78","0.416","https://esim.dog/ca"
"canada","eSIM.dog","AMBER_CA_50GB_6D_56A9093AE3","50","6","20.78","0.416","https://esim.dog/ca"
"canada","eSIM.dog","AMBER_CA_50GB_7D_FB7FCD4B64","50","7","20.78","0.416","https://esim.dog/ca"
"canada","eSIM.dog","AMBER_CA_50GB_10D_715F2A5B58","50","10","20.78","0.416","https://esim.dog/ca"
"canada","eSIM.dog","AMBER_CA_50GB_12D_9FEED99BA8","50","12","20.78","0.416","https://esim.dog/ca"
"canada","eSIM.dog","AMBER_CA_50GB_14D_7159D809D8","50","14","20.78","0.416","https://esim.dog/ca"
"canada","eSIM.dog","AMBER_CA_50GB_15D_800709BBA1","50","15","20.78","0.416","https://esim.dog/ca"
"canada","eSIM.dog","AMBER_CA_50GB_20D_31F6AE53A6","50","20","20.78","0.416","https://esim.dog/ca"
"canada","Stellar","Canada 100GB 60Days + Free Stellar VPN","100","60","41.97","0.42","stellar feed"
"canada","eSIM.dog","BLACK_CA_40GB_1D","40","1","18.85","0.471","https://esim.dog/ca"
"canada","eSIM.dog","AMBER_CA_40GB_2D_5851CEF9E8","40","2","18.85","0.471","https://esim.dog/ca"
"canada","eSIM.dog","AMBER_CA_40GB_3D_06F10BDB6E","40","3","18.85","0.471","https://esim.dog/ca"
"canada","eSIM.dog","BLACK_CA_64575AF31E","10","1","4.99","0.499","https://esim.dog/ca"
"canada","Stellar","Canada 50GB 15Days + Free Stellar VPN","50","15","25.93","0.519","stellar feed"
"canada","eSIM.dog","AMBER_CA_40GB_5D_993F14C212","40","5","20.78","0.52","https://esim.dog/ca"
"canada","eSIM.dog","AMBER_CA_40GB_7D_4F8CD21DEF","40","7","20.78","0.52","https://esim.dog/ca"
"canada","eSIM.dog","AMBER_CA_40GB_10D_745665D6D5","40","10","20.78","0.52","https://esim.dog/ca"
"canada","eSIM.dog","AMBER_CA_40GB_20D_8AB77D9242","40","20","20.78","0.52","https://esim.dog/ca"
"canada","Stellar","Canada 45GB 20Days + Free Stellar VPN","45","20","23.45","0.521","stellar feed"
"canada","Stellar","Canada 45GB 30Days + Free Stellar VPN","45","30","23.45","0.521","stellar feed"
"canada","Stellar","Canada 42GB 20Days + Free Stellar VPN","42","20","22.06","0.525","stellar feed"
"canada","Stellar","Canada 42GB 30Days + Free Stellar VPN","42","30","22.06","0.525","stellar feed"
"canada","Stellar","Canada 50GB 30Days + Free Stellar VPN","50","30","26.7","0.534","stellar feed"
"canada","eSIM.dog","AMBER_CA_50GB_21D_2735D28D41","50","21","26.69","0.534","https://esim.dog/ca"
"canada","eSIM.dog","AMBER_CA_50GB_25D_9CBDA8745A","50","25","26.69","0.534","https://esim.dog/ca"
"canada","Stellar","Canada 48GB 20Days + Free Stellar VPN","48","20","26.11","0.544","stellar feed"
"canada","Stellar","Canada 48GB 30Days + Free Stellar VPN","48","30","26.11","0.544","stellar feed"
"canada","eSIM.dog","AMBER_CA_40GB_25D_67AC008597","40","25","22.05","0.551","https://esim.dog/ca"
"canada","eSIM.dog","AMBER_CA_40GB_30D_47D567273E","40","30","22.05","0.551","https://esim.dog/ca"
"canada","eSIM.dog","BLACK_CA_E81E673609","9","1","4.99","0.554","https://esim.dog/ca"
"canada","eSIM.dog","BLACK_CA_52C11D130B","7","1","3.98","0.569","https://esim.dog/ca"
"canada","eSIM.dog","BLACK_CA_20GB_1D","20","1","11.58","0.579","https://esim.dog/ca"
"canada","eSIM.dog","AMBER_CA_20GB_3D_F109F51F71","20","3","11.58","0.579","https://esim.dog/ca"
"canada","eSIM.dog","AMBER_CA_20GB_5D_62DCAE85E2","20","5","11.58","0.579","https://esim.dog/ca"
"canada","eSIM.dog","AMBER_CA_20GB_7D_8431E34A91","20","7","11.58","0.579","https://esim.dog/ca"
"canada","eSIM.dog","AMBER_CA_20GB_10D_E9DBB717C7","20","10","11.58","0.579","https://esim.dog/ca"
"canada","eSIM.dog","AMBER_CA_20GB_12D_D1644D84D2","20","12","11.58","0.579","https://esim.dog/ca"
"canada","eSIM.dog","AMBER_CA_20GB_14D_AB8695F9B8","20","14","11.58","0.579","https://esim.dog/ca"
"canada","eSIM.dog","AMBER_CA_20GB_15D_F466118F37","20","15","11.58","0.579","https://esim.dog/ca"
"canada","eSIM.dog","AMBER_CA_20GB_20D_8A89631B1E","20","20","11.58","0.579","https://esim.dog/ca"
"canada","eSIM.dog","AMBER_CA_20GB_21D_5CA1B00CB0","20","21","11.58","0.579","https://esim.dog/ca"
"canada","eSIM.dog","AMBER_CA_20GB_25D_F0AB20E458","20","25","11.58","0.579","https://esim.dog/ca"
"canada","eSIM.dog","AMBER_CA_20GB_30D_A8F6242D84","20","30","11.58","0.579","https://esim.dog/ca"
"canada","Stellar","Canada 20GB 30Days Premium + Free Stellar VPN","20","30","11.59","0.58","stellar feed"
"canada","eSIM.dog","BLACK_CA_364AA5EB9D","8","1","4.99","0.624","https://esim.dog/ca"
"canada","eSIM.dog","BLACK_CA_30GB_2D","30","2","18.85","0.628","https://esim.dog/ca"
"canada","eSIM.dog","BLACK_CA_30GB_3D","30","3","18.85","0.628","https://esim.dog/ca"
"canada","Stellar","Canada 18GB 20Days + Free Stellar VPN","18","20","11.43","0.635","stellar feed"
"canada","Stellar","Canada 18GB 30Days + Free Stellar VPN","18","30","11.43","0.635","stellar feed"
"canada","Stellar","Canada 16GB 20Days + Free Stellar VPN","16","20","10.25","0.641","stellar feed"
"canada","Stellar","Canada 16GB 30Days + Free Stellar VPN","16","30","10.25","0.641","stellar feed"
"canada","Stellar","Canada 15GB 20Days + Free Stellar VPN","15","20","9.68","0.645","stellar feed"
"canada","eSIM.dog","BLACK_CA_15GB_1D","15","1","9.67","0.645","https://esim.dog/ca"
"canada","eSIM.dog","BLACK_CA_15GB_10D","15","10","9.67","0.645","https://esim.dog/ca"
"canada","Stellar","Canada 14GB 20Days + Free Stellar VPN","14","20","9.09","0.649","stellar feed"
"canada","eSIM.dog","BLACK_CA_12GB_1D","12","1","7.91","0.659","https://esim.dog/ca"
"canada","eSIM.dog","BLACK_CA_12GB_10D","12","10","7.91","0.659","https://esim.dog/ca"
"canada","eSIM.dog","AMBER_CA_12GB_20D_E6FE7B8DD4","12","20","7.91","0.659","https://esim.dog/ca"
"canada","Stellar","Canada 12GB 20Days + Free Stellar VPN","12","20","7.92","0.66","stellar feed"
"canada","eSIM.dog","AMBER_CA_15GB_25D_51DF4E53C8","15","25","10.24","0.683","https://esim.dog/ca"
"canada","eSIM.dog","AMBER_CA_15GB_30D_7E57AE0659","15","30","10.24","0.683","https://esim.dog/ca"
"canada","Stellar","Canada 38GB 20Days + Free Stellar VPN","38","20","26.31","0.692","stellar feed"
"canada","Stellar","Canada 38GB 30Days + Free Stellar VPN","38","30","26.31","0.692","stellar feed"
"canada","eSIM.dog","BLACK_CA_30GB_4D","30","4","20.78","0.693","https://esim.dog/ca"
"canada","eSIM.dog","BLACK_CA_30GB_5D","30","5","20.78","0.693","https://esim.dog/ca"
"canada","eSIM.dog","BLACK_CA_30GB_6D","30","6","20.78","0.693","https://esim.dog/ca"
"canada","eSIM.dog","BLACK_CA_30GB_7D","30","7","20.78","0.693","https://esim.dog/ca"
"canada","eSIM.dog","BLACK_CA_30GB_9D","30","9","20.78","0.693","https://esim.dog/ca"
"canada","eSIM.dog","BLACK_CA_30GB_10D","30","10","20.78","0.693","https://esim.dog/ca"
"canada","eSIM.dog","AMBER_CA_30GB_14D_C73703AECE","30","14","20.78","0.693","https://esim.dog/ca"
"canada","eSIM.dog","AMBER_CA_30GB_15D_D64E63E8AF","30","15","20.78","0.693","https://esim.dog/ca"
"canada","Stellar","Canada 35GB 20Days + Free Stellar VPN","35","20","24.52","0.701","stellar feed"
"canada","Stellar","Canada 32GB 20Days + Free Stellar VPN","32","20","22.71","0.71","stellar feed"
"canada","eSIM.dog","BLACK_CA_30GB_25D","30","25","22.05","0.735","https://esim.dog/ca"
"canada","eSIM.dog","AMBER_CA_30GB_30D_48A5ED4634","30","30","22.05","0.735","https://esim.dog/ca"
"canada","eSIM.dog","BLACK_CA_10GB_3D","10","3","7.37","0.737","https://esim.dog/ca"
"canada","eSIM.dog","BLACK_CA_E57EEA72F4","10","6","7.37","0.737","https://esim.dog/ca"
"canada","eSIM.dog","BLACK_CA_2A1592C714","10","7","7.37","0.737","https://esim.dog/ca"
"canada","eSIM.dog","BLACK_CA_EF8D96927D","10","9","7.37","0.737","https://esim.dog/ca"
"canada","eSIM.dog","BLACK_CA_E4D724A847","10","12","7.37","0.737","https://esim.dog/ca"
"canada","eSIM.dog","BLACK_CA_A01D124A50","10","14","7.37","0.737","https://esim.dog/ca"
"canada","eSIM.dog","BLACK_CA_C94BD9C9A8","10","15","7.37","0.737","https://esim.dog/ca"
"canada","Stellar","Canada 10GB 20Days + Free Stellar VPN","10","20","7.38","0.738","stellar feed"
"canada","Stellar","Canada 10GB 30Days + Free Stellar VPN","10","30","7.38","0.738","stellar feed"
"canada","eSIM.dog","BLACK_CA_6GB_20D","6","20","4.44","0.74","https://esim.dog/ca"
"canada","Stellar","Canada 6GB 20Days + Free Stellar VPN","6","20","4.45","0.742","stellar feed"
"canada","eSIM.dog","BLACK_CA_3417A4D49E","10","20","7.48","0.748","https://esim.dog/ca"
"canada","eSIM.dog","BLACK_CA_8F7186F48F","10","21","7.48","0.748","https://esim.dog/ca"
"canada","eSIM.dog","BLACK_CA_6C00703C85","10","25","7.48","0.748","https://esim.dog/ca"
"canada","eSIM.dog","BLACK_CA_6312AF0B68","10","30","7.48","0.748","https://esim.dog/ca"
"canada","Stellar","Canada 10GB 30Days Premium + Free Stellar VPN","10","30","7.49","0.749","stellar feed"
"canada","Stellar","Canada 20GB 30Days + Free Stellar VPN","20","30","15.33","0.766","stellar feed"
"canada","eSIM.dog","AMBER_CA_50GB_90D_061D945841","50","90","38.48","0.77","https://esim.dog/ca"
"canada","Stellar","Canada 15GB 30Days + Free Stellar VPN","15","30","11.94","0.796","stellar feed"
"canada","eSIM.dog","BLACK_CA_5GB_1D","5","1","3.98","0.796","https://esim.dog/ca"
"canada","eSIM.dog","BLACK_CA_AA04BFD997","9","30","7.17","0.797","https://esim.dog/ca"
"canada","Stellar","Canada 9GB 30Days + Free Stellar VPN","9","30","7.18","0.798","stellar feed"
"canada","Stellar","Canada 14GB 30Days + Free Stellar VPN","14","30","11.25","0.804","stellar feed"
"canada","Stellar","Canada 9GB 20Days + Free Stellar VPN","9","20","7.33","0.814","stellar feed"
"canada","Stellar","Canada 50GB 20Days + Free Stellar VPN","50","20","40.7","0.814","stellar feed"
"canada","Stellar","Canada 12GB 30Days + Free Stellar VPN","12","30","9.82","0.818","stellar feed"
"canada","Stellar","Canada 40GB 30Days + Free Stellar VPN","40","30","32.7","0.818","stellar feed"
"canada","eSIM.dog","BLACK_CA_12GB_30D","12","30","9.81","0.818","https://esim.dog/ca"
"canada","Stellar","Canada 35GB 30Days + Free Stellar VPN","35","30","29.15","0.833","stellar feed"
"canada","Stellar","Canada 32GB 30Days + Free Stellar VPN","32","30","26.9","0.841","stellar feed"
"canada","Stellar","Canada 30GB 30Days + Free Stellar VPN","30","30","25.7","0.857","stellar feed"
"canada","eSIM.dog","BLACK_CA_5029ED458E","4","1","3.52","0.88","https://esim.dog/ca"
"canada","eSIM.dog","BLACK_CA_4GB_20D","4","20","3.52","0.88","https://esim.dog/ca"
"canada","Stellar","Canada 4GB 20Days + Free Stellar VPN","4","20","3.53","0.882","stellar feed"
"canada","eSIM.dog","BLACK_CA_6FDC35CA01","7","20","6.2","0.886","https://esim.dog/ca"
"canada","Stellar","Canada 7GB 20Days + Free Stellar VPN","7","20","6.21","0.887","stellar feed"
"canada","eSIM.dog","BLACK_CA_E0835D6304","7","30","6.21","0.887","https://esim.dog/ca"
"canada","eSIM.dog","BLACK_CA_5GB_3D","5","3","4.44","0.888","https://esim.dog/ca"
"canada","eSIM.dog","BLACK_CA_5GB_5D","5","5","4.44","0.888","https://esim.dog/ca"
"canada","eSIM.dog","BLACK_CA_5GB_6D","5","6","4.44","0.888","https://esim.dog/ca"
"canada","eSIM.dog","BLACK_CA_5GB_7D","5","7","4.44","0.888","https://esim.dog/ca"
"canada","eSIM.dog","BLACK_CA_5GB_9D","5","9","4.44","0.888","https://esim.dog/ca"
"canada","eSIM.dog","BLACK_CA_5GB_10D","5","10","4.44","0.888","https://esim.dog/ca"
"canada","eSIM.dog","BLACK_CA_5GB_12D","5","12","4.44","0.888","https://esim.dog/ca"
"canada","eSIM.dog","BLACK_CA_5GB_15D","5","15","4.44","0.888","https://esim.dog/ca"
"canada","eSIM.dog","BLACK_CA_5GB_20D","5","20","4.44","0.888","https://esim.dog/ca"
"canada","Stellar","Canada 7GB 30Days + Free Stellar VPN","7","30","6.22","0.889","stellar feed"
"canada","Stellar","Canada 5GB 20Days + Free Stellar VPN","5","20","4.45","0.89","stellar feed"
"canada","eSIM.dog","BLACK_CA_8GB_3D","8","3","7.17","0.896","https://esim.dog/ca"
"canada","eSIM.dog","BLACK_CA_5DADD6493B","8","7","7.17","0.896","https://esim.dog/ca"
"canada","eSIM.dog","BLACK_CA_8GB_10D","8","10","7.17","0.896","https://esim.dog/ca"
"canada","eSIM.dog","BLACK_CA_9399E46784","8","12","7.17","0.896","https://esim.dog/ca"
"canada","eSIM.dog","BLACK_CA_45ABCB11DC","8","15","7.17","0.896","https://esim.dog/ca"
"canada","eSIM.dog","BLACK_CA_1CEDCADF96","8","20","7.17","0.896","https://esim.dog/ca"
"canada","eSIM.dog","BLACK_CA_7C86DA16DB","8","30","7.17","0.896","https://esim.dog/ca"
"canada","Stellar","Canada 8GB 20Days + Free Stellar VPN","8","20","7.18","0.897","stellar feed"
"canada","Stellar","Canada 8GB 30Days + Free Stellar VPN","8","30","7.18","0.897","stellar feed"
"canada","eSIM.dog","BLACK_CA_71F9F53ABA","3","1","2.77","0.923","https://esim.dog/ca"
"canada","Stellar","Canada 3GB 1Days + Free Stellar VPN","3","1","2.78","0.927","stellar feed"
"canada","eSIM.dog","BLACK_CA_3GB_2D","3","2","2.79","0.93","https://esim.dog/ca"
"canada","eSIM.dog","BLACK_CA_3GB_3D","3","3","2.79","0.93","https://esim.dog/ca"
"canada","eSIM.dog","BLACK_CA_2CBB92171E","3","5","2.79","0.93","https://esim.dog/ca"
"canada","eSIM.dog","BLACK_CA_2B6970F7B5","3","6","2.79","0.93","https://esim.dog/ca"
"canada","eSIM.dog","BLACK_CA_E8B76FB118","3","7","2.79","0.93","https://esim.dog/ca"
"canada","eSIM.dog","BLACK_CA_87234EA1E7","3","9","2.79","0.93","https://esim.dog/ca"
"canada","eSIM.dog","BLACK_CA_3GB_10D","3","10","2.79","0.93","https://esim.dog/ca"
"canada","eSIM.dog","BLACK_CA_59B5B45AD1","3","12","2.79","0.93","https://esim.dog/ca"
"canada","eSIM.dog","BLACK_CA_95DD0B2FE3","3","14","2.79","0.93","https://esim.dog/ca"
"canada","eSIM.dog","BLACK_CA_6775501CDD","3","15","2.79","0.93","https://esim.dog/ca"
"canada","eSIM.dog","BLACK_CA_EB7CBEDDAF","3","20","2.79","0.93","https://esim.dog/ca"
"canada","eSIM.dog","BLACK_CA_F6A383811C","3","21","2.79","0.93","https://esim.dog/ca"
"canada","eSIM.dog","BLACK_CA_E49D9CAD11","3","25","2.79","0.93","https://esim.dog/ca"
"canada","eSIM.dog","BLACK_CA_1CFD5F23A0","3","30","2.79","0.93","https://esim.dog/ca"
"canada","Stellar","Canada 3GB 20Days + Free Stellar VPN","3","20","2.8","0.933","stellar feed"
"canada","Stellar","Canada 3GB 15Days + Free Stellar VPN","3","15","2.8","0.933","stellar feed"
"canada","Stellar","Canada 3GB 5Days + Free Stellar VPN","3","5","2.8","0.933","stellar feed"
"canada","Stellar","Canada 3GB 30Days + Free Stellar VPN","3","30","2.8","0.933","stellar feed"
"canada","Stellar","Canada 500MB 7Days + Free Stellar VPN","1","7","0.94","0.94","stellar feed"
"canada","Stellar","Canada 100MB 7Days + Free Stellar VPN","1","7","0.94","0.94","stellar feed"
"canada","eSIM.dog","BLACK_CA_1363FA8D6F","6","30","5.67","0.945","https://esim.dog/ca"
"canada","Stellar","Canada 6GB 30Days + Free Stellar VPN","6","30","5.68","0.947","stellar feed"
"canada","eSIM.dog","PINK_CA_91E886DBF6","2","1","1.9","0.95","https://esim.dog/ca"
"canada","eSIM.dog","BLACK_CA_30GB_45D","30","45","28.68","0.956","https://esim.dog/ca"
"canada","eSIM.dog","BLACK_CA_40GB_90D","40","90","38.48","0.962","https://esim.dog/ca"
"canada","eSIM.dog","BLACK_CA_20GB_80D","20","80","19.33","0.966","https://esim.dog/ca"
"canada","eSIM.dog","BLACK_CA_20GB_90D","20","90","19.33","0.966","https://esim.dog/ca"
"canada","Stellar","Canada 3GB 30Days Premium + Free Stellar VPN","3","30","2.96","0.987","stellar feed"
"canada","Stellar","Canada 3GB 15Days Premium + Free Stellar VPN","3","15","2.96","0.987","stellar feed"
"canada","eSIM.dog","BLACK_CA_1GB_2D","1","2","0.99","0.99","https://esim.dog/ca"
"canada","eSIM.dog","AMBER_CA_1GB_3D_AAA452D33A","1","3","0.99","0.99","https://esim.dog/ca"
"canada","Stellar","Canada 1GB 7Days + Free Stellar VPN","1","7","1","1","stellar feed"
"canada","eSIM.dog","BLACK_CA_767EC4BACB","4","30","4.13","1.032","https://esim.dog/ca"
"canada","Stellar","Canada 4GB 30Days + Free Stellar VPN","4","30","4.14","1.035","stellar feed"
"canada","eSIM.dog","BLACK_CA_708692D540","0.5","1","0.53","1.06","https://esim.dog/ca"
"canada","eSIM.dog","BLACK_CA_BE9BA6FF91","1","4","1.07","1.07","https://esim.dog/ca"
"canada","eSIM.dog","BLACK_CA_8BBC2CFD52","1","5","1.07","1.07","https://esim.dog/ca"
"canada","eSIM.dog","BLACK_CA_2C02422DA6","1","6","1.07","1.07","https://esim.dog/ca"
"canada","eSIM.dog","BLACK_CA_7A50DDC2FE","1","7","1.07","1.07","https://esim.dog/ca"
"canada","eSIM.dog","BLACK_CA_5GB_21D","5","21","5.49","1.098","https://esim.dog/ca"
"canada","eSIM.dog","BLACK_CA_5GB_25D","5","25","5.49","1.098","https://esim.dog/ca"
"canada","eSIM.dog","CKH579","5","30","5.49","1.098","https://esim.dog/ca"
"canada","Stellar","Canada 5GB 30Days + Free Stellar VPN","5","30","5.5","1.1","stellar feed"
"canada","Stellar","Canada 5GB 30Days Premium + Free Stellar VPN","5","30","5.72","1.144","stellar feed"
"canada","Stellar","Canada 750MB 7Days + Free Stellar VPN","1","7","1.16","1.16","stellar feed"
"canada","Stellar","Canada 5GB 10Days + Free Stellar VPN","5","10","6.05","1.21","stellar feed"
"canada","eSIM.dog","BLUE_CA_9356E37112","50","180","61.48","1.23","https://esim.dog/ca"
"canada","Stellar","Canada 30GB 20Days + Free Stellar VPN","30","20","37.23","1.241","stellar feed"
"canada","Stellar","Canada 5GB 15Days + Free Stellar VPN","5","15","6.26","1.252","stellar feed"
"canada","eSIM.dog","BLACK_CA_E0A3EF0D61","1","9","1.28","1.28","https://esim.dog/ca"
"canada","eSIM.dog","BLACK_CA_1GB_10D","1","10","1.28","1.28","https://esim.dog/ca"
"canada","eSIM.dog","BLACK_CA_88767EB60B","1","12","1.28","1.28","https://esim.dog/ca"
"canada","eSIM.dog","BLACK_CA_8354916808","1","14","1.28","1.28","https://esim.dog/ca"
"canada","eSIM.dog","BLACK_CA_AE1D8D491C","1","15","1.28","1.28","https://esim.dog/ca"
"canada","eSIM.dog","BLACK_CA_450B7FEFC6","1","20","1.28","1.28","https://esim.dog/ca"
"canada","eSIM.dog","BLACK_CA_6B81C783AD","1","21","1.28","1.28","https://esim.dog/ca"
"canada","eSIM.dog","BLACK_CA_AC2AABDC48","1","25","1.28","1.28","https://esim.dog/ca"
"canada","eSIM.dog","BLACK_CA_E1CC2D8C01","1","30","1.28","1.28","https://esim.dog/ca"
"canada","eSIM.dog","BLACK_CA_15GB_90D","15","90","19.33","1.289","https://esim.dog/ca"
"canada","Stellar","Canada 1GB 30Days + Free Stellar VPN","1","30","1.29","1.29","stellar feed"
"canada","eSIM.dog","GREEN_CA_52A8546748","80","365","105.36","1.317","https://esim.dog/ca"
"canada","Stellar","Canada 20GB 20Days + Free Stellar VPN","20","20","26.98","1.349","stellar feed"
"canada","eSIM.dog","BLACK_CA_2GB_3D","2","3","2.79","1.395","https://esim.dog/ca"
"canada","eSIM.dog","BLACK_CA_2GB_7D","2","7","2.79","1.395","https://esim.dog/ca"
"canada","eSIM.dog","BLACK_CA_2GB_15D","2","15","2.79","1.395","https://esim.dog/ca"
"canada","eSIM.dog","BLACK_CA_2E271A7D20","2","30","2.79","1.395","https://esim.dog/ca"
"canada","eSIM.dog","GREEN_CA_EAA4380932","40","180","57.07","1.427","https://esim.dog/ca"
"canada","eSIM.dog","BLACK_CA_A98C6AB80A","0.5","7","0.74","1.48","https://esim.dog/ca"
"canada","eSIM.dog","PIORZG0R5","0.49","7","0.74","1.51","https://esim.dog/ca"
"canada","Stellar","Canada 1GB 7Days Premium + Free Stellar VPN","1","7","1.54","1.54","stellar feed"
"canada","Stellar","Canada 40GB 20Days + Free Stellar VPN","40","20","62.93","1.573","stellar feed"
"canada","Airalo","canada-mobile-30days-50gb","50","30","84","1.68","https://www.airalo.com/canada-esim"
"canada","Airalo","canada-mobile-15days-20gb","20","15","34","1.7","https://www.airalo.com/canada-esim"
"canada","Stellar","Canada 5GB 21Days + Free Stellar VPN","5","21","8.89","1.778","stellar feed"
"canada","Airalo","canada-mobile-7days-10gb","10","7","18","1.8","https://www.airalo.com/canada-esim"
"canada","eSIM.dog","BLACK_CA_8AE010EBC5","10","90","18.18","1.818","https://esim.dog/ca"
"canada","Airalo","canada-mobile-30days-20gb","20","30","37","1.85","https://www.airalo.com/canada-esim"
"canada","Airalo","canada-mobile-plus-30days-50gb","50","30","96","1.92","https://www.airalo.com/canada-esim"
"canada","eSIM.dog","GREEN_CA_D81CCE0EA9","40","365","78.5","1.962","https://esim.dog/ca"
"canada","eSIM.dog","GREEN_CA_1AB2EDD1B8","10","365","19.73","1.973","https://esim.dog/ca"
"canada","eSIM.dog","GREEN_CA_53EB4F1263","20","365","39.47","1.974","https://esim.dog/ca"
"canada","Airalo","canada-mobile-15days-10gb","10","15","20","2","https://www.airalo.com/canada-esim"
"canada","eSIM.dog","BLACK_CA_5GB_45D","5","45","10.66","2.132","https://esim.dog/ca"
"canada","eSIM.dog","BLACK_CA_5GB_60D","5","60","10.66","2.132","https://esim.dog/ca"
"canada","eSIM.dog","BLACK_CA_5GB_90D","5","90","10.66","2.132","https://esim.dog/ca"
"canada","eSIM.dog","GREEN_CA_3D07515E62","5","365","10.66","2.132","https://esim.dog/ca"
"canada","Airalo","canada-mobile-30days-10gb","10","30","23","2.3","https://www.airalo.com/canada-esim"
"canada","Airalo","canada-mobile-plus-15days-20gb","20","15","48","2.4","https://www.airalo.com/canada-esim"
"canada","Airalo","canada-mobile-plus-30days-20gb","20","30","48","2.4","https://www.airalo.com/canada-esim"
"canada","eSIM.dog","BLACK_CA_AC9D8F3468","1","90","2.44","2.44","https://esim.dog/ca"
"canada","eSIM.dog","BLACK_CA_2GB_90D","2","90","4.89","2.445","https://esim.dog/ca"
"canada","eSIM.dog","BLACK_CA_0AA2D2EC6E","3","90","7.34","2.447","https://esim.dog/ca"
"canada","eSIM.dog","BLACK_CA_4GB_90D","4","90","9.79","2.447","https://esim.dog/ca"
"canada","eSIM.dog","BLACK_CA_6GB_90D","6","90","14.69","2.448","https://esim.dog/ca"
"canada","eSIM.dog","BLACK_CA_6CC00807C3","7","90","17.14","2.449","https://esim.dog/ca"
"canada","eSIM.dog","BLACK_CA_C4C96DB21D","0.5","30","1.28","2.56","https://esim.dog/ca"
"canada","Airalo","canada-mobile-plus-7days-10gb","10","7","26","2.6","https://www.airalo.com/canada-esim"
"canada","Airalo","canada-mobile-3days-3gb","3","3","8","2.667","https://www.airalo.com/canada-esim"
"canada","Airalo","canada-mobile-7days-5gb","5","7","14","2.8","https://www.airalo.com/canada-esim"
"canada","Airalo","canada-mobile-plus-15days-10gb","10","15","28","2.8","https://www.airalo.com/canada-esim"
"canada","Airalo","canada-mobile-7days-3gb","3","7","9","3","https://www.airalo.com/canada-esim"
"canada","Airalo","canada-mobile-15days-5gb","5","15","15","3","https://www.airalo.com/canada-esim"
"canada","Airalo","canada-mobile-plus-30days-10gb","10","30","31","3.1","https://www.airalo.com/canada-esim"
"canada","eSIM.dog","YELLOW_CA_FF16A9002A","60","125","197.49","3.292","https://esim.dog/ca"
"canada","Airalo","canada-mobile-30days-5gb","5","30","18","3.6","https://www.airalo.com/canada-esim"
"canada","Airalo","canada-mobile-plus-7days-5gb","5","7","20","4","https://www.airalo.com/canada-esim"
"canada","eSIM.dog","PPPTNR783","0.49","1","1.99","4.061","https://esim.dog/ca"
"canada","Airalo","canada-mobile-plus-3days-3gb","3","3","13","4.333","https://www.airalo.com/canada-esim"
"canada","Airalo","canada-mobile-plus-15days-5gb","5","15","22","4.4","https://www.airalo.com/canada-esim"
"canada","Airalo","canada-mobile-plus-7days-3gb","3","7","14","4.667","https://www.airalo.com/canada-esim"
"canada","Airalo","canada-mobile-plus-30days-5gb","5","30","24","4.8","https://www.airalo.com/canada-esim"
"canada","eSIM.dog","YELLOW_CA_B057599EE8","10","180","66.49","6.649","https://esim.dog/ca"
"canada","Airalo","canada-mobile-3days-1gb","1","3","7","7","https://www.airalo.com/canada-esim"
"canada","eSIM.dog","BLUE_CA_343ECEFEE1","1","365","7.99","7.99","https://esim.dog/ca"
"canada","Airalo","canada-mobile-plus-3days-1gb","1","3","8.5","8.5","https://www.airalo.com/canada-esim"
"canada","eSIM.dog","YELLOW_CA_3E643A5C4A","0.29","3","2.49","8.586","https://esim.dog/ca"
"canada","eSIM.dog","BLACK_CA_21BC08F023","0.1","90","0.98","9.8","https://esim.dog/ca"
"canada","eSIM.dog","BLACK_CA_1A5310C3E9","0.1","1","1.49","14.9","https://esim.dog/ca"
"canada","eSIM.dog","YELLOW_CA_0B27F53F09","0.2","30","2.99","14.95","https://esim.dog/ca"
"china","eSIM.dog","AMBER_CN_30GB_1D_8211BC2D26","30","1","7.86","0.262","https://esim.dog/cn"
"china","eSIM.dog","AMBER_CN_40GB_1D_86AF0B3B63","40","1","10.63","0.266","https://esim.dog/cn"
"china","eSIM.dog","PINK_1766557878647773_3","50","3","13.99","0.28","https://esim.dog/cn"
"china","eSIM.dog","PINK_CN_9DB8DB8C70","30","5","8.51","0.284","https://esim.dog/cn"
"china","Stellar","China Premium 3GB 1Days (China Telecom / Unicom) + Free Stellar VPN","3","1","0.89","0.297","stellar feed"
"china","Stellar","China 3GB 1Days + Free Stellar VPN","3","1","0.89","0.297","stellar feed"
"china","Stellar","China 100GB 60Days + Free Stellar VPN","100","60","30.07","0.301","stellar feed"
"china","Stellar","China 100GB 60Days (nonhkip) + Free Stellar VPN","100","60","30.07","0.301","stellar feed"
"china","eSIM.dog","PINK_CN_E544C5766B","30","7","9.15","0.305","https://esim.dog/cn"
"china","eSIM.dog","PINK_1766557832231507_1","50","1","16.14","0.323","https://esim.dog/cn"
"china","eSIM.dog","PINK_1766557878206767_1","3","1","0.99","0.33","https://esim.dog/cn"
"china","eSIM.dog","PINK_CN_264C51E047","30","12","9.96","0.332","https://esim.dog/cn"
"china","eSIM.dog","PINK_CN_7AD753B7F8","15","1","4.99","0.333","https://esim.dog/cn"
"china","eSIM.dog","PINK_CN_0B5A973AA4","20","1","6.74","0.337","https://esim.dog/cn"
"china","eSIM.dog","PINK_CN_F85CFBAA36","20","12","6.74","0.337","https://esim.dog/cn"
"china","eSIM.dog","PINK_CN_12D1B1ED67","20","15","6.74","0.337","https://esim.dog/cn"
"china","Stellar","China Premium 20GB 20Days (China Telecom / Unicom) + Free Stellar VPN","20","20","6.75","0.338","stellar feed"
"china","Stellar","China 50GB 15Days + Free Stellar VPN","50","15","17.12","0.342","stellar feed"
"china","Stellar","China 50GB 15Days (nonhkip) + Free Stellar VPN","50","15","17.12","0.342","stellar feed"
"china","eSIM.dog","PINK_1766557832231507_6","50","6","17.11","0.342","https://esim.dog/cn"
"china","eSIM.dog","PINK_1766557878647773_10","50","10","17.11","0.342","https://esim.dog/cn"
"china","eSIM.dog","PINK_1766557878647773_7","50","7","17.11","0.342","https://esim.dog/cn"
"china","eSIM.dog","PINK_1766557878647773_15","50","15","17.11","0.342","https://esim.dog/cn"
"china","Stellar","China 50GB 30Days + Free Stellar VPN","50","30","17.33","0.347","stellar feed"
"china","Stellar","China 50GB 30Days (nonhkip) + Free Stellar VPN","50","30","17.33","0.347","stellar feed"
"china","eSIM.dog","PINK_CN_F68BAE2BC8","30","20","10.41","0.347","https://esim.dog/cn"
"china","eSIM.dog","AMBER_CN_40GB_5D_B035B3860F","40","5","13.99","0.35","https://esim.dog/cn"
"china","eSIM.dog","PINK_CN_E2B6D24067","30","30","10.54","0.351","https://esim.dog/cn"
"china","Stellar","China 30GB 30Days + Free Stellar VPN","30","30","10.55","0.352","stellar feed"
"china","Stellar","China Premium 30GB 30Days (China Telecom / Unicom) + Free Stellar VPN","30","30","10.59","0.353","stellar feed"
"china","eSIM.dog","AMBER_CN_40GB_9D_586BD27D8C","40","9","14.13","0.353","https://esim.dog/cn"
"china","eSIM.dog","AMBER_CN_40GB_10D_BD8270D138","40","10","14.13","0.353","https://esim.dog/cn"
"china","Stellar","China 50GB 20Days + Free Stellar VPN","50","20","17.7","0.354","stellar feed"
"china","eSIM.dog","PINK_1766557878647773_20","50","20","17.69","0.354","https://esim.dog/cn"
"china","eSIM.dog","AMBER_CN_6GB_1D_D764B6B5E5","6","1","2.21","0.368","https://esim.dog/cn"
"china","eSIM.dog","AMBER_CN_6GB_2D_DA39DD966C","6","2","2.21","0.368","https://esim.dog/cn"
"china","eSIM.dog","AMBER_CN_6GB_5D_429E4153A4","6","5","2.21","0.368","https://esim.dog/cn"
"china","eSIM.dog","AMBER_CN_6GB_7D_B6943CF6E3","6","7","2.21","0.368","https://esim.dog/cn"
"china","eSIM.dog","AMBER_CN_6GB_10D_D6BFBAA03B","6","10","2.21","0.368","https://esim.dog/cn"
"china","eSIM.dog","AMBER_CN_6GB_14D_6155F7C22C","6","14","2.21","0.368","https://esim.dog/cn"
"china","eSIM.dog","AMBER_CN_6GB_15D_4C53CE5D57","6","15","2.21","0.368","https://esim.dog/cn"
"china","eSIM.dog","PINK_1766557813208850_1","2","1","0.76","0.38","https://esim.dog/cn"
"china","eSIM.dog","PINK_CN_6FE46AC8DF","20","20","7.64","0.382","https://esim.dog/cn"
"china","Stellar","China 20GB 20Days + Free Stellar VPN","20","20","7.65","0.383","stellar feed"
"china","Stellar","China 20GB 30Days + Free Stellar VPN","20","30","7.74","0.387","stellar feed"
"china","Stellar","China 20GB 30Days (nonhkip) + Free Stellar VPN","20","30","7.74","0.387","stellar feed"
"china","eSIM.dog","PINK_CN_5AC47B4E5F","20","25","7.73","0.387","https://esim.dog/cn"
"china","eSIM.dog","PINK_CN_B77475E327","20","30","7.73","0.387","https://esim.dog/cn"
"china","eSIM.dog","AMBER_CN_40GB_25D_1CB8F37DF2","40","25","15.92","0.398","https://esim.dog/cn"
"china","eSIM.dog","PINK_CN_E86C15A184","10","1","3.98","0.398","https://esim.dog/cn"
"china","eSIM.dog","AMBER_CN_9GB_1D_8BC225638A","9","1","3.63","0.403","https://esim.dog/cn"
"china","eSIM.dog","AMBER_CN_9GB_3D_96E24256D7","9","3","3.63","0.403","https://esim.dog/cn"
"china","eSIM.dog","AMBER_CN_9GB_5D_73C5860B8C","9","5","3.63","0.403","https://esim.dog/cn"
"china","eSIM.dog","AMBER_CN_9GB_6D_0A81A6C6B4","9","6","3.63","0.403","https://esim.dog/cn"
"china","eSIM.dog","AMBER_CN_9GB_9D_4F9EB3E8B7","9","9","3.63","0.403","https://esim.dog/cn"
"china","eSIM.dog","AMBER_CN_9GB_10D_E3C00702D5","9","10","3.63","0.403","https://esim.dog/cn"
"china","eSIM.dog","AMBER_CN_9GB_15D_569851FCCA","9","15","3.63","0.403","https://esim.dog/cn"
"china","eSIM.dog","PINK_CN_C842219E9E","10","6","4.05","0.405","https://esim.dog/cn"
"china","eSIM.dog","PINK_CN_FAFB724828","10","7","4.05","0.405","https://esim.dog/cn"
"china","eSIM.dog","PINK_CN_BBF87414A2","10","12","4.05","0.405","https://esim.dog/cn"
"china","eSIM.dog","PINK_CN_80F5E9A5A4","10","15","4.05","0.405","https://esim.dog/cn"
"china","eSIM.dog","PINK_CN_0042C4C2DE","10","20","4.05","0.405","https://esim.dog/cn"
"china","eSIM.dog","PINK_CN_7D6118CBEB","10","25","4.05","0.405","https://esim.dog/cn"
"china","eSIM.dog","PINK_CN_D1BACCE796","10","30","4.05","0.405","https://esim.dog/cn"
"china","Stellar","China 10GB 20Days + Free Stellar VPN","10","20","4.06","0.406","stellar feed"
"china","Stellar","China 10GB 30Days + Free Stellar VPN","10","30","4.06","0.406","stellar feed"
"china","Stellar","China 10GB 30Days (nonhkip) + Free Stellar VPN","10","30","4.06","0.406","stellar feed"
"china","eSIM.dog","PINK_1766557832231507_12","50","12","21.99","0.44","https://esim.dog/cn"
"china","eSIM.dog","PINK_1766557878647773_30","50","30","21.99","0.44","https://esim.dog/cn"
"china","eSIM.dog","PINK_CN_924D55F24F","5","1","2.21","0.442","https://esim.dog/cn"
"china","eSIM.dog","PINK_CN_6AC7354339","5","6","2.21","0.442","https://esim.dog/cn"
"china","eSIM.dog","PINK_CN_363CCA8EB9","5","7","2.21","0.442","https://esim.dog/cn"
"china","eSIM.dog","PINK_CN_831C2ED80B","5","12","2.21","0.442","https://esim.dog/cn"
"china","eSIM.dog","AMBER_CN_5GB_15D_2B0CDFA074","5","15","2.21","0.442","https://esim.dog/cn"
"china","eSIM.dog","PINK_CN_EA816D1CA7","15","20","6.74","0.449","https://esim.dog/cn"
"china","eSIM.dog","AMBER_CN_40GB_15D_A4FACCDA81","40","15","17.99","0.45","https://esim.dog/cn"
"china","eSIM.dog","AMBER_CN_8GB_1D_D624371184","8","1","3.63","0.454","https://esim.dog/cn"
"china","eSIM.dog","AMBER_CN_8GB_7D_E2D0021BF3","8","7","3.63","0.454","https://esim.dog/cn"
"china","eSIM.dog","AMBER_CN_8GB_9D_E1A93D9D41","8","9","3.63","0.454","https://esim.dog/cn"
"china","eSIM.dog","AMBER_CN_8GB_10D_C83FBC7218","8","10","3.63","0.454","https://esim.dog/cn"
"china","eSIM.dog","AMBER_CN_8GB_12D_F3A8300CA4","8","12","3.63","0.454","https://esim.dog/cn"
"china","eSIM.dog","PINK_1766557832231507_25","50","25","22.99","0.46","https://esim.dog/cn"
"china","eSIM.dog","PINK_CN_BD6FDFA161","5","20","2.47","0.494","https://esim.dog/cn"
"china","eSIM.dog","PINK_CN_8CEE7613E3","5","25","2.47","0.494","https://esim.dog/cn"
"china","eSIM.dog","PINK_CN_3F8842B586","5","30","2.47","0.494","https://esim.dog/cn"
"china","Stellar","China 5GB 20Days + Free Stellar VPN","5","20","2.48","0.496","stellar feed"
"china","Stellar","China 5GB 30Days + Free Stellar VPN","5","30","2.48","0.496","stellar feed"
"china","Stellar","China 5GB 30Days (nonhkip) + Free Stellar VPN","5","30","2.48","0.496","stellar feed"
"china","eSIM.dog","AMBER_CN_40GB_30D_EA20016878","40","30","19.99","0.5","https://esim.dog/cn"
"china","eSIM.dog","AMBER_CN_40GB_45D_BFC60D9DF3","40","45","20.28","0.507","https://esim.dog/cn"
"china","eSIM.dog","AMBER_CN_50GB_60D_1E696E404C","50","60","25.74","0.515","https://esim.dog/cn"
"china","eSIM.dog","AMBER_CN_50GB_70D_56C49D87A4","50","70","25.74","0.515","https://esim.dog/cn"
"china","eSIM.dog","AMBER_CN_50GB_80D_0BEA65FBD3","50","80","25.74","0.515","https://esim.dog/cn"
"china","eSIM.dog","PINK_CN_6E3DF713C8","15","30","7.73","0.515","https://esim.dog/cn"
"china","eSIM.dog","AMBER_CN_50GB_90D_EE9A0930F6","50","90","25.74","0.515","https://esim.dog/cn"
"china","eSIM.dog","AMBER_CN_7GB_1D_BDE93DF5FC","7","1","3.63","0.519","https://esim.dog/cn"
"china","eSIM.dog","AMBER_CN_7GB_2D_653C1C16EF","7","2","3.63","0.519","https://esim.dog/cn"
"china","eSIM.dog","AMBER_CN_7GB_3D_342212E3A3","7","3","3.63","0.519","https://esim.dog/cn"
"china","eSIM.dog","AMBER_CN_7GB_5D_61E3DD45EB","7","5","3.63","0.519","https://esim.dog/cn"
"china","eSIM.dog","AMBER_CN_7GB_9D_9A78B8AB0A","7","9","3.63","0.519","https://esim.dog/cn"
"china","eSIM.dog","AMBER_CN_7GB_10D_1B1FED0B5F","7","10","3.63","0.519","https://esim.dog/cn"
"china","eSIM.dog","AMBER_CN_7GB_15D_CEE33EDCA1","7","15","3.63","0.519","https://esim.dog/cn"
"china","eSIM.dog","PINK_1766557878398769_3","3","3","1.56","0.52","https://esim.dog/cn"
"china","eSIM.dog","AMBER_CN_6GB_30D_FF01425CE9","6","30","3.22","0.537","https://esim.dog/cn"
"china","eSIM.dog","AMBER_CN_3GB_20D_CAC152B23E","3","20","1.64","0.547","https://esim.dog/cn"
"china","eSIM.dog","AMBER_CN_3GB_21D_FBB6A458F1","3","21","1.64","0.547","https://esim.dog/cn"
"china","eSIM.dog","PINK_CN_C94A41FF7B","3","12","1.64","0.547","https://esim.dog/cn"
"china","eSIM.dog","JC053","3","15","1.64","0.547","https://esim.dog/cn"
"china","eSIM.dog","AMBER_CN_3GB_25D_3E3EDA8B26","3","25","1.64","0.547","https://esim.dog/cn"
"china","Stellar","China 3GB 30Days + Free Stellar VPN","3","30","1.65","0.55","stellar feed"
"china","Stellar","China 3GB 30Days (nonhkip) + Free Stellar VPN","3","30","1.65","0.55","stellar feed"
"china","eSIM.dog","AMBER_CN_4GB_15D_DD5776A8EB","4","15","2.21","0.552","https://esim.dog/cn"
"china","Stellar","China Premium 3GB 5Days (China Telecom / Unicom) + Free Stellar VPN","3","5","1.67","0.557","stellar feed"
"china","Stellar","China 3GB 5Days + Free Stellar VPN","3","5","1.67","0.557","stellar feed"
"china","eSIM.dog","PINK_1766557878471771_1","1","1","0.56","0.56","https://esim.dog/cn"
"china","eSIM.dog","AMBER_CN_1GB_3D_D08B5982F8","1","3","0.56","0.56","https://esim.dog/cn"
"china","eSIM.dog","AMBER_CN_1GB_4D_9432612A82","1","4","0.56","0.56","https://esim.dog/cn"
"china","eSIM.dog","AMBER_CN_1GB_5D_C5AF45DDC5","1","5","0.56","0.56","https://esim.dog/cn"
"china","Stellar","China 10GB 10Days + Free Stellar VPN","10","10","5.65","0.565","stellar feed"
"china","Stellar","China Premium 10GB 10Days (China Telecom / Unicom) + Free Stellar VPN","10","10","5.65","0.565","stellar feed"
"china","Stellar","China 50GB 180Days + Free Stellar VPN","50","180","28.34","0.567","stellar feed"
"china","Stellar","China 1GB 7Days + Free Stellar VPN","1","7","0.57","0.57","stellar feed"
"china","Stellar","China 100MB 7Days + Free Stellar VPN","1","7","0.57","0.57","stellar feed"
"china","Stellar","China 1GB 7Days (nonhkip) + Free Stellar VPN","1","7","0.57","0.57","stellar feed"
"china","Stellar","China 500MB 7Days + Free Stellar VPN","1","7","0.57","0.57","stellar feed"
"china","eSIM.dog","P0R7HML2W","3","30","1.71","0.57","https://esim.dog/cn"
"china","eSIM.dog","YELLOW_CN_A55049C355","100","180","59.89","0.599","https://esim.dog/cn"
"china","eSIM.dog","AMBER_CN_1GB_14D_A999C7B254","1","14","0.63","0.63","https://esim.dog/cn"
"china","eSIM.dog","AMBER_CN_2GB_2D_B8481B6EB2","2","2","1.26","0.63","https://esim.dog/cn"
"china","eSIM.dog","AMBER_CN_2GB_3D_6BC2A8F9C2","2","3","1.26","0.63","https://esim.dog/cn"
"china","eSIM.dog","AMBER_CN_2GB_7D_538CAFA20F","2","7","1.26","0.63","https://esim.dog/cn"
"china","eSIM.dog","AMBER_CN_2GB_10D_577C37AE55","2","10","1.26","0.63","https://esim.dog/cn"
"china","eSIM.dog","AMBER_CN_2GB_14D_1A37973507","2","14","1.26","0.63","https://esim.dog/cn"
"china","eSIM.dog","AMBER_CN_2GB_25D_B968E8427B","2","25","1.26","0.63","https://esim.dog/cn"
"china","eSIM.dog","AMBER_CN_2GB_30D_15D4B55E7C","2","30","1.26","0.63","https://esim.dog/cn"
"china","eSIM.dog","JC052","1","7","0.63","0.63","https://esim.dog/cn"
"china","eSIM.dog","AMBER_CN_1GB_9D_711D709A3E","1","9","0.63","0.63","https://esim.dog/cn"
"china","eSIM.dog","AMBER_CN_1GB_10D_D1F490632D","1","10","0.63","0.63","https://esim.dog/cn"
"china","eSIM.dog","AMBER_CN_1GB_12D_B30D02DFFA","1","12","0.63","0.63","https://esim.dog/cn"
"china","eSIM.dog","AMBER_CN_1GB_15D_27722EC38D","1","15","0.63","0.63","https://esim.dog/cn"
"china","eSIM.dog","AMBER_CN_2GB_15D_7A1ADDCBAF","2","15","1.26","0.63","https://esim.dog/cn"
"china","Stellar","China Premium 15GB 15Days (China Telecom / Unicom) + Free Stellar VPN","15","15","9.55","0.637","stellar feed"
"china","Stellar","China 15GB 15Days + Free Stellar VPN","15","15","9.55","0.637","stellar feed"
"china","Stellar","China Premium 15GB 30Days (China Telecom / Unicom) + Free Stellar VPN","15","30","9.55","0.637","stellar feed"
"china","Stellar","China 15GB 30Days + Free Stellar VPN","15","30","9.55","0.637","stellar feed"
"china","Stellar","China Premium 5GB 15Days (China Telecom / Unicom) + Free Stellar VPN","5","15","3.19","0.638","stellar feed"
"china","Stellar","China Premium 5GB 10Days (China Telecom / Unicom) + Free Stellar VPN","5","10","3.19","0.638","stellar feed"
"china","Stellar","China Premium 5GB 21Days (China Telecom / Unicom) + Free Stellar VPN","5","21","3.19","0.638","stellar feed"
"china","Stellar","China Premium 5GB 20Days (China Telecom / Unicom) + Free Stellar VPN","5","20","3.19","0.638","stellar feed"
"china","Stellar","China Premium 1GB 30Days (China Telecom / Unicom) + Free Stellar VPN","1","30","0.64","0.64","stellar feed"
"china","eSIM.dog","AMBER_CN_40GB_60D_D261A5A13F","40","60","25.74","0.643","https://esim.dog/cn"
"china","eSIM.dog","AMBER_CN_40GB_70D_9D875D819B","40","70","25.74","0.643","https://esim.dog/cn"
"china","eSIM.dog","AMBER_CN_40GB_80D_827ACD05D4","40","80","25.74","0.643","https://esim.dog/cn"
"china","eSIM.dog","AMBER_CN_40GB_90D_5CD4FAFE80","40","90","25.74","0.643","https://esim.dog/cn"
"china","eSIM.dog","AMBER_CN_20GB_45D_4CCDA6D18C","20","45","13.63","0.681","https://esim.dog/cn"
"china","eSIM.dog","AMBER_CN_20GB_80D_366F159B6A","20","80","13.63","0.681","https://esim.dog/cn"
"china","eSIM.dog","AMBER_CN_20GB_90D_3761FCF18E","20","90","13.63","0.681","https://esim.dog/cn"
"china","Stellar","China 5GB 15Days + Free Stellar VPN","5","15","3.46","0.692","stellar feed"
"china","eSIM.dog","BLACK_CN_12GB_1D","12","1","8.49","0.708","https://esim.dog/cn"
"china","Stellar","China 5GB 5Days + Free Stellar VPN","5","5","3.58","0.716","stellar feed"
"china","Stellar","China Premium 5GB 5Days (China Telecom / Unicom) + Free Stellar VPN","5","5","3.58","0.716","stellar feed"
"china","eSIM.dog","BLACK_CN_40GB_2D","40","2","28.99","0.725","https://esim.dog/cn"
"china","eSIM.dog","PXI7MA5MW","50","180","36.49","0.73","https://esim.dog/cn"
"china","eSIM.dog","BLACK_CN_40GB_3D","40","3","29.99","0.75","https://esim.dog/cn"
"china","eSIM.dog","PINK_1766557832424511_180","30","180","22.93","0.764","https://esim.dog/cn"
"china","Stellar","China 5GB 10Days + Free Stellar VPN","5","10","3.94","0.788","stellar feed"
"china","eSIM.dog","BLACK_CN_12GB_2D","12","2","9.49","0.791","https://esim.dog/cn"
"china","Stellar","China 3GB 15Days + Free Stellar VPN","3","15","2.38","0.793","stellar feed"
"china","Stellar","China 3GB 15Days (nonhkip) + Free Stellar VPN","3","15","2.38","0.793","stellar feed"
"china","Stellar","China 3GB 20Days + Free Stellar VPN","3","20","2.5","0.833","stellar feed"
"china","eSIM.dog","BLACK_CN_12GB_3D","12","3","9.99","0.833","https://esim.dog/cn"
"china","eSIM.dog","AMBER_CN_10GB_90D_74CADDCB9B","10","90","8.51","0.851","https://esim.dog/cn"
"china","eSIM.dog","PINK_CN_EFB194E1EB","8","20","6.99","0.874","https://esim.dog/cn"
"china","eSIM.dog","PINK_CN_401DFE0E7D","8","30","6.99","0.874","https://esim.dog/cn"
"china","eSIM.dog","BLACK_CN_15GB_80D","15","80","13.63","0.909","https://esim.dog/cn"
"china","eSIM.dog","PINK_1766557881758849_180","15","180","13.63","0.909","https://esim.dog/cn"
"china","eSIM.dog","BLACK_CN_12GB_7D","12","7","10.99","0.916","https://esim.dog/cn"
"china","eSIM.dog","BLACK_CN_12GB_10D","12","10","10.99","0.916","https://esim.dog/cn"
"china","eSIM.dog","BLACK_CN_30GB_14D","30","14","27.49","0.916","https://esim.dog/cn"
"china","eSIM.dog","BLACK_CN_9GB_90D","9","90","8.51","0.946","https://esim.dog/cn"
"china","eSIM.dog","BLACK_CN_15GB_14D","15","14","14.49","0.966","https://esim.dog/cn"
"china","eSIM.dog","BLACK_CN_30GB_21D","30","21","28.99","0.966","https://esim.dog/cn"
"china","Airalo","chinacom-30days-50gb","50","30","49","0.98","https://www.airalo.com/china-esim"
"china","eSIM.dog","PINK_1766557878647773_365","50","365","48.98","0.98","https://esim.dog/cn"
"china","eSIM.dog","BLACK_CN_50GB_14D","50","14","49.49","0.99","https://esim.dog/cn"
"china","Stellar","China 5GB 21Days + Free Stellar VPN","5","21","4.97","0.994","stellar feed"
"china","eSIM.dog","BLACK_CN_12GB_15D","12","15","11.99","0.999","https://esim.dog/cn"
"china","eSIM.dog","BLACK_CN_15GB_21D","15","21","15.49","1.033","https://esim.dog/cn"
"china","eSIM.dog","BLACK_CN_12GB_21D","12","21","12.49","1.041","https://esim.dog/cn"
"china","eSIM.dog","BLACK_CN_12GB_25D","12","25","12.49","1.041","https://esim.dog/cn"
"china","eSIM.dog","BLACK_CN_20GB_14D","20","14","20.99","1.049","https://esim.dog/cn"
"china","eSIM.dog","BLACK_CN_30GB_60D","30","60","31.49","1.05","https://esim.dog/cn"
"china","eSIM.dog","BLACK_CN_50GB_21D","50","21","52.49","1.05","https://esim.dog/cn"
"china","eSIM.dog","BLACK_CN_15GB_90D","15","90","15.9","1.06","https://esim.dog/cn"
"china","eSIM.dog","BLACK_CN_12GB_30D","12","30","12.99","1.083","https://esim.dog/cn"
"china","eSIM.dog","BLACK_CN_10GB_14D","10","14","10.99","1.099","https://esim.dog/cn"
"china","eSIM.dog","AMBER_CN_512MB_2D_8F8978B047","0.5","2","0.55","1.1","https://esim.dog/cn"
"china","eSIM.dog","AMBER_CN_512MB_3D_8F31BFB723","0.5","3","0.55","1.1","https://esim.dog/cn"
"china","eSIM.dog","AMBER_CN_512MB_5D_5B162B3943","0.5","5","0.55","1.1","https://esim.dog/cn"
"china","eSIM.dog","BLACK_CN_30GB_80D","30","80","32.99","1.1","https://esim.dog/cn"
"china","eSIM.dog","BLACK_CN_9GB_25D","9","25","9.99","1.11","https://esim.dog/cn"
"china","eSIM.dog","BLACK_CN_30GB_90D","30","90","33.49","1.116","https://esim.dog/cn"
"china","eSIM.dog","PW9DB7WEK","0.49","7","0.55","1.122","https://esim.dog/cn"
"china","eSIM.dog","BLACK_CN_4GB_1D","4","1","4.49","1.123","https://esim.dog/cn"
"china","eSIM.dog","BLACK_CN_20GB_21D","20","21","22.49","1.124","https://esim.dog/cn"
"china","eSIM.dog","BLACK_CN_12GB_90D","12","90","13.63","1.136","https://esim.dog/cn"
"china","eSIM.dog","BLACK_CN_10GB_21D","10","21","11.49","1.149","https://esim.dog/cn"
"china","eSIM.dog","AMBER_CN_1GB_25D_3D660BF78A","1","25","1.21","1.21","https://esim.dog/cn"
"china","eSIM.dog","AMBER_CN_1GB_30D_80EE3C4650","1","30","1.21","1.21","https://esim.dog/cn"
"china","Stellar","China 1GB 30Days + Free Stellar VPN","1","30","1.22","1.22","stellar feed"
"china","eSIM.dog","BLACK_CN_5GB_45D","5","45","6.11","1.222","https://esim.dog/cn"
"china","eSIM.dog","BLACK_CN_5GB_60D","5","60","6.11","1.222","https://esim.dog/cn"
"china","Stellar","China 5GB 45Days + Free Stellar VPN","5","45","6.12","1.224","stellar feed"
"china","Stellar","China 5GB 60Days + Free Stellar VPN","5","60","6.12","1.224","stellar feed"
"china","eSIM.dog","BLACK_CN_4GB_2D","4","2","4.99","1.248","https://esim.dog/cn"
"china","eSIM.dog","BLACK_CN_4GB_3D","4","3","4.99","1.248","https://esim.dog/cn"
"china","eSIM.dog","BLACK_CN_4GB_5D","4","5","4.99","1.248","https://esim.dog/cn"
"china","eSIM.dog","BLACK_CN_5GB_90D","5","90","6.24","1.248","https://esim.dog/cn"
"china","eSIM.dog","AMBER_CN_512MB_10D_5F753EDCC8","0.5","10","0.63","1.26","https://esim.dog/cn"
"china","eSIM.dog","AMBER_CN_512MB_15D_2A0D72E2FA","0.5","15","0.63","1.26","https://esim.dog/cn"
"china","eSIM.dog","AMBER_CN_512MB_30D_11C5D5BE94","0.5","30","0.63","1.26","https://esim.dog/cn"
"china","eSIM.dog","BLACK_CN_7GB_25D","7","25","9.49","1.356","https://esim.dog/cn"
"china","eSIM.dog","BLACK_CN_4GB_9D","4","9","5.49","1.373","https://esim.dog/cn"
"china","eSIM.dog","BLACK_CN_4GB_10D","4","10","5.49","1.373","https://esim.dog/cn"
"china","eSIM.dog","GREEN_CN_EF5B85B5E6","80","365","119.49","1.494","https://esim.dog/cn"
"china","eSIM.dog","BLACK_CN_3GB_14D","3","14","4.49","1.497","https://esim.dog/cn"
"china","eSIM.dog","BLACK_CN_4GB_25D","4","25","5.99","1.498","https://esim.dog/cn"
"china","eSIM.dog","BLACK_CN_4GB_30D","4","30","5.99","1.498","https://esim.dog/cn"
"china","eSIM.dog","BLACK_CN_3GB_90D","3","90","4.53","1.51","https://esim.dog/cn"
"china","eSIM.dog","BLACK_CN_4GB_60D","4","60","6.11","1.528","https://esim.dog/cn"
"china","eSIM.dog","GREEN_CN_B867DC5821","40","180","64.99","1.625","https://esim.dog/cn"
"china","Airalo","chinacom-15days-20gb","20","15","39","1.95","https://www.airalo.com/china-esim"
"china","eSIM.dog","GREEN_CN_6C648528A6","10","365","19.73","1.973","https://esim.dog/cn"
"china","eSIM.dog","GREEN_CN_669036719A","5","365","9.99","1.998","https://esim.dog/cn"
"china","Airalo","chinacom-30days-20gb","20","30","40","2","https://www.airalo.com/china-esim"
"china","Saily","20GB / 30d","20","30","39.99","2","https://saily.com/esim-china/"
"china","eSIM.dog","GREEN_CN_461306A149","40","365","89.49","2.237","https://esim.dog/cn"
"china","eSIM.dog","BLACK_CN_2GB_90D","2","90","4.49","2.245","https://esim.dog/cn"
"china","eSIM.dog","GREEN_CN_683C450708","20","365","44.99","2.25","https://esim.dog/cn"
"china","eSIM.dog","BLACK_CN_1GB_90D","1","90","2.41","2.41","https://esim.dog/cn"
"china","Airalo","chinacom-7days-10gb","10","7","24.5","2.45","https://www.airalo.com/china-esim"
"china","eSIM.dog","BLACK_CN_1GB_6D","1","6","2.49","2.49","https://esim.dog/cn"
"china","Airalo","chinacom-15days-10gb","10","15","25.5","2.55","https://www.airalo.com/china-esim"
"china","Airalo","chinacom-30days-10gb","10","30","26.5","2.65","https://www.airalo.com/china-esim"
"china","Saily","10GB / 30d","10","30","26.99","2.699","https://saily.com/esim-china/"
"china","Airalo","chinacom-7days-5gb","5","7","14.5","2.9","https://www.airalo.com/china-esim"
"china","Airalo","chinacom-15days-5gb","5","15","15","3","https://www.airalo.com/china-esim"
"china","Airalo","chinacom-30days-5gb","5","30","15.5","3.1","https://www.airalo.com/china-esim"
"china","Airalo","chinacom-3days-3gb","3","3","9.5","3.167","https://www.airalo.com/china-esim"
"china","Saily","5GB / 30d","5","30","15.99","3.198","https://saily.com/esim-china/"
"china","eSIM.dog","YELLOW_CN_B2FB478517","60","125","197.49","3.292","https://esim.dog/cn"
"china","Airalo","chinacom-7days-3gb","3","7","10.5","3.5","https://www.airalo.com/china-esim"
"china","Saily","3GB / 30d","3","30","10.99","3.663","https://saily.com/esim-china/"
"china","eSIM.dog","BLACK_CN_500MB_1D","0.5","1","1.99","3.98","https://esim.dog/cn"
"china","Airalo","chinacom-3days-1gb","1","3","4","4","https://www.airalo.com/china-esim"
"china","eSIM.dog","PINK_1766557813365852_1","0.49","1","1.99","4.061","https://esim.dog/cn"
"china","Saily","1GB / 7d","1","7","4.49","4.49","https://saily.com/esim-china/"
"china","eSIM.dog","YELLOW_CN_732DCF6472","0.49","3","2.99","6.102","https://esim.dog/cn"
"china","eSIM.dog","BLACK_CN_100MB_30D","0.1","30","0.63","6.3","https://esim.dog/cn"
"china","eSIM.dog","YELLOW_CN_1C9A956306","10","180","66.49","6.649","https://esim.dog/cn"
"china","eSIM.dog","BLUE_CN_1E43C87340","1","365","7.99","7.99","https://esim.dog/cn"
"china","eSIM.dog","YELLOW_CN_078B2031C0","0.29","3","2.49","8.586","https://esim.dog/cn"
"china","eSIM.dog","BLACK_CN_100MB_90D","0.1","90","0.98","9.8","https://esim.dog/cn"
"china","eSIM.dog","BLACK_CN_100MB_1D","0.1","1","1.49","14.9","https://esim.dog/cn"
"china","eSIM.dog","BLACK_CN_100MB_3D","0.1","3","1.49","14.9","https://esim.dog/cn"
"china","eSIM.dog","YELLOW_CN_7D1B6053FB","0.2","30","2.99","14.95","https://esim.dog/cn"
"egypt","eSIM.dog","BLACK_EG_50GB_1D","50","1","18.85","0.377","https://esim.dog/eg"
"egypt","eSIM.dog","BLACK_EG_50GB_3D","50","3","18.85","0.377","https://esim.dog/eg"
"egypt","eSIM.dog","BLACK_EG_40GB_1D","40","1","18.85","0.471","https://esim.dog/eg"
"egypt","eSIM.dog","BLACK_EG_40GB_3D","40","3","18.85","0.471","https://esim.dog/eg"
"egypt","eSIM.dog","BLACK_EG_50GB_5D","50","5","27.17","0.543","https://esim.dog/eg"
"egypt","eSIM.dog","BLACK_EG_50GB_7D","50","7","28.41","0.568","https://esim.dog/eg"
"egypt","eSIM.dog","BLACK_EG_50GB_9D","50","9","28.41","0.568","https://esim.dog/eg"
"egypt","eSIM.dog","BLACK_EG_50GB_12D","50","12","28.41","0.568","https://esim.dog/eg"
"egypt","eSIM.dog","BLACK_EG_50GB_14D","50","14","28.41","0.568","https://esim.dog/eg"
"egypt","eSIM.dog","BLACK_EG_50GB_15D","50","15","28.41","0.568","https://esim.dog/eg"
"egypt","eSIM.dog","BLACK_EG_50GB_20D","50","20","28.41","0.568","https://esim.dog/eg"
"egypt","eSIM.dog","BLACK_EG_50GB_21D","50","21","28.41","0.568","https://esim.dog/eg"
"egypt","eSIM.dog","BLACK_EG_50GB_30D","50","30","28.41","0.568","https://esim.dog/eg"
"egypt","eSIM.dog","BLACK_EG_10GB_1D","10","1","5.86","0.586","https://esim.dog/eg"
"egypt","eSIM.dog","BLACK_EG_10GB_3D","10","3","5.86","0.586","https://esim.dog/eg"
"egypt","eSIM.dog","BLACK_EG_30GB_1D","30","1","17.62","0.587","https://esim.dog/eg"
"egypt","eSIM.dog","BLACK_EG_30GB_3D","30","3","17.62","0.587","https://esim.dog/eg"
"egypt","eSIM.dog","BLACK_EG_20GB_1D","20","1","11.75","0.588","https://esim.dog/eg"
"egypt","eSIM.dog","BLACK_EG_20GB_3D","20","3","11.75","0.588","https://esim.dog/eg"
"egypt","eSIM.dog","BLACK_EG_5GB_1D","5","1","3","0.6","https://esim.dog/eg"
"egypt","eSIM.dog","BLACK_EG_5GB_3D","5","3","3","0.6","https://esim.dog/eg"
"egypt","Stellar","Egypt 20GB 20Days + Free Stellar VPN","20","20","12.79","0.639","stellar feed"
"egypt","Stellar","Egypt 20GB 30Days + Free Stellar VPN","20","30","12.8","0.64","stellar feed"
"egypt","Stellar","Egypt 3GB 1Days + Free Stellar VPN","3","1","1.92","0.64","stellar feed"
"egypt","eSIM.dog","BLACK_EG_20GB_5D","20","5","12.81","0.641","https://esim.dog/eg"
"egypt","eSIM.dog","BLACK_EG_20GB_7D","20","7","12.81","0.641","https://esim.dog/eg"
"egypt","eSIM.dog","BLACK_EG_20GB_10D","20","10","12.81","0.641","https://esim.dog/eg"
"egypt","eSIM.dog","BLACK_EG_20GB_12D","20","12","12.81","0.641","https://esim.dog/eg"
"egypt","eSIM.dog","BLACK_EG_20GB_14D","20","14","12.81","0.641","https://esim.dog/eg"
"egypt","eSIM.dog","BLACK_EG_20GB_15D","20","15","12.81","0.641","https://esim.dog/eg"
"egypt","eSIM.dog","BLACK_EG_20GB_20D","20","20","12.81","0.641","https://esim.dog/eg"
"egypt","eSIM.dog","BLACK_EG_20GB_21D","20","21","12.82","0.641","https://esim.dog/eg"
"egypt","eSIM.dog","BLACK_EG_20GB_25D","20","25","12.82","0.641","https://esim.dog/eg"
"egypt","eSIM.dog","BLACK_EG_20GB_30D","20","30","12.82","0.641","https://esim.dog/eg"
"egypt","eSIM.dog","BLACK_EG_30GB_5D","30","5","19.22","0.641","https://esim.dog/eg"
"egypt","eSIM.dog","BLACK_EG_3GB_1D","3","1","1.94","0.647","https://esim.dog/eg"
"egypt","eSIM.dog","BLACK_EG_9GB_1D","9","1","5.86","0.651","https://esim.dog/eg"
"egypt","eSIM.dog","BLACK_EG_9GB_3D","9","3","5.86","0.651","https://esim.dog/eg"
"egypt","eSIM.dog","BLACK_EG_6GB_1D","6","1","3.92","0.653","https://esim.dog/eg"
"egypt","eSIM.dog","BLACK_EG_6GB_15D","6","15","3.92","0.653","https://esim.dog/eg"
"egypt","eSIM.dog","BLACK_EG_3GB_3D","3","3","2","0.667","https://esim.dog/eg"
"egypt","eSIM.dog","BLACK_EG_40GB_5D","40","5","27.17","0.679","https://esim.dog/eg"
"egypt","eSIM.dog","BLACK_EG_50GB_90D","50","90","34.11","0.682","https://esim.dog/eg"
"egypt","eSIM.dog","BLACK_EG_5GB_6D","5","6","3.46","0.692","https://esim.dog/eg"
"egypt","eSIM.dog","BLACK_EG_5GB_7D","5","7","3.46","0.692","https://esim.dog/eg"
"egypt","eSIM.dog","PINK_1766557817923147_6","10","6","6.93","0.693","https://esim.dog/eg"
"egypt","eSIM.dog","PINK_1766557817923147_7","10","7","6.93","0.693","https://esim.dog/eg"
"egypt","eSIM.dog","BLACK_EG_30GB_7D","30","7","20.83","0.694","https://esim.dog/eg"
"egypt","eSIM.dog","BLACK_EG_30GB_10D","30","10","21.18","0.706","https://esim.dog/eg"
"egypt","eSIM.dog","BLACK_EG_30GB_12D","30","12","21.18","0.706","https://esim.dog/eg"
"egypt","eSIM.dog","BLACK_EG_30GB_14D","30","14","21.18","0.706","https://esim.dog/eg"
"egypt","eSIM.dog","BLACK_EG_30GB_15D","30","15","21.18","0.706","https://esim.dog/eg"
"egypt","Stellar","Egypt 3GB 5Days + Free Stellar VPN","3","5","2.12","0.707","stellar feed"
"egypt","eSIM.dog","BLACK_EG_40GB_30D","40","30","28.41","0.71","https://esim.dog/eg"
"egypt","eSIM.dog","BLACK_EG_9GB_5D","9","5","6.4","0.711","https://esim.dog/eg"
"egypt","eSIM.dog","BLACK_EG_15GB_1D","15","1","10.74","0.716","https://esim.dog/eg"
"egypt","eSIM.dog","BLACK_EG_15GB_3D","15","3","10.74","0.716","https://esim.dog/eg"
"egypt","eSIM.dog","BLACK_EG_30GB_20D","30","20","21.49","0.716","https://esim.dog/eg"
"egypt","eSIM.dog","BLACK_EG_30GB_21D","30","21","21.49","0.716","https://esim.dog/eg"
"egypt","eSIM.dog","BLACK_EG_30GB_30D","30","30","21.49","0.716","https://esim.dog/eg"
"egypt","eSIM.dog","BLACK_EG_8GB_1D","8","1","5.86","0.733","https://esim.dog/eg"
"egypt","eSIM.dog","BLACK_EG_8GB_3D","8","3","5.86","0.733","https://esim.dog/eg"
"egypt","eSIM.dog","BLACK_EG_12GB_1D","12","1","8.81","0.734","https://esim.dog/eg"
"egypt","eSIM.dog","BLACK_EG_12GB_30D","12","30","8.81","0.734","https://esim.dog/eg"
"egypt","Stellar","Egypt 5GB 10Days + Free Stellar VPN","5","10","3.68","0.736","stellar feed"
"egypt","eSIM.dog","BLACK_EG_15GB_30D","15","30","11.07","0.738","https://esim.dog/eg"
"egypt","eSIM.dog","BLACK_EG_2GB_1D","2","1","1.49","0.745","https://esim.dog/eg"
"egypt","eSIM.dog","PINK_1766557817923147_10","10","10","7.47","0.747","https://esim.dog/eg"
"egypt","Stellar","Egypt 5GB 15Days + Free Stellar VPN","5","15","3.74","0.748","stellar feed"
"egypt","eSIM.dog","BLACK_EG_3GB_7D","3","7","2.25","0.75","https://esim.dog/eg"
"egypt","eSIM.dog","BLACK_EG_4GB_1D","4","1","3","0.75","https://esim.dog/eg"
"egypt","eSIM.dog","BLACK_EG_4GB_3D","4","3","3","0.75","https://esim.dog/eg"
"egypt","eSIM.dog","BLACK_EG_5GB_12D","5","12","3.76","0.752","https://esim.dog/eg"
"egypt","eSIM.dog","BLACK_EG_5GB_14D","5","14","3.76","0.752","https://esim.dog/eg"
"egypt","eSIM.dog","BLACK_EG_5GB_15D","5","15","3.76","0.752","https://esim.dog/eg"
"egypt","eSIM.dog","BLACK_EG_10GB_12D","10","12","7.68","0.768","https://esim.dog/eg"
"egypt","eSIM.dog","BLACK_EG_10GB_14D","10","14","7.68","0.768","https://esim.dog/eg"
"egypt","eSIM.dog","BLACK_EG_10GB_15D","10","15","7.68","0.768","https://esim.dog/eg"
"egypt","eSIM.dog","BLACK_EG_9GB_7D","9","7","6.93","0.77","https://esim.dog/eg"
"egypt","Stellar","Egypt 10GB 20Days + Free Stellar VPN","10","20","7.81","0.781","stellar feed"
"egypt","Stellar","Egypt 10GB 30Days + Free Stellar VPN","10","30","7.82","0.782","stellar feed"
"egypt","eSIM.dog","BLACK_EG_10GB_20D","10","20","7.82","0.782","https://esim.dog/eg"
"egypt","eSIM.dog","BLACK_EG_10GB_21D","10","21","7.83","0.783","https://esim.dog/eg"
"egypt","eSIM.dog","BLACK_EG_10GB_25D","10","25","7.83","0.783","https://esim.dog/eg"
"egypt","eSIM.dog","BLACK_EG_10GB_30D","10","30","7.83","0.783","https://esim.dog/eg"
"egypt","Stellar","Egypt 3GB 15Days + Free Stellar VPN","3","15","2.38","0.793","stellar feed"
"egypt","eSIM.dog","BLACK_EG_20GB_80D","20","80","15.91","0.795","https://esim.dog/eg"
"egypt","eSIM.dog","BLACK_EG_20GB_90D","20","90","15.91","0.795","https://esim.dog/eg"
"egypt","eSIM.dog","BLACK_EG_3GB_12D","3","12","2.39","0.797","https://esim.dog/eg"
"egypt","eSIM.dog","BLACK_EG_3GB_14D","3","14","2.39","0.797","https://esim.dog/eg"
"egypt","eSIM.dog","BLACK_EG_3GB_15D","3","15","2.39","0.797","https://esim.dog/eg"
"egypt","eSIM.dog","BLACK_EG_8GB_5D","8","5","6.4","0.8","https://esim.dog/eg"
"egypt","eSIM.dog","BLACK_EG_4GB_5D","4","5","3.23","0.807","https://esim.dog/eg"
"egypt","Stellar","Egypt 1GB 7Days + Free Stellar VPN","1","7","0.82","0.82","stellar feed"
"egypt","Stellar","Egypt 5GB 20Days + Free Stellar VPN","5","20","4.13","0.826","stellar feed"
"egypt","Stellar","Egypt 5GB 30Days + Free Stellar VPN","5","30","4.13","0.826","stellar feed"
"egypt","Stellar","Egypt 5GB 21Days + Free Stellar VPN","5","21","4.13","0.826","stellar feed"
"egypt","Stellar","Egypt 1GB 30Days + Free Stellar VPN","1","30","0.83","0.83","stellar feed"
"egypt","eSIM.dog","BLACK_EG_1GB_2D","1","2","0.83","0.83","https://esim.dog/eg"
"egypt","eSIM.dog","BLACK_EG_1GB_3D","1","3","0.83","0.83","https://esim.dog/eg"
"egypt","eSIM.dog","BLACK_EG_1GB_4D","1","4","0.83","0.83","https://esim.dog/eg"
"egypt","eSIM.dog","BLACK_EG_1GB_5D","1","5","0.83","0.83","https://esim.dog/eg"
"egypt","eSIM.dog","BLACK_EG_1GB_6D","1","6","0.83","0.83","https://esim.dog/eg"
"egypt","eSIM.dog","BLACK_EG_1GB_7D","1","7","0.83","0.83","https://esim.dog/eg"
"egypt","eSIM.dog","BLACK_EG_5GB_20D","5","20","4.15","0.83","https://esim.dog/eg"
"egypt","eSIM.dog","BLACK_EG_5GB_21D","5","21","4.15","0.83","https://esim.dog/eg"
"egypt","eSIM.dog","BLACK_EG_5GB_25D","5","25","4.15","0.83","https://esim.dog/eg"
"egypt","eSIM.dog","BLACK_EG_5GB_30D","5","30","4.15","0.83","https://esim.dog/eg"
"egypt","eSIM.dog","BLACK_EG_9GB_10D","9","10","7.47","0.83","https://esim.dog/eg"
"egypt","eSIM.dog","BLACK_EG_7GB_1D","7","1","5.86","0.837","https://esim.dog/eg"
"egypt","eSIM.dog","BLACK_EG_7GB_3D","7","3","5.86","0.837","https://esim.dog/eg"
"egypt","eSIM.dog","BLACK_EG_1GB_30D","1","30","0.84","0.84","https://esim.dog/eg"
"egypt","eSIM.dog","BLACK_EG_30GB_90D","30","90","25.27","0.842","https://esim.dog/eg"
"egypt","Stellar","Egypt 3GB 20Days + Free Stellar VPN","3","20","2.56","0.853","stellar feed"
"egypt","Stellar","Egypt 3GB 30Days + Free Stellar VPN","3","30","2.56","0.853","stellar feed"
"egypt","eSIM.dog","BLACK_EG_9GB_15D","9","15","7.68","0.853","https://esim.dog/eg"
"egypt","eSIM.dog","BLACK_EG_3GB_20D","3","20","2.57","0.857","https://esim.dog/eg"
"egypt","eSIM.dog","BLACK_EG_3GB_21D","3","21","2.57","0.857","https://esim.dog/eg"
"egypt","eSIM.dog","BLACK_EG_3GB_25D","3","25","2.57","0.857","https://esim.dog/eg"
"egypt","eSIM.dog","BLACK_EG_3GB_30D","3","30","2.57","0.857","https://esim.dog/eg"
"egypt","eSIM.dog","BLACK_EG_4GB_7D","4","7","3.46","0.865","https://esim.dog/eg"
"egypt","eSIM.dog","BLACK_EG_8GB_6D","8","6","6.93","0.866","https://esim.dog/eg"
"egypt","eSIM.dog","BLACK_EG_8GB_7D","8","7","6.93","0.866","https://esim.dog/eg"
"egypt","eSIM.dog","BLACK_EG_9GB_20D","9","20","7.82","0.869","https://esim.dog/eg"
"egypt","eSIM.dog","BLACK_EG_9GB_30D","9","30","7.83","0.87","https://esim.dog/eg"
"egypt","eSIM.dog","BLACK_EG_2GB_14D","2","14","1.8","0.9","https://esim.dog/eg"
"egypt","eSIM.dog","BLACK_EG_2GB_15D","2","15","1.8","0.9","https://esim.dog/eg"
"egypt","eSIM.dog","BLACK_EG_7GB_5D","7","5","6.4","0.914","https://esim.dog/eg"
"egypt","eSIM.dog","BLACK_EG_4GB_10D","4","10","3.67","0.917","https://esim.dog/eg"
"egypt","eSIM.dog","BLACK_EG_8GB_9D","8","9","7.47","0.934","https://esim.dog/eg"
"egypt","Stellar","Egypt 100MB 7Days + Free Stellar VPN","1","7","0.94","0.94","stellar feed"
"egypt","eSIM.dog","BLACK_EG_4GB_15D","4","15","3.76","0.94","https://esim.dog/eg"
"egypt","eSIM.dog","BLACK_EG_8GB_12D","8","12","7.68","0.96","https://esim.dog/eg"
"egypt","eSIM.dog","BLACK_EG_8GB_15D","8","15","7.68","0.96","https://esim.dog/eg"
"egypt","eSIM.dog","BLACK_EG_10GB_90D","10","90","9.65","0.965","https://esim.dog/eg"
"egypt","eSIM.dog","BLACK_EG_8GB_20D","8","20","7.82","0.978","https://esim.dog/eg"
"egypt","eSIM.dog","BLACK_EG_8GB_30D","8","30","7.83","0.979","https://esim.dog/eg"
"egypt","eSIM.dog","BLACK_EG_7GB_7D","7","7","6.93","0.99","https://esim.dog/eg"
"egypt","eSIM.dog","BLACK_EG_4GB_30D","4","30","4.15","1.038","https://esim.dog/eg"
"egypt","Stellar","Egypt 500MB 7Days + Free Stellar VPN","1","7","1.06","1.06","stellar feed"
"egypt","eSIM.dog","BLACK_EG_500MB_1D","0.5","1","0.53","1.06","https://esim.dog/eg"
"egypt","eSIM.dog","BLACK_EG_15GB_90D","15","90","15.91","1.061","https://esim.dog/eg"
"egypt","eSIM.dog","BLACK_EG_7GB_10D","7","10","7.47","1.067","https://esim.dog/eg"
"egypt","eSIM.dog","BLACK_EG_7GB_15D","7","15","7.68","1.097","https://esim.dog/eg"
"egypt","eSIM.dog","BLACK_EG_7GB_20D","7","20","7.82","1.117","https://esim.dog/eg"
"egypt","eSIM.dog","BLACK_EG_7GB_30D","7","30","7.83","1.119","https://esim.dog/eg"
"egypt","eSIM.dog","BLACK_EG_500MB_7D","0.5","7","0.63","1.26","https://esim.dog/eg"
"egypt","eSIM.dog","BLACK_EG_2GB_30D","2","30","2.57","1.285","https://esim.dog/eg"
"egypt","eSIM.dog","GREEN_EG_C055ED21E8","80","365","105.36","1.317","https://esim.dog/eg"
"egypt","eSIM.dog","BLACK_EG_5GB_45D","5","45","6.8","1.36","https://esim.dog/eg"
"egypt","eSIM.dog","BLACK_EG_5GB_60D","5","60","6.8","1.36","https://esim.dog/eg"
"egypt","eSIM.dog","BLACK_EG_5GB_90D","5","90","6.8","1.36","https://esim.dog/eg"
"egypt","Stellar","Egypt 4GB 20Days + Free Stellar VPN","4","20","5.58","1.395","stellar feed"
"egypt","Stellar","Egypt 4GB 30Days + Free Stellar VPN","4","30","5.58","1.395","stellar feed"
"egypt","eSIM.dog","GREEN_EG_CD3B658096","40","180","57.07","1.427","https://esim.dog/eg"
"egypt","eSIM.dog","BLACK_EG_3GB_90D","3","90","5.1","1.7","https://esim.dog/eg"
"egypt","eSIM.dog","GREEN_EG_9F43F17D67","10","365","19.1","1.91","https://esim.dog/eg"
"egypt","eSIM.dog","GREEN_EG_979A169D4A","5","365","9.65","1.93","https://esim.dog/eg"
"egypt","Airalo","giza-mobile-15days-20gb","20","15","41","2.05","https://www.airalo.com/egypt-esim"
"egypt","Airalo","giza-mobile-30days-20gb","20","30","42","2.1","https://www.airalo.com/egypt-esim"
"egypt","eSIM.dog","GREEN_EG_8776F0770B","40","365","89.49","2.237","https://esim.dog/eg"
"egypt","eSIM.dog","GREEN_EG_D07C145722","20","365","44.99","2.25","https://esim.dog/eg"
"egypt","eSIM.dog","BLACK_EG_1GB_90D","1","90","2.94","2.94","https://esim.dog/eg"
"egypt","Airalo","giza-mobile-7days-10gb","10","7","31","3.1","https://www.airalo.com/egypt-esim"
"egypt","Airalo","giza-mobile-15days-10gb","10","15","32","3.2","https://www.airalo.com/egypt-esim"
"egypt","eSIM.dog","YELLOW_EG_5E4A93D7D2","60","125","197.49","3.292","https://esim.dog/eg"
"egypt","Airalo","giza-mobile-30days-10gb","10","30","33","3.3","https://www.airalo.com/egypt-esim"
"egypt","Airalo","giza-mobile-7days-5gb","5","7","19","3.8","https://www.airalo.com/egypt-esim"
"egypt","Airalo","giza-mobile-15days-5gb","5","15","19.5","3.9","https://www.airalo.com/egypt-esim"
"egypt","Airalo","giza-mobile-3days-3gb","3","3","12","4","https://www.airalo.com/egypt-esim"
"egypt","Airalo","giza-mobile-30days-5gb","5","30","20","4","https://www.airalo.com/egypt-esim"
"egypt","eSIM.dog","GREEN_127121","0.49","1","1.99","4.061","https://esim.dog/eg"
"egypt","Airalo","giza-mobile-7days-3gb","3","7","14.5","4.833","https://www.airalo.com/egypt-esim"
"egypt","eSIM.dog","PA9ETM2M0","0.49","7","2.49","5.082","https://esim.dog/eg"
"egypt","Airalo","giza-mobile-3days-1gb","1","3","5.5","5.5","https://www.airalo.com/egypt-esim"
"egypt","eSIM.dog","YELLOW_EG_0B6A887046","10","180","66.49","6.649","https://esim.dog/eg"
"egypt","eSIM.dog","BLUE_EG_FFF2090D5C","1","365","7.99","7.99","https://esim.dog/eg"
"egypt","eSIM.dog","BLACK_EG_100MB_30D","0.1","30","0.84","8.4","https://esim.dog/eg"
"egypt","eSIM.dog","YELLOW_EG_B5058B9AA8","0.29","3","2.49","8.586","https://esim.dog/eg"
"egypt","eSIM.dog","YELLOW_EG_388FFBD795","0.2","30","1.79","8.95","https://esim.dog/eg"
"egypt","eSIM.dog","BLACK_EG_100MB_90D","0.1","90","0.98","9.8","https://esim.dog/eg"
"egypt","eSIM.dog","BLACK_EG_100MB_1D","0.1","1","1.49","14.9","https://esim.dog/eg"
"france","eSIM.dog","BLACK_FR_50GB_1D","50","1","11.17","0.223","https://esim.dog/fr"
"france","eSIM.dog","PINK_FR_583FE5023E","50","3","11.17","0.223","https://esim.dog/fr"
"france","eSIM.dog","PINK_FR_1A1CA9FC7E","50","5","11.17","0.223","https://esim.dog/fr"
"france","eSIM.dog","BLACK_FR_50GB_6D","50","6","11.17","0.223","https://esim.dog/fr"
"france","eSIM.dog","BLACK_FR_50GB_7D","50","7","11.17","0.223","https://esim.dog/fr"
"france","eSIM.dog","BLACK_FR_50GB_12D","50","12","11.17","0.223","https://esim.dog/fr"
"france","eSIM.dog","BLACK_FR_50GB_14D","50","14","11.17","0.223","https://esim.dog/fr"
"france","eSIM.dog","BLACK_FR_50GB_15D","50","15","11.17","0.223","https://esim.dog/fr"
"france","Stellar","France 50GB 15Days + Free Stellar VPN","50","15","11.18","0.224","stellar feed"
"france","eSIM.dog","AMBER_FR_50GB_20D_A456814B9D","50","20","11.23","0.225","https://esim.dog/fr"
"france","eSIM.dog","AMBER_FR_50GB_21D_D525000FD0","50","21","11.23","0.225","https://esim.dog/fr"
"france","eSIM.dog","AMBER_FR_50GB_25D_132EAFD6E4","50","25","11.23","0.225","https://esim.dog/fr"
"france","eSIM.dog","BLACK_FR_40GB_1D","40","1","11.17","0.279","https://esim.dog/fr"
"france","eSIM.dog","BLACK_FR_40GB_15D","40","15","11.17","0.279","https://esim.dog/fr"
"france","eSIM.dog","BLACK_FR_40GB_25D","40","25","11.23","0.281","https://esim.dog/fr"
"france","Stellar","France 100GB 60Days + Free Stellar VPN","100","60","28.17","0.282","stellar feed"
"france","eSIM.dog","BLACK_FR_20GB_1D","20","1","5.87","0.293","https://esim.dog/fr"
"france","eSIM.dog","PINK_FR_62FA1FF870","20","3","5.87","0.293","https://esim.dog/fr"
"france","eSIM.dog","PINK_FR_B2584E7DF8","20","5","5.87","0.293","https://esim.dog/fr"
"france","eSIM.dog","PINK_FR_80F6257978","20","7","5.87","0.293","https://esim.dog/fr"
"france","eSIM.dog","PINK_FR_F53FF6E7B0","20","12","5.87","0.293","https://esim.dog/fr"
"france","eSIM.dog","BLACK_FR_20GB_14D","20","14","5.87","0.293","https://esim.dog/fr"
"france","eSIM.dog","PINK_FR_AE4D3FD6B7","20","15","5.87","0.293","https://esim.dog/fr"
"france","eSIM.dog","BLACK_FR_20GB_20D","20","20","5.87","0.293","https://esim.dog/fr"
"france","eSIM.dog","BLACK_FR_20GB_21D","20","21","5.87","0.293","https://esim.dog/fr"
"france","eSIM.dog","BLACK_FR_20GB_25D","20","25","5.87","0.293","https://esim.dog/fr"
"france","eSIM.dog","YELLOW_FR_E3EED41684","20","30","5.87","0.293","https://esim.dog/fr"
"france","Stellar","France 20GB 20Days + Free Stellar VPN","20","20","5.88","0.294","stellar feed"
"france","Stellar","France 20GB 30Days + Free Stellar VPN","20","30","5.88","0.294","stellar feed"
"france","Stellar","France 50GB 20Days + Free Stellar VPN","50","20","14.95","0.299","stellar feed"
"france","eSIM.dog","BLACK_FR_30GB_1D","30","1","8.99","0.3","https://esim.dog/fr"
"france","eSIM.dog","PINK_FR_D53B03EA56","30","3","8.99","0.3","https://esim.dog/fr"
"france","eSIM.dog","PINK_FR_3EDC1CBAFB","30","5","8.99","0.3","https://esim.dog/fr"
"france","eSIM.dog","PINK_FR_E17602E31B","30","7","8.99","0.3","https://esim.dog/fr"
"france","eSIM.dog","PINK_FR_A4A3A66EFE","30","12","8.99","0.3","https://esim.dog/fr"
"france","eSIM.dog","BLACK_FR_30GB_14D","30","14","8.99","0.3","https://esim.dog/fr"
"france","eSIM.dog","PINK_FR_CE2AF7673E","30","15","8.99","0.3","https://esim.dog/fr"
"france","eSIM.dog","BLACK_FR_30GB_20D","30","20","8.99","0.3","https://esim.dog/fr"
"france","eSIM.dog","BLACK_FR_30GB_21D","30","21","9.43","0.314","https://esim.dog/fr"
"france","eSIM.dog","PINK_FR_E6A4E50EA0","3","1","1.01","0.337","https://esim.dog/fr"
"france","eSIM.dog","BLACK_FR_5GB_1D","5","1","1.69","0.338","https://esim.dog/fr"
"france","eSIM.dog","PINK_FR_3B2F1C45AC","5","3","1.69","0.338","https://esim.dog/fr"
"france","eSIM.dog","PINK_FR_2F942A4CFE","5","5","1.69","0.338","https://esim.dog/fr"
"france","eSIM.dog","BLACK_FR_5GB_6D","5","6","1.69","0.338","https://esim.dog/fr"
"france","eSIM.dog","PINK_FR_6891DD754C","5","7","1.69","0.338","https://esim.dog/fr"
"france","eSIM.dog","PINK_FR_6D5169B5BC","5","10","1.69","0.338","https://esim.dog/fr"
"france","eSIM.dog","BLACK_FR_5GB_12D","5","12","1.69","0.338","https://esim.dog/fr"
"france","eSIM.dog","BLACK_FR_5GB_14D","5","14","1.69","0.338","https://esim.dog/fr"
"france","eSIM.dog","BLACK_FR_5GB_15D","5","15","1.69","0.338","https://esim.dog/fr"
"france","eSIM.dog","BLACK_FR_5GB_20D","5","20","1.69","0.338","https://esim.dog/fr"
"france","eSIM.dog","BLACK_FR_5GB_21D","5","21","1.69","0.338","https://esim.dog/fr"
"france","eSIM.dog","BLACK_FR_5GB_25D","5","25","1.69","0.338","https://esim.dog/fr"
"france","eSIM.dog","BLACK_FR_5GB_30D","5","30","1.69","0.338","https://esim.dog/fr"
"france","eSIM.dog","BLACK_FR_10GB_1D","10","1","3.39","0.339","https://esim.dog/fr"
"france","eSIM.dog","PINK_FR_59ED3FDE31","100","30","33.89","0.339","https://esim.dog/fr"
"france","Stellar","France 5GB 20Days + Free Stellar VPN","5","20","1.7","0.34","stellar feed"
"france","Stellar","France 5GB 15Days + Free Stellar VPN","5","15","1.7","0.34","stellar feed"
"france","Stellar","France 3GB 1Days + Free Stellar VPN","3","1","1.02","0.34","stellar feed"
"france","Stellar","France 5GB 30Days + Free Stellar VPN","5","30","1.7","0.34","stellar feed"
"france","eSIM.dog","PINK_FR_81958BC683","3","3","1.03","0.343","https://esim.dog/fr"
"france","eSIM.dog","PINK_FR_33DC991DB7","3","5","1.03","0.343","https://esim.dog/fr"
"france","Stellar","France 3GB 5Days + Free Stellar VPN","3","5","1.04","0.347","stellar feed"
"france","eSIM.dog","BLACK_FR_4GB_1D","4","1","1.39","0.347","https://esim.dog/fr"
"france","eSIM.dog","BLACK_FR_4GB_30D","4","30","1.39","0.347","https://esim.dog/fr"
"france","Stellar","France 50GB 30Days + Free Stellar VPN","50","30","17.49","0.35","stellar feed"
"france","eSIM.dog","PINK_FR_25CED38CF0","3","7","1.05","0.35","https://esim.dog/fr"
"france","eSIM.dog","AMBER_FR_3GB_12D_6E65B21717","3","12","1.05","0.35","https://esim.dog/fr"
"france","eSIM.dog","AMBER_FR_3GB_15D_E15AD1106F","3","15","1.05","0.35","https://esim.dog/fr"
"france","eSIM.dog","AMBER_FR_3GB_20D_28DC1A7F04","3","20","1.05","0.35","https://esim.dog/fr"
"france","eSIM.dog","AMBER_FR_3GB_25D_7F34F52622","3","25","1.05","0.35","https://esim.dog/fr"
"france","eSIM.dog","AMBER_FR_3GB_30D_27BAFADADE","3","30","1.05","0.35","https://esim.dog/fr"
"france","eSIM.dog","CKH1006","50","30","17.48","0.35","https://esim.dog/fr"
"france","Stellar","France 5GB 10Days + Free Stellar VPN","5","10","1.76","0.352","stellar feed"
"france","eSIM.dog","BLACK_FR_7GB_1D","7","1","2.58","0.369","https://esim.dog/fr"
"france","eSIM.dog","BLACK_FR_7GB_30D","7","30","2.58","0.369","https://esim.dog/fr"
"france","eSIM.dog","BLACK_FR_6GB_1D","6","1","2.24","0.373","https://esim.dog/fr"
"france","eSIM.dog","BLACK_FR_6GB_30D","6","30","2.24","0.373","https://esim.dog/fr"
"france","eSIM.dog","BLACK_FR_9GB_1D","9","1","3.39","0.377","https://esim.dog/fr"
"france","eSIM.dog","BLACK_FR_8GB_1D","8","1","3.02","0.378","https://esim.dog/fr"
"france","eSIM.dog","BLACK_FR_8GB_9D","8","9","3.02","0.378","https://esim.dog/fr"
"france","eSIM.dog","BLACK_FR_8GB_10D","8","10","3.02","0.378","https://esim.dog/fr"
"france","eSIM.dog","BLACK_FR_8GB_14D","8","14","3.02","0.378","https://esim.dog/fr"
"france","eSIM.dog","BLACK_FR_8GB_15D","8","15","3.02","0.378","https://esim.dog/fr"
"france","eSIM.dog","BLACK_FR_8GB_20D","8","20","3.02","0.378","https://esim.dog/fr"
"france","eSIM.dog","BLACK_FR_8GB_25D","8","25","3.02","0.378","https://esim.dog/fr"
"france","eSIM.dog","BLACK_FR_8GB_30D","8","30","3.02","0.378","https://esim.dog/fr"
"france","eSIM.dog","PINK_FR_F7113CBB18","10","3","3.84","0.384","https://esim.dog/fr"
"france","eSIM.dog","BLACK_FR_15GB_1D","15","1","5.87","0.391","https://esim.dog/fr"
"france","eSIM.dog","BLACK_FR_15GB_20D","15","20","5.87","0.391","https://esim.dog/fr"
"france","eSIM.dog","PINK_FR_75F8AADBFC","15","30","5.87","0.391","https://esim.dog/fr"
"france","eSIM.dog","PINK_FR_8601979703","10","5","3.94","0.394","https://esim.dog/fr"
"france","eSIM.dog","BLACK_FR_10GB_6D","10","6","3.94","0.394","https://esim.dog/fr"
"france","eSIM.dog","PINK_FR_0BBDC19AB7","10","7","3.94","0.394","https://esim.dog/fr"
"france","eSIM.dog","PINK_FR_74FE9A1252","10","12","3.94","0.394","https://esim.dog/fr"
"france","eSIM.dog","BLACK_FR_10GB_14D","10","14","3.94","0.394","https://esim.dog/fr"
"france","eSIM.dog","PINK_FR_0801611D43","10","15","3.94","0.394","https://esim.dog/fr"
"france","eSIM.dog","BLACK_FR_10GB_20D","10","20","3.94","0.394","https://esim.dog/fr"
"france","eSIM.dog","BLACK_FR_10GB_21D","10","21","3.94","0.394","https://esim.dog/fr"
"france","eSIM.dog","BLACK_FR_10GB_25D","10","25","3.94","0.394","https://esim.dog/fr"
"france","eSIM.dog","YELLOW_FR_5BBF517EDB","10","30","3.94","0.394","https://esim.dog/fr"
"france","eSIM.dog","BLACK_FR_12GB_1D","12","1","4.73","0.394","https://esim.dog/fr"
"france","eSIM.dog","BLACK_FR_12GB_30D","12","30","4.73","0.394","https://esim.dog/fr"
"france","Stellar","France 10GB 20Days + Free Stellar VPN","10","20","3.95","0.395","stellar feed"
"france","Stellar","France 10GB 30Days + Free Stellar VPN","10","30","3.95","0.395","stellar feed"
"france","Stellar","France 50GB 180Days + Free Stellar VPN","50","180","20.46","0.409","stellar feed"
"france","eSIM.dog","BLACK_FR_9GB_30D","9","30","3.68","0.409","https://esim.dog/fr"
"france","eSIM.dog","PINK_FR_08536D8EC2","30","30","12.26","0.409","https://esim.dog/fr"
"france","eSIM.dog","BLUE_FR_A60A7BA438","50","31","20.45","0.409","https://esim.dog/fr"
"france","eSIM.dog","BLACK_FR_50GB_45D","50","45","20.45","0.409","https://esim.dog/fr"
"france","eSIM.dog","BLACK_FR_50GB_60D","50","60","20.45","0.409","https://esim.dog/fr"
"france","eSIM.dog","BLACK_FR_50GB_80D","50","80","20.45","0.409","https://esim.dog/fr"
"france","eSIM.dog","BLACK_FR_50GB_90D","50","90","20.45","0.409","https://esim.dog/fr"
"france","eSIM.dog","BLACK_FR_40GB_30D","40","30","17.48","0.437","https://esim.dog/fr"
"france","eSIM.dog","P5ML89XJG","50","180","22.34","0.447","https://esim.dog/fr"
"france","eSIM.dog","BLUE_FR_E6FFCF1965","20","31","9.42","0.471","https://esim.dog/fr"
"france","eSIM.dog","BLACK_FR_20GB_80D","20","80","9.49","0.475","https://esim.dog/fr"
"france","eSIM.dog","BLACK_FR_20GB_90D","20","90","9.49","0.475","https://esim.dog/fr"
"france","eSIM.dog","BLUE_FR_DE630B1A27","10","31","4.89","0.489","https://esim.dog/fr"
"france","eSIM.dog","PINK_FR_42A102389B","2","1","1","0.5","https://esim.dog/fr"
"france","eSIM.dog","BLACK_FR_2GB_14D","2","14","1","0.5","https://esim.dog/fr"
"france","eSIM.dog","BLACK_FR_2GB_15D","2","15","1","0.5","https://esim.dog/fr"
"france","Stellar","France 2GB 15Days + Free Stellar VPN","2","15","1.01","0.505","stellar feed"
"france","Stellar","France 1GB 7Days + Free Stellar VPN","1","7","0.51","0.51","stellar feed"
"france","eSIM.dog","BLACK_FR_40GB_90D","40","90","20.45","0.511","https://esim.dog/fr"
"france","eSIM.dog","BLACK_FR_2GB_30D","2","30","1.03","0.515","https://esim.dog/fr"
"france","Stellar","France 2GB 30Days + Free Stellar VPN","2","30","1.04","0.52","stellar feed"
"france","Stellar","France 3GB 30Days + Free Stellar VPN","3","30","1.63","0.543","stellar feed"
"france","Stellar","France 3GB 15Days + Free Stellar VPN","3","15","1.7","0.567","stellar feed"
"france","eSIM.dog","BLACK_FR_30GB_45D","30","45","17.16","0.572","https://esim.dog/fr"
"france","eSIM.dog","BLACK_FR_30GB_60D","30","60","17.16","0.572","https://esim.dog/fr"
"france","eSIM.dog","BLACK_FR_30GB_80D","30","80","17.16","0.572","https://esim.dog/fr"
"france","Stellar","France 100MB 7Days + Free Stellar VPN","1","7","0.58","0.58","stellar feed"
"france","eSIM.dog","BLACK_FR_10GB_90D","10","90","5.99","0.599","https://esim.dog/fr"
"france","eSIM.dog","PINK_FR_1D193CB033","1","1","0.61","0.61","https://esim.dog/fr"
"france","eSIM.dog","PINK_FR_C935C84C75","1","3","0.61","0.61","https://esim.dog/fr"
"france","eSIM.dog","BLACK_FR_1GB_4D","1","4","0.61","0.61","https://esim.dog/fr"
"france","eSIM.dog","BLACK_FR_1GB_5D","1","5","0.61","0.61","https://esim.dog/fr"
"france","eSIM.dog","BLACK_FR_1GB_6D","1","6","0.61","0.61","https://esim.dog/fr"
"france","eSIM.dog","BLUE_FR_86A4AA0BF1","1","7","0.61","0.61","https://esim.dog/fr"
"france","eSIM.dog","BLACK_FR_15GB_90D","15","90","9.49","0.633","https://esim.dog/fr"
"france","Airalo","elan-in-30days-50gb","50","30","35","0.7","https://www.airalo.com/france-esim"
"france","Stellar","France 5GB 21Days + Free Stellar VPN","5","21","3.94","0.788","stellar feed"
"france","Stellar","France 3GB 20Days + Free Stellar VPN","3","20","2.43","0.81","stellar feed"
"france","eSIM.dog","BLACK_FR_1GB_9D","1","9","0.82","0.82","https://esim.dog/fr"
"france","eSIM.dog","BLACK_FR_1GB_12D","1","12","0.83","0.83","https://esim.dog/fr"
"france","eSIM.dog","BLACK_FR_1GB_14D","1","14","0.83","0.83","https://esim.dog/fr"
"france","eSIM.dog","BLACK_FR_1GB_15D","1","15","0.83","0.83","https://esim.dog/fr"
"france","eSIM.dog","BLACK_FR_1GB_20D","1","20","0.83","0.83","https://esim.dog/fr"
"france","eSIM.dog","BLACK_FR_1GB_21D","1","21","0.83","0.83","https://esim.dog/fr"
"france","eSIM.dog","BLACK_FR_1GB_25D","1","25","0.83","0.83","https://esim.dog/fr"
"france","eSIM.dog","BLACK_FR_1GB_30D","1","30","0.83","0.83","https://esim.dog/fr"
"france","Stellar","France 1GB 30Days + Free Stellar VPN","1","30","0.84","0.84","stellar feed"
"france","eSIM.dog","BLACK_FR_5GB_45D","5","45","4.44","0.888","https://esim.dog/fr"
"france","Stellar","France 5GB 45Days + Free Stellar VPN","5","45","4.45","0.89","stellar feed"
"france","eSIM.dog","BLACK_FR_5GB_60D","5","60","4.93","0.986","https://esim.dog/fr"
"france","Stellar","France 5GB 60Days + Free Stellar VPN","5","60","4.94","0.988","stellar feed"
"france","eSIM.dog","BLACK_FR_5GB_90D","5","90","4.99","0.998","https://esim.dog/fr"
"france","Airalo","elan-in-15days-20gb","20","15","22.5","1.125","https://www.airalo.com/france-esim"
"france","Saily","20GB / 30d","20","30","22.99","1.149","https://saily.com/esim-france/"
"france","eSIM.dog","PINK_FR_3568F36BA0","10","365","11.49","1.149","https://esim.dog/fr"
"france","Airalo","elan-in-30days-20gb","20","30","23","1.15","https://www.airalo.com/france-esim"
"france","eSIM.dog","BLACK_FR_500MB_7D","0.5","7","0.58","1.16","https://esim.dog/fr"
"france","eSIM.dog","BLACK_FR_4GB_60D","4","60","4.93","1.232","https://esim.dog/fr"
"france","eSIM.dog","GREEN_FR_22F25E0B59","80","365","119.49","1.494","https://esim.dog/fr"
"france","eSIM.dog","BLACK_FR_1GB_60D","1","60","1.53","1.53","https://esim.dog/fr"
"france","Airalo","elan-in-7days-10gb","10","7","16","1.6","https://www.airalo.com/france-esim"
"france","eSIM.dog","GREEN_FR_47996D1F5C","40","180","64.99","1.625","https://esim.dog/fr"
"france","eSIM.dog","BLACK_FR_500MB_10D","0.5","10","0.82","1.64","https://esim.dog/fr"
"france","Airalo","elan-in-15days-10gb","10","15","16.5","1.65","https://www.airalo.com/france-esim"
"france","eSIM.dog","BLACK_FR_500MB_30D","0.5","30","0.83","1.66","https://esim.dog/fr"
"france","Saily","10GB / 30d","10","30","16.99","1.699","https://saily.com/esim-france/"
"france","Airalo","elan-in-30days-10gb","10","30","17","1.7","https://www.airalo.com/france-esim"
"france","eSIM.dog","YELLOW_FR_2F2100D9A9","100","180","185.49","1.855","https://esim.dog/fr"
"france","eSIM.dog","BLACK_FR_1GB_90D","1","90","1.94","1.94","https://esim.dog/fr"
"france","eSIM.dog","BLACK_FR_2GB_90D","2","90","3.89","1.945","https://esim.dog/fr"
"france","Airalo","elan-in-7days-5gb","5","7","10","2","https://www.airalo.com/france-esim"
"france","eSIM.dog","PINK_FR_21C41E9433","30","180","60.49","2.016","https://esim.dog/fr"
"france","Airalo","elan-in-15days-5gb","5","15","10.5","2.1","https://www.airalo.com/france-esim"
"france","Saily","5GB / 30d","5","30","10.99","2.198","https://saily.com/esim-france/"
"france","Airalo","elan-in-30days-5gb","5","30","11","2.2","https://www.airalo.com/france-esim"
"france","eSIM.dog","GREEN_FR_1671E03872","40","365","89.49","2.237","https://esim.dog/fr"
"france","eSIM.dog","GREEN_FR_B314EC330F","20","365","44.99","2.25","https://esim.dog/fr"
"france","Airalo","elan-in-3days-3gb","3","3","7","2.333","https://www.airalo.com/france-esim"
"france","eSIM.dog","GREEN_FR_0C60A4C960","5","365","12.49","2.498","https://esim.dog/fr"
"france","Airalo","elan-in-7days-3gb","3","7","7.5","2.5","https://www.airalo.com/france-esim"
"france","eSIM.dog","BLACK_FR_500MB_1D","0.5","1","1.49","2.98","https://esim.dog/fr"
"france","Saily","3GB / 30d","3","30","8.99","2.997","https://saily.com/esim-france/"
"france","eSIM.dog","PL2WG7K9D","0.49","1","1.49","3.041","https://esim.dog/fr"
"france","eSIM.dog","YELLOW_FR_F663FF32F6","60","125","197.49","3.292","https://esim.dog/fr"
"france","Saily","1GB / 7d","1","7","3.99","3.99","https://saily.com/esim-france/"
"france","Airalo","elan-in-3days-1gb","1","3","4","4","https://www.airalo.com/france-esim"
"france","eSIM.dog","YELLOW_FR_4D35D3CE6F","0.49","3","2.49","5.082","https://esim.dog/fr"
"france","eSIM.dog","YELLOW_FR_FCD1883501","10","180","66.49","6.649","https://esim.dog/fr"
"france","eSIM.dog","BLACK_FR_100MB_30D","0.1","30","0.83","8.3","https://esim.dog/fr"
"france","eSIM.dog","BLUE_FR_AE1FDB796C","1","365","8.49","8.49","https://esim.dog/fr"
"france","eSIM.dog","YELLOW_FR_9640019094","0.29","3","2.49","8.586","https://esim.dog/fr"
"france","eSIM.dog","BLACK_FR_100MB_90D","0.1","90","0.98","9.8","https://esim.dog/fr"
"france","eSIM.dog","PJSV39OVZ","0.1","7","1.49","14.9","https://esim.dog/fr"
"france","eSIM.dog","BLACK_FR_100MB_1D","0.1","1","1.49","14.9","https://esim.dog/fr"
"france","eSIM.dog","YELLOW_FR_65B0058AFC","0.2","30","2.99","14.95","https://esim.dog/fr"
"georgia","eSIM.dog","BLACK_GE_50GB_1D","50","1","14.98","0.3","https://esim.dog/ge"
"georgia","eSIM.dog","BLACK_GE_50GB_3D","50","3","14.98","0.3","https://esim.dog/ge"
"georgia","eSIM.dog","BLACK_GE_50GB_5D","50","5","15.62","0.312","https://esim.dog/ge"
"georgia","eSIM.dog","BLACK_GE_20GB_1D","20","1","6.48","0.324","https://esim.dog/ge"
"georgia","eSIM.dog","BLACK_GE_20GB_3D","20","3","6.48","0.324","https://esim.dog/ge"
"georgia","eSIM.dog","BLACK_GE_30GB_1D","30","1","9.83","0.328","https://esim.dog/ge"
"georgia","eSIM.dog","BLACK_GE_30GB_2D","30","2","9.83","0.328","https://esim.dog/ge"
"georgia","eSIM.dog","BLACK_GE_30GB_3D","30","3","9.83","0.328","https://esim.dog/ge"
"georgia","eSIM.dog","BLACK_GE_50GB_6D","50","6","16.51","0.33","https://esim.dog/ge"
"georgia","eSIM.dog","BLACK_GE_50GB_7D","50","7","16.51","0.33","https://esim.dog/ge"
"georgia","eSIM.dog","BLACK_GE_20GB_5D","20","5","6.67","0.334","https://esim.dog/ge"
"georgia","eSIM.dog","BLACK_GE_20GB_7D","20","7","6.86","0.343","https://esim.dog/ge"
"georgia","eSIM.dog","BLACK_GE_30GB_4D","30","4","10.37","0.346","https://esim.dog/ge"
"georgia","eSIM.dog","BLACK_GE_30GB_5D","30","5","10.37","0.346","https://esim.dog/ge"
"georgia","eSIM.dog","BLACK_GE_50GB_10D","50","10","17.34","0.347","https://esim.dog/ge"
"georgia","eSIM.dog","BLACK_GE_20GB_10D","20","10","7.21","0.36","https://esim.dog/ge"
"georgia","eSIM.dog","BLACK_GE_30GB_6D","30","6","11.01","0.367","https://esim.dog/ge"
"georgia","eSIM.dog","BLACK_GE_30GB_7D","30","7","11.01","0.367","https://esim.dog/ge"
"georgia","eSIM.dog","BLACK_GE_40GB_1D","40","1","14.98","0.374","https://esim.dog/ge"
"georgia","eSIM.dog","BLACK_GE_40GB_3D","40","3","14.98","0.374","https://esim.dog/ge"
"georgia","eSIM.dog","BLACK_GE_20GB_12D","20","12","7.58","0.379","https://esim.dog/ge"
"georgia","eSIM.dog","BLACK_GE_20GB_14D","20","14","7.58","0.379","https://esim.dog/ge"
"georgia","eSIM.dog","BLACK_GE_20GB_15D","20","15","7.58","0.379","https://esim.dog/ge"
"georgia","eSIM.dog","BLACK_GE_30GB_9D","30","9","11.63","0.388","https://esim.dog/ge"
"georgia","eSIM.dog","BLACK_GE_30GB_10D","30","10","11.63","0.388","https://esim.dog/ge"
"georgia","eSIM.dog","BLACK_GE_40GB_5D","40","5","15.62","0.39","https://esim.dog/ge"
"georgia","eSIM.dog","BLACK_GE_50GB_12D","50","12","19.87","0.397","https://esim.dog/ge"
"georgia","eSIM.dog","BLACK_GE_50GB_14D","50","14","19.87","0.397","https://esim.dog/ge"
"georgia","eSIM.dog","BLACK_GE_50GB_15D","50","15","19.87","0.397","https://esim.dog/ge"
"georgia","eSIM.dog","BLACK_GE_20GB_20D","20","20","8.12","0.406","https://esim.dog/ge"
"georgia","eSIM.dog","BLACK_GE_20GB_21D","20","21","8.12","0.406","https://esim.dog/ge"
"georgia","eSIM.dog","BLACK_GE_20GB_25D","20","25","8.12","0.406","https://esim.dog/ge"
"georgia","eSIM.dog","BLACK_GE_20GB_30D","20","30","8.12","0.406","https://esim.dog/ge"
"georgia","eSIM.dog","BLACK_GE_30GB_14D","30","14","12.19","0.406","https://esim.dog/ge"
"georgia","eSIM.dog","BLACK_GE_30GB_15D","30","15","12.19","0.406","https://esim.dog/ge"
"georgia","eSIM.dog","BLACK_GE_40GB_7D","40","7","16.51","0.413","https://esim.dog/ge"
"georgia","eSIM.dog","BLACK_GE_10GB_1D","10","1","4.14","0.414","https://esim.dog/ge"
"georgia","eSIM.dog","BLACK_GE_10GB_3D","10","3","4.14","0.414","https://esim.dog/ge"
"georgia","eSIM.dog","BLACK_GE_15GB_1D","15","1","6.48","0.432","https://esim.dog/ge"
"georgia","eSIM.dog","BLACK_GE_15GB_3D","15","3","6.48","0.432","https://esim.dog/ge"
"georgia","eSIM.dog","BLACK_GE_40GB_10D","40","10","17.34","0.433","https://esim.dog/ge"
"georgia","eSIM.dog","BLACK_GE_10GB_5D","10","5","4.41","0.441","https://esim.dog/ge"
"georgia","eSIM.dog","BLACK_GE_50GB_20D","50","20","22.21","0.444","https://esim.dog/ge"
"georgia","eSIM.dog","BLACK_GE_50GB_21D","50","21","22.21","0.444","https://esim.dog/ge"
"georgia","eSIM.dog","BLACK_GE_50GB_25D","50","25","22.21","0.444","https://esim.dog/ge"
"georgia","eSIM.dog","BLACK_GE_50GB_30D","50","30","22.21","0.444","https://esim.dog/ge"
"georgia","eSIM.dog","BLACK_GE_15GB_5D","15","5","6.67","0.445","https://esim.dog/ge"
"georgia","eSIM.dog","BLACK_GE_15GB_7D","15","7","6.86","0.457","https://esim.dog/ge"
"georgia","eSIM.dog","BLACK_GE_9GB_1D","9","1","4.14","0.46","https://esim.dog/ge"
"georgia","eSIM.dog","BLACK_GE_9GB_3D","9","3","4.14","0.46","https://esim.dog/ge"
"georgia","eSIM.dog","BLACK_GE_10GB_6D","10","6","4.6","0.46","https://esim.dog/ge"
"georgia","eSIM.dog","BLACK_GE_10GB_7D","10","7","4.6","0.46","https://esim.dog/ge"
"georgia","eSIM.dog","BLACK_GE_30GB_20D","30","20","13.9","0.463","https://esim.dog/ge"
"georgia","eSIM.dog","BLACK_GE_30GB_25D","30","25","13.9","0.463","https://esim.dog/ge"
"georgia","eSIM.dog","BLACK_GE_30GB_30D","30","30","13.9","0.463","https://esim.dog/ge"
"georgia","eSIM.dog","BLACK_GE_10GB_10D","10","10","4.76","0.476","https://esim.dog/ge"
"georgia","eSIM.dog","BLACK_GE_15GB_10D","15","10","7.21","0.481","https://esim.dog/ge"
"georgia","eSIM.dog","BLACK_GE_9GB_5D","9","5","4.41","0.49","https://esim.dog/ge"
"georgia","eSIM.dog","BLACK_GE_10GB_12D","10","12","4.95","0.495","https://esim.dog/ge"
"georgia","eSIM.dog","BLACK_GE_10GB_14D","10","14","4.95","0.495","https://esim.dog/ge"
"georgia","eSIM.dog","BLACK_GE_10GB_15D","10","15","4.95","0.495","https://esim.dog/ge"
"georgia","eSIM.dog","BLACK_GE_40GB_15D","40","15","19.87","0.497","https://esim.dog/ge"
"georgia","eSIM.dog","BLACK_GE_15GB_15D","15","15","7.58","0.505","https://esim.dog/ge"
"georgia","eSIM.dog","BLACK_GE_9GB_7D","9","7","4.6","0.511","https://esim.dog/ge"
"georgia","eSIM.dog","BLACK_GE_50GB_45D","50","45","25.88","0.518","https://esim.dog/ge"
"georgia","eSIM.dog","BLACK_GE_5GB_1D","5","1","2.64","0.528","https://esim.dog/ge"
"georgia","eSIM.dog","BLACK_GE_5GB_3D","5","3","2.64","0.528","https://esim.dog/ge"
"georgia","eSIM.dog","BLACK_GE_9GB_10D","9","10","4.76","0.529","https://esim.dog/ge"
"georgia","eSIM.dog","PNB6T9VV8","3","1","1.59","0.53","https://esim.dog/ge"
"georgia","eSIM.dog","BLACK_GE_10GB_20D","10","20","5.41","0.541","https://esim.dog/ge"
"georgia","eSIM.dog","BLACK_GE_10GB_21D","10","21","5.41","0.541","https://esim.dog/ge"
"georgia","eSIM.dog","BLACK_GE_10GB_25D","10","25","5.41","0.541","https://esim.dog/ge"
"georgia","eSIM.dog","BLACK_GE_10GB_30D","10","30","5.41","0.541","https://esim.dog/ge"
"georgia","eSIM.dog","BLACK_GE_15GB_30D","15","30","8.12","0.541","https://esim.dog/ge"
"georgia","eSIM.dog","BLACK_GE_9GB_15D","9","15","4.95","0.55","https://esim.dog/ge"
"georgia","eSIM.dog","BLACK_GE_40GB_30D","40","30","22.21","0.555","https://esim.dog/ge"
"georgia","eSIM.dog","BLACK_GE_5GB_5D","5","5","2.82","0.564","https://esim.dog/ge"
"georgia","eSIM.dog","BLACK_GE_5GB_6D","5","6","2.96","0.592","https://esim.dog/ge"
"georgia","eSIM.dog","BLACK_GE_5GB_7D","5","7","2.96","0.592","https://esim.dog/ge"
"georgia","Stellar","Georgia 20GB 20Days + Free Stellar VPN","20","20","11.94","0.597","stellar feed"
"georgia","Stellar","Georgia 20GB 30Days + Free Stellar VPN","20","30","11.94","0.597","stellar feed"
"georgia","eSIM.dog","BLACK_GE_9GB_30D","9","30","5.41","0.601","https://esim.dog/ge"
"georgia","eSIM.dog","BLACK_GE_5GB_10D","5","10","3.03","0.606","https://esim.dog/ge"
"georgia","eSIM.dog","BLACK_GE_5GB_12D","5","12","3.27","0.654","https://esim.dog/ge"
"georgia","eSIM.dog","BLACK_GE_5GB_14D","5","14","3.27","0.654","https://esim.dog/ge"
"georgia","eSIM.dog","BLACK_GE_5GB_15D","5","15","3.27","0.654","https://esim.dog/ge"
"georgia","eSIM.dog","BLACK_GE_4GB_1D","4","1","2.64","0.66","https://esim.dog/ge"
"georgia","eSIM.dog","BLACK_GE_4GB_3D","4","3","2.64","0.66","https://esim.dog/ge"
"georgia","eSIM.dog","BLACK_GE_5GB_20D","5","20","3.42","0.684","https://esim.dog/ge"
"georgia","eSIM.dog","BLACK_GE_5GB_21D","5","21","3.42","0.684","https://esim.dog/ge"
"georgia","eSIM.dog","BLACK_GE_5GB_25D","5","25","3.42","0.684","https://esim.dog/ge"
"georgia","eSIM.dog","BLACK_GE_3GB_2D","3","2","2.11","0.703","https://esim.dog/ge"
"georgia","eSIM.dog","BLACK_GE_3GB_3D","3","3","2.11","0.703","https://esim.dog/ge"
"georgia","eSIM.dog","BLACK_GE_2GB_1D","2","1","1.41","0.705","https://esim.dog/ge"
"georgia","eSIM.dog","BLACK_GE_4GB_5D","4","5","2.82","0.705","https://esim.dog/ge"
"georgia","eSIM.dog","CKH602","5","30","3.54","0.708","https://esim.dog/ge"
"georgia","eSIM.dog","BLACK_GE_3GB_4D","3","4","2.18","0.727","https://esim.dog/ge"
"georgia","eSIM.dog","BLACK_GE_3GB_5D","3","5","2.18","0.727","https://esim.dog/ge"
"georgia","eSIM.dog","BLACK_GE_50GB_80D","50","80","36.42","0.728","https://esim.dog/ge"
"georgia","eSIM.dog","BLACK_GE_50GB_90D","50","90","36.42","0.728","https://esim.dog/ge"
"georgia","eSIM.dog","BLACK_GE_4GB_7D","4","7","2.96","0.74","https://esim.dog/ge"
"georgia","eSIM.dog","BLACK_GE_3GB_7D","3","7","2.24","0.747","https://esim.dog/ge"
"georgia","eSIM.dog","BLACK_GE_3GB_10D","3","10","2.24","0.747","https://esim.dog/ge"
"georgia","eSIM.dog","BLACK_GE_3GB_14D","3","14","2.24","0.747","https://esim.dog/ge"
"georgia","eSIM.dog","CKH601","3","15","2.24","0.747","https://esim.dog/ge"
"georgia","eSIM.dog","BLACK_GE_3GB_20D","3","20","2.24","0.747","https://esim.dog/ge"
"georgia","eSIM.dog","BLACK_GE_3GB_25D","3","25","2.24","0.747","https://esim.dog/ge"
"georgia","eSIM.dog","BLACK_GE_3GB_30D","3","30","2.24","0.747","https://esim.dog/ge"
"georgia","eSIM.dog","BLACK_GE_1GB_3D","1","3","0.75","0.75","https://esim.dog/ge"
"georgia","eSIM.dog","BLACK_GE_1GB_4D","1","4","0.75","0.75","https://esim.dog/ge"
"georgia","eSIM.dog","BLACK_GE_1GB_5D","1","5","0.75","0.75","https://esim.dog/ge"
"georgia","eSIM.dog","BLACK_GE_1GB_6D","1","6","0.75","0.75","https://esim.dog/ge"
"georgia","eSIM.dog","CKH511","1","7","0.75","0.75","https://esim.dog/ge"
"georgia","eSIM.dog","BLACK_GE_1GB_30D","1","30","0.75","0.75","https://esim.dog/ge"
"georgia","eSIM.dog","BLACK_GE_4GB_10D","4","10","3.03","0.757","https://esim.dog/ge"
"georgia","Stellar","Georgia 1GB 30Days + Free Stellar VPN","1","30","0.76","0.76","stellar feed"
"georgia","Stellar","Georgia 5GB 15Days + Free Stellar VPN","5","15","3.81","0.762","stellar feed"
"georgia","Stellar","Georgia 5GB 21Days + Free Stellar VPN","5","21","3.81","0.762","stellar feed"
"georgia","Stellar","Georgia 5GB 10Days + Free Stellar VPN","5","10","3.81","0.762","stellar feed"
"georgia","Stellar","Georgia 3GB 5Days + Free Stellar VPN","3","5","2.29","0.763","stellar feed"
"georgia","Stellar","Georgia 3GB 1Days + Free Stellar VPN","3","1","2.29","0.763","stellar feed"
"georgia","eSIM.dog","BLACK_GE_30GB_90D","30","90","23.26","0.775","https://esim.dog/ge"
"georgia","Stellar","Georgia 3GB 15Days + Free Stellar VPN","3","15","2.39","0.797","stellar feed"
"georgia","Stellar","Georgia 10GB 20Days + Free Stellar VPN","10","20","8.02","0.802","stellar feed"
"georgia","Stellar","Georgia 10GB 30Days + Free Stellar VPN","10","30","8.02","0.802","stellar feed"
"georgia","Stellar","Georgia 5GB 20Days + Free Stellar VPN","5","20","4.06","0.812","stellar feed"
"georgia","Stellar","Georgia 5GB 30Days + Free Stellar VPN","5","30","4.06","0.812","stellar feed"
"georgia","eSIM.dog","BLACK_GE_4GB_15D","4","15","3.27","0.818","https://esim.dog/ge"
"georgia","Stellar","Georgia 3GB 20Days + Free Stellar VPN","3","20","2.47","0.823","stellar feed"
"georgia","Stellar","Georgia 3GB 30Days + Free Stellar VPN","3","30","2.47","0.823","stellar feed"
"georgia","eSIM.dog","BLACK_GE_20GB_80D","20","80","16.49","0.824","https://esim.dog/ge"
"georgia","eSIM.dog","BLACK_GE_20GB_90D","20","90","16.49","0.824","https://esim.dog/ge"
"georgia","eSIM.dog","BLACK_GE_4GB_25D","4","25","3.42","0.855","https://esim.dog/ge"
"georgia","eSIM.dog","BLACK_GE_4GB_30D","4","30","3.54","0.885","https://esim.dog/ge"
"georgia","eSIM.dog","BLACK_GE_10GB_90D","10","90","8.96","0.896","https://esim.dog/ge"
"georgia","eSIM.dog","BLACK_GE_40GB_90D","40","90","36.42","0.911","https://esim.dog/ge"
"georgia","eSIM.dog","BLACK_GE_2GB_14D","2","14","1.86","0.93","https://esim.dog/ge"
"georgia","eSIM.dog","BLACK_GE_2GB_15D","2","15","1.86","0.93","https://esim.dog/ge"
"georgia","Airalo","gaumarjos-30days-50gb","50","30","49","0.98","https://www.airalo.com/georgia-esim"
"georgia","Airalo","gaumarjos-plus-30days-50gb","50","30","49","0.98","https://www.airalo.com/georgia-esim"
"georgia","eSIM.dog","BLACK_GE_3GB_6D","3","6","2.99","0.997","https://esim.dog/ge"
"georgia","eSIM.dog","BLACK_GE_500MB_1D","0.5","1","0.53","1.06","https://esim.dog/ge"
"georgia","eSIM.dog","PJCB7UMFE","0.49","1","0.53","1.082","https://esim.dog/ge"
"georgia","eSIM.dog","BLACK_GE_15GB_90D","15","90","16.49","1.099","https://esim.dog/ge"
"georgia","eSIM.dog","BLACK_GE_2GB_30D","2","30","2.22","1.11","https://esim.dog/ge"
"georgia","Stellar","Georgia 2GB 20Days + Free Stellar VPN","2","20","2.23","1.115","stellar feed"
"georgia","Stellar","Georgia 2GB 30Days + Free Stellar VPN","2","30","2.23","1.115","stellar feed"
"georgia","Stellar","Georgia 750MB 7Days + Free Stellar VPN","1","7","1.16","1.16","stellar feed"
"georgia","Stellar","Georgia 1GB 7Days + Free Stellar VPN","1","7","1.16","1.16","stellar feed"
"georgia","eSIM.dog","GREEN_GE_411DDBEB5B","80","365","105.36","1.317","https://esim.dog/ge"
"georgia","eSIM.dog","BLACK_GE_3GB_9D","3","9","4.49","1.497","https://esim.dog/ge"
"georgia","eSIM.dog","GREEN_GE_64F5AFBC18","40","180","64.99","1.625","https://esim.dog/ge"
"georgia","eSIM.dog","BLACK_GE_5GB_60D","5","60","8.96","1.792","https://esim.dog/ge"
"georgia","Airalo","gaumarjos-30days-20gb","20","30","36.5","1.825","https://www.airalo.com/georgia-esim"
"georgia","Airalo","gaumarjos-plus-30days-20gb","20","30","36.5","1.825","https://www.airalo.com/georgia-esim"
"georgia","eSIM.dog","YELLOW_GE_0665B7B450","100","180","185.49","1.855","https://esim.dog/ge"
"georgia","Airalo","gaumarjos-15days-20gb","20","15","38","1.9","https://www.airalo.com/georgia-esim"
"georgia","Airalo","gaumarjos-plus-15days-20gb","20","15","38","1.9","https://www.airalo.com/georgia-esim"
"georgia","eSIM.dog","GREEN_GE_F9D696BB51","10","365","19.12","1.912","https://esim.dog/ge"
"georgia","eSIM.dog","GREEN_GE_DC3F7F31A3","5","365","9.65","1.93","https://esim.dog/ge"
"georgia","eSIM.dog","BLACK_GE_1GB_90D","1","90","1.94","1.94","https://esim.dog/ge"
"georgia","eSIM.dog","BLACK_GE_2GB_90D","2","90","3.89","1.945","https://esim.dog/ge"
"georgia","eSIM.dog","BLACK_GE_3GB_90D","3","90","5.84","1.947","https://esim.dog/ge"
"georgia","eSIM.dog","BLACK_GE_4GB_90D","4","90","7.79","1.948","https://esim.dog/ge"
"georgia","eSIM.dog","PYA78QW9K","1","1","1.99","1.99","https://esim.dog/ge"
"georgia","eSIM.dog","BLACK_GE_1GB_2D","1","2","1.99","1.99","https://esim.dog/ge"
"georgia","eSIM.dog","GREEN_GE_678F8174E4","40","365","89.49","2.237","https://esim.dog/ge"
"georgia","eSIM.dog","GREEN_GE_BB8884B200","20","365","44.99","2.25","https://esim.dog/ge"
"georgia","Airalo","gaumarjos-7days-10gb","10","7","27","2.7","https://www.airalo.com/georgia-esim"
"georgia","Airalo","gaumarjos-plus-7days-10gb","10","7","27","2.7","https://www.airalo.com/georgia-esim"
"georgia","Airalo","gaumarjos-15days-10gb","10","15","27.5","2.75","https://www.airalo.com/georgia-esim"
"georgia","Airalo","gaumarjos-plus-15days-10gb","10","15","27.5","2.75","https://www.airalo.com/georgia-esim"
"georgia","Airalo","gaumarjos-30days-10gb","10","30","28.5","2.85","https://www.airalo.com/georgia-esim"
"georgia","Airalo","gaumarjos-plus-30days-10gb","10","30","28.5","2.85","https://www.airalo.com/georgia-esim"
"georgia","Airalo","gaumarjos-7days-5gb","5","7","15","3","https://www.airalo.com/georgia-esim"
"georgia","Airalo","gaumarjos-plus-7days-5gb","5","7","15","3","https://www.airalo.com/georgia-esim"
"georgia","Airalo","gaumarjos-15days-5gb","5","15","16","3.2","https://www.airalo.com/georgia-esim"
"georgia","Airalo","gaumarjos-plus-15days-5gb","5","15","16","3.2","https://www.airalo.com/georgia-esim"
"georgia","eSIM.dog","YELLOW_GE_21B89994B2","60","125","197.49","3.292","https://esim.dog/ge"
"georgia","Airalo","gaumarjos-3days-3gb","3","3","10","3.333","https://www.airalo.com/georgia-esim"
"georgia","Airalo","gaumarjos-plus-3days-3gb","3","3","10","3.333","https://www.airalo.com/georgia-esim"
"georgia","Airalo","gaumarjos-30days-5gb","5","30","17","3.4","https://www.airalo.com/georgia-esim"
"georgia","Airalo","gaumarjos-plus-30days-5gb","5","30","17","3.4","https://www.airalo.com/georgia-esim"
"georgia","Airalo","gaumarjos-7days-3gb","3","7","11","3.667","https://www.airalo.com/georgia-esim"
"georgia","Airalo","gaumarjos-plus-7days-3gb","3","7","11","3.667","https://www.airalo.com/georgia-esim"
"georgia","Airalo","gaumarjos-plus-7days-1gb","1","7","4.5","4.5","https://www.airalo.com/georgia-esim"
"georgia","Airalo","gaumarjos-3days-1gb","1","3","4.5","4.5","https://www.airalo.com/georgia-esim"
"georgia","Airalo","gaumarjos-plus-3days-1gb","1","3","4.5","4.5","https://www.airalo.com/georgia-esim"
"georgia","eSIM.dog","YELLOW_GE_A02377B86A","0.49","3","2.49","5.082","https://esim.dog/ge"
"georgia","eSIM.dog","YELLOW_GE_2578AFD8B8","10","180","66.49","6.649","https://esim.dog/ge"
"georgia","eSIM.dog","BLACK_GE_100MB_30D","0.1","30","0.75","7.5","https://esim.dog/ge"
"georgia","eSIM.dog","YELLOW_GE_BD2A7B2131","0.2","30","1.84","9.2","https://esim.dog/ge"
"georgia","eSIM.dog","BLACK_GE_100MB_90D","0.1","90","0.98","9.8","https://esim.dog/ge"
"georgia","eSIM.dog","BLACK_GE_100MB_1D","0.1","1","1.49","14.9","https://esim.dog/ge"
"georgia","eSIM.dog","BLUE_GE_2E6D80097F","1","365","16.49","16.49","https://esim.dog/ge"
"germany","Stellar","Germany 50GB 20Days + Free Stellar VPN","50","20","10.97","0.219","stellar feed"
"germany","Stellar","Germany 50GB 15Days + Free Stellar VPN","50","15","10.97","0.219","stellar feed"
"germany","eSIM.dog","BLACK_DE_50GB_1D","50","1","10.99","0.22","https://esim.dog/de"
"germany","eSIM.dog","PINK_DE_805E52C90E","50","3","10.99","0.22","https://esim.dog/de"
"germany","eSIM.dog","BLACK_DE_50GB_5D","50","5","10.99","0.22","https://esim.dog/de"
"germany","eSIM.dog","BLACK_DE_50GB_6D","50","6","10.99","0.22","https://esim.dog/de"
"germany","eSIM.dog","BLACK_DE_50GB_7D","50","7","10.99","0.22","https://esim.dog/de"
"germany","eSIM.dog","BLACK_DE_50GB_12D","50","12","10.99","0.22","https://esim.dog/de"
"germany","eSIM.dog","BLACK_DE_50GB_14D","50","14","10.99","0.22","https://esim.dog/de"
"germany","eSIM.dog","BLACK_DE_50GB_15D","50","15","10.99","0.22","https://esim.dog/de"
"germany","eSIM.dog","BLACK_DE_50GB_20D","50","20","10.99","0.22","https://esim.dog/de"
"germany","eSIM.dog","BLACK_DE_50GB_21D","50","21","11.23","0.225","https://esim.dog/de"
"germany","eSIM.dog","BLACK_DE_50GB_25D","50","25","11.23","0.225","https://esim.dog/de"
"germany","Stellar","Germany 20GB 20Days + Free Stellar VPN","20","20","5.39","0.269","stellar feed"
"germany","Stellar","Germany 20GB 30Days + Free Stellar VPN","20","30","5.39","0.269","stellar feed"
"germany","eSIM.dog","BLACK_DE_20GB_1D","20","1","5.41","0.271","https://esim.dog/de"
"germany","eSIM.dog","PINK_DE_9924B3BF2F","20","3","5.41","0.271","https://esim.dog/de"
"germany","eSIM.dog","PINK_DE_92129A0146","20","5","5.41","0.271","https://esim.dog/de"
"germany","eSIM.dog","PINK_DE_1CF477E05D","20","7","5.41","0.271","https://esim.dog/de"
"germany","eSIM.dog","PINK_DE_6372E5A8E3","20","10","5.41","0.271","https://esim.dog/de"
"germany","eSIM.dog","BLACK_DE_20GB_12D","20","12","5.41","0.271","https://esim.dog/de"
"germany","eSIM.dog","BLACK_DE_20GB_14D","20","14","5.41","0.271","https://esim.dog/de"
"germany","eSIM.dog","BLACK_DE_20GB_15D","20","15","5.41","0.271","https://esim.dog/de"
"germany","eSIM.dog","BLACK_DE_20GB_20D","20","20","5.41","0.271","https://esim.dog/de"
"germany","eSIM.dog","BLACK_DE_20GB_21D","20","21","5.41","0.271","https://esim.dog/de"
"germany","eSIM.dog","BLACK_DE_20GB_25D","20","25","5.41","0.271","https://esim.dog/de"
"germany","eSIM.dog","YELLOW_DE_1C694A2269","20","30","5.41","0.271","https://esim.dog/de"
"germany","Stellar","Germany 10GB 20Days + Free Stellar VPN","10","20","2.73","0.273","stellar feed"
"germany","Stellar","Germany 10GB 30Days + Free Stellar VPN","10","30","2.73","0.273","stellar feed"
"germany","eSIM.dog","BLACK_DE_10GB_1D","10","1","2.75","0.275","https://esim.dog/de"
"germany","eSIM.dog","PINK_DE_3EAFCCE98A","10","3","2.75","0.275","https://esim.dog/de"
"germany","eSIM.dog","PINK_DE_8B3E58BF1D","10","5","2.75","0.275","https://esim.dog/de"
"germany","eSIM.dog","BLACK_DE_10GB_6D","10","6","2.75","0.275","https://esim.dog/de"
"germany","eSIM.dog","BLACK_DE_10GB_7D","10","7","2.75","0.275","https://esim.dog/de"
"germany","eSIM.dog","BLACK_DE_10GB_12D","10","12","2.75","0.275","https://esim.dog/de"
"germany","eSIM.dog","BLACK_DE_10GB_14D","10","14","2.75","0.275","https://esim.dog/de"
"germany","eSIM.dog","BLACK_DE_10GB_15D","10","15","2.75","0.275","https://esim.dog/de"
"germany","eSIM.dog","BLACK_DE_10GB_20D","10","20","2.75","0.275","https://esim.dog/de"
"germany","eSIM.dog","BLACK_DE_10GB_21D","10","21","2.75","0.275","https://esim.dog/de"
"germany","eSIM.dog","BLACK_DE_10GB_25D","10","25","2.75","0.275","https://esim.dog/de"
"germany","eSIM.dog","BLACK_DE_10GB_30D","10","30","2.75","0.275","https://esim.dog/de"
"germany","eSIM.dog","BLACK_DE_40GB_1D","40","1","10.99","0.275","https://esim.dog/de"
"germany","eSIM.dog","BLACK_DE_40GB_20D","40","20","10.99","0.275","https://esim.dog/de"
"germany","eSIM.dog","BLACK_DE_40GB_25D","40","25","11.23","0.281","https://esim.dog/de"
"germany","Stellar","Germany 5GB 10Days + Free Stellar VPN","5","10","1.43","0.286","stellar feed"
"germany","Stellar","Germany 5GB 15Days + Free Stellar VPN","5","15","1.43","0.286","stellar feed"
"germany","Stellar","Germany 5GB 20Days + Free Stellar VPN","5","20","1.45","0.29","stellar feed"
"germany","Stellar","Germany 5GB 30Days + Free Stellar VPN","5","30","1.45","0.29","stellar feed"
"germany","eSIM.dog","BLACK_DE_5GB_1D","5","1","1.45","0.29","https://esim.dog/de"
"germany","eSIM.dog","PINK_DE_F1CA2DE729","5","3","1.45","0.29","https://esim.dog/de"
"germany","eSIM.dog","PINK_DE_8A1CB341CC","5","5","1.45","0.29","https://esim.dog/de"
"germany","eSIM.dog","BLACK_DE_5GB_6D","5","6","1.45","0.29","https://esim.dog/de"
"germany","eSIM.dog","BLACK_DE_5GB_7D","5","7","1.45","0.29","https://esim.dog/de"
"germany","eSIM.dog","BLACK_DE_5GB_10D","5","10","1.45","0.29","https://esim.dog/de"
"germany","eSIM.dog","BLACK_DE_5GB_12D","5","12","1.45","0.29","https://esim.dog/de"
"germany","eSIM.dog","BLACK_DE_5GB_14D","5","14","1.45","0.29","https://esim.dog/de"
"germany","eSIM.dog","BLACK_DE_5GB_15D","5","15","1.45","0.29","https://esim.dog/de"
"germany","eSIM.dog","BLACK_DE_5GB_20D","5","20","1.46","0.292","https://esim.dog/de"
"germany","eSIM.dog","BLACK_DE_5GB_21D","5","21","1.46","0.292","https://esim.dog/de"
"germany","eSIM.dog","BLACK_DE_5GB_25D","5","25","1.46","0.292","https://esim.dog/de"
"germany","eSIM.dog","BLACK_DE_5GB_30D","5","30","1.46","0.292","https://esim.dog/de"
"germany","Stellar","Germany 100GB 60Days + Free Stellar VPN","100","60","29.45","0.294","stellar feed"
"germany","eSIM.dog","PINK_DE_6B5BFA44FB","100","30","29.44","0.294","https://esim.dog/de"
"germany","Stellar","Germany 9GB 30Days + Free Stellar VPN","9","30","2.67","0.297","stellar feed"
"germany","eSIM.dog","BLACK_DE_9GB_1D","9","1","2.69","0.299","https://esim.dog/de"
"germany","eSIM.dog","BLACK_DE_9GB_30D","9","30","2.69","0.299","https://esim.dog/de"
"germany","eSIM.dog","BLACK_DE_30GB_1D","30","1","8.99","0.3","https://esim.dog/de"
"germany","eSIM.dog","PINK_DE_11FCB2A8BE","30","3","8.99","0.3","https://esim.dog/de"
"germany","eSIM.dog","PINK_DE_21D7C7335C","30","5","8.99","0.3","https://esim.dog/de"
"germany","eSIM.dog","PINK_DE_21FF5CBA71","30","7","8.99","0.3","https://esim.dog/de"
"germany","eSIM.dog","PINK_DE_A65F899922","30","12","8.99","0.3","https://esim.dog/de"
"germany","eSIM.dog","BLACK_DE_30GB_14D","30","14","8.99","0.3","https://esim.dog/de"
"germany","eSIM.dog","PINK_DE_3C8FA5242E","30","15","8.99","0.3","https://esim.dog/de"
"germany","eSIM.dog","BLACK_DE_30GB_20D","30","20","8.99","0.3","https://esim.dog/de"
"germany","Stellar","Germany 7GB 30Days + Free Stellar VPN","7","30","2.13","0.304","stellar feed"
"germany","eSIM.dog","BLACK_DE_7GB_1D","7","1","2.14","0.306","https://esim.dog/de"
"germany","eSIM.dog","BLACK_DE_7GB_30D","7","30","2.14","0.306","https://esim.dog/de"
"germany","Stellar","Germany 3GB 20Days + Free Stellar VPN","3","20","0.93","0.31","stellar feed"
"germany","Stellar","Germany 3GB 5Days + Free Stellar VPN","3","5","0.93","0.31","stellar feed"
"germany","Stellar","Germany 8GB 20Days + Free Stellar VPN","8","20","2.51","0.314","stellar feed"
"germany","Stellar","Germany 8GB 30Days + Free Stellar VPN","8","30","2.51","0.314","stellar feed"
"germany","eSIM.dog","BLACK_DE_30GB_21D","30","21","9.43","0.314","https://esim.dog/de"
"germany","eSIM.dog","BLACK_DE_8GB_1D","8","1","2.53","0.316","https://esim.dog/de"
"germany","eSIM.dog","BLACK_DE_8GB_9D","8","9","2.53","0.316","https://esim.dog/de"
"germany","eSIM.dog","BLACK_DE_8GB_10D","8","10","2.53","0.316","https://esim.dog/de"
"germany","eSIM.dog","BLACK_DE_8GB_14D","8","14","2.53","0.316","https://esim.dog/de"
"germany","eSIM.dog","BLACK_DE_8GB_15D","8","15","2.53","0.316","https://esim.dog/de"
"germany","eSIM.dog","BLACK_DE_8GB_20D","8","20","2.53","0.316","https://esim.dog/de"
"germany","eSIM.dog","BLACK_DE_8GB_25D","8","25","2.53","0.316","https://esim.dog/de"
"germany","eSIM.dog","BLACK_DE_8GB_30D","8","30","2.53","0.316","https://esim.dog/de"
"germany","eSIM.dog","PINK_DE_6EBC81E978","3","1","0.95","0.317","https://esim.dog/de"
"germany","eSIM.dog","PINK_DE_49A57FFE61","3","3","0.95","0.317","https://esim.dog/de"
"germany","eSIM.dog","PINK_DE_C4D1655062","3","5","0.95","0.317","https://esim.dog/de"
"germany","eSIM.dog","BLACK_DE_3GB_7D","3","7","0.95","0.317","https://esim.dog/de"
"germany","eSIM.dog","BLACK_DE_3GB_10D","3","10","0.95","0.317","https://esim.dog/de"
"germany","eSIM.dog","BLACK_DE_3GB_12D","3","12","0.95","0.317","https://esim.dog/de"
"germany","eSIM.dog","BLACK_DE_3GB_14D","3","14","0.95","0.317","https://esim.dog/de"
"germany","eSIM.dog","BLACK_DE_3GB_15D","3","15","0.95","0.317","https://esim.dog/de"
"germany","eSIM.dog","BLACK_DE_3GB_20D","3","20","0.95","0.317","https://esim.dog/de"
"germany","Stellar","Germany 50GB 30Days + Free Stellar VPN","50","30","16.43","0.329","stellar feed"
"germany","eSIM.dog","CKH1014","50","30","16.45","0.329","https://esim.dog/de"
"germany","Stellar","Germany 9GB 20Days + Free Stellar VPN","9","20","3","0.333","stellar feed"
"germany","Stellar","Germany 6GB 30Days + Free Stellar VPN","6","30","2","0.333","stellar feed"
"germany","eSIM.dog","BLACK_DE_3GB_21D","3","21","1","0.333","https://esim.dog/de"
"germany","eSIM.dog","BLACK_DE_3GB_25D","3","25","1","0.333","https://esim.dog/de"
"germany","eSIM.dog","AMBER_DE_3GB_30D_2E0B65EFE5","3","30","1","0.333","https://esim.dog/de"
"germany","eSIM.dog","BLACK_DE_4GB_1D","4","1","1.34","0.335","https://esim.dog/de"
"germany","eSIM.dog","BLACK_DE_4GB_30D","4","30","1.34","0.335","https://esim.dog/de"
"germany","eSIM.dog","BLACK_DE_6GB_1D","6","1","2.02","0.337","https://esim.dog/de"
"germany","eSIM.dog","BLACK_DE_193E367B3B","6","30","2.02","0.337","https://esim.dog/de"
"germany","eSIM.dog","BLACK_DE_15GB_1D","15","1","5.41","0.361","https://esim.dog/de"
"germany","eSIM.dog","PINK_DE_DFAE507C21","15","12","5.41","0.361","https://esim.dog/de"
"germany","eSIM.dog","PINK_DE_5B282609BA","15","15","5.41","0.361","https://esim.dog/de"
"germany","eSIM.dog","BLACK_DE_15GB_20D","15","20","5.41","0.361","https://esim.dog/de"
"germany","eSIM.dog","PINK_DE_1EDAA81732","15","30","5.41","0.361","https://esim.dog/de"
"germany","Stellar","Germany 7GB 20Days + Free Stellar VPN","7","20","2.73","0.39","stellar feed"
"germany","eSIM.dog","BLACK_DE_12GB_1D","12","1","4.73","0.394","https://esim.dog/de"
"germany","eSIM.dog","BLACK_DE_00A6786F4F","12","30","4.73","0.394","https://esim.dog/de"
"germany","Stellar","Germany 50GB 180Days + Free Stellar VPN","50","180","19.96","0.399","stellar feed"
"germany","eSIM.dog","BLUE_DE_564E345688","50","31","19.95","0.399","https://esim.dog/de"
"germany","eSIM.dog","BLACK_DE_50GB_45D","50","45","19.95","0.399","https://esim.dog/de"
"germany","eSIM.dog","BLACK_DE_50GB_60D","50","60","19.95","0.399","https://esim.dog/de"
"germany","eSIM.dog","BLACK_DE_50GB_80D","50","80","19.95","0.399","https://esim.dog/de"
"germany","eSIM.dog","PINK_DE_E80178FE07","30","30","12.31","0.41","https://esim.dog/de"
"germany","eSIM.dog","BLACK_DE_40GB_30D","40","30","16.45","0.411","https://esim.dog/de"
"germany","Stellar","Germany 6GB 20Days + Free Stellar VPN","6","20","2.59","0.432","stellar feed"
"germany","eSIM.dog","PMDYU8KU3","50","180","22.34","0.447","https://esim.dog/de"
"germany","eSIM.dog","BLUE_DE_6E48270552","20","31","9.42","0.471","https://esim.dog/de"
"germany","eSIM.dog","BLACK_DE_2GB_15D","2","15","0.95","0.475","https://esim.dog/de"
"germany","eSIM.dog","BLACK_DE_2GB_20D","2","20","0.95","0.475","https://esim.dog/de"
"germany","eSIM.dog","BLACK_DE_20GB_80D","20","80","9.49","0.475","https://esim.dog/de"
"germany","eSIM.dog","BLACK_DE_20GB_90D","20","90","9.49","0.475","https://esim.dog/de"
"germany","eSIM.dog","BLUE_DE_1C01B072CE","10","31","4.89","0.489","https://esim.dog/de"
"germany","Stellar","Germany 2GB 30Days + Free Stellar VPN","2","30","0.99","0.495","stellar feed"
"germany","eSIM.dog","BLACK_DE_40GB_90D","40","90","19.95","0.499","https://esim.dog/de"
"germany","eSIM.dog","BLACK_DE_2GB_30D","2","30","1","0.5","https://esim.dog/de"
"germany","Stellar","Germany 2GB 15Days + Free Stellar VPN","2","15","1.01","0.505","stellar feed"
"germany","eSIM.dog","BLACK_DE_30GB_45D","30","45","16.24","0.541","https://esim.dog/de"
"germany","eSIM.dog","BLACK_DE_30GB_60D","30","60","16.24","0.541","https://esim.dog/de"
"germany","eSIM.dog","BLACK_DE_30GB_80D","30","80","16.24","0.541","https://esim.dog/de"
"germany","eSIM.dog","PINK_DE_E9CAA8A87B","1","1","0.59","0.59","https://esim.dog/de"
"germany","eSIM.dog","BLACK_DE_10GB_90D","10","90","5.99","0.599","https://esim.dog/de"
"germany","eSIM.dog","CKH993","1","7","0.61","0.61","https://esim.dog/de"
"germany","eSIM.dog","BLACK_DE_15GB_90D","15","90","9.49","0.633","https://esim.dog/de"
"germany","Stellar","Germany 750MB 7Days + Free Stellar VPN","1","7","0.67","0.67","stellar feed"
"germany","Stellar","Germany 3GB 30Days + Free Stellar VPN","3","30","2.01","0.67","stellar feed"
"germany","eSIM.dog","BLUE_DE_BAE26EAF6B","100","180","68.25","0.682","https://esim.dog/de"
"germany","Airalo","hallo-mobil-30days-50gb","50","30","36","0.72","https://www.airalo.com/germany-esim"
"germany","Stellar","Germany 1GB 7Days + Free Stellar VPN","1","7","0.77","0.77","stellar feed"
"germany","Stellar","Germany 5GB 21Days + Free Stellar VPN","5","21","3.98","0.796","stellar feed"
"germany","eSIM.dog","BLACK_DE_5GB_45D","5","45","4.39","0.878","https://esim.dog/de"
"germany","Stellar","Germany 5GB 45Days + Free Stellar VPN","5","45","4.4","0.88","stellar feed"
"germany","eSIM.dog","BLACK_DE_1GB_9D","1","9","0.95","0.95","https://esim.dog/de"
"germany","eSIM.dog","BLACK_DE_1GB_12D","1","12","0.95","0.95","https://esim.dog/de"
"germany","eSIM.dog","BLACK_DE_1GB_15D","1","15","0.95","0.95","https://esim.dog/de"
"germany","eSIM.dog","BLACK_DE_1GB_20D","1","20","0.95","0.95","https://esim.dog/de"
"germany","eSIM.dog","BLACK_DE_5GB_60D","5","60","4.88","0.976","https://esim.dog/de"
"germany","Stellar","Germany 5GB 60Days + Free Stellar VPN","5","60","4.89","0.978","stellar feed"
"germany","Stellar","Germany 1GB 30Days + Free Stellar VPN","1","30","0.99","0.99","stellar feed"
"germany","eSIM.dog","BLACK_DE_5GB_90D","5","90","4.99","0.998","https://esim.dog/de"
"germany","eSIM.dog","BLACK_DE_1GB_25D","1","25","1","1","https://esim.dog/de"
"germany","eSIM.dog","BLACK_DE_1GB_30D","1","30","1","1","https://esim.dog/de"
"germany","eSIM.dog","PINK_DE_31959E97D9","10","365","10.66","1.066","https://esim.dog/de"
"germany","Airalo","hallo-mobil-15days-20gb","20","15","22.5","1.125","https://www.airalo.com/germany-esim"
"germany","eSIM.dog","BLACK_DE_500MB_7D","0.5","7","0.57","1.14","https://esim.dog/de"
"germany","Saily","20GB / 30d","20","30","22.99","1.149","https://saily.com/esim-germany/"
"germany","Airalo","hallo-mobil-30days-20gb","20","30","23","1.15","https://www.airalo.com/germany-esim"
"germany","eSIM.dog","BLACK_DE_4GB_60D","4","60","4.88","1.22","https://esim.dog/de"
"germany","Stellar","Germany 3GB 15Days + Free Stellar VPN","3","15","3.97","1.323","stellar feed"
"germany","eSIM.dog","BLACK_DE_3GB_90D","3","90","4.19","1.397","https://esim.dog/de"
"germany","eSIM.dog","GREEN_DE_0BBC692BCE","80","365","119.49","1.494","https://esim.dog/de"
"germany","Airalo","hallo-mobil-7days-10gb","10","7","15","1.5","https://www.airalo.com/germany-esim"
"germany","eSIM.dog","BLACK_DE_1GB_60D","1","60","1.53","1.53","https://esim.dog/de"
"germany","Airalo","hallo-mobil-15days-10gb","10","15","15.5","1.55","https://www.airalo.com/germany-esim"
"germany","Airalo","hallo-mobil-30days-10gb","10","30","16","1.6","https://www.airalo.com/germany-esim"
"germany","eSIM.dog","GREEN_DE_46B4959C3D","40","180","64.99","1.625","https://esim.dog/de"
"germany","Stellar","Germany 3GB 1Days + Free Stellar VPN","3","1","4.89","1.63","stellar feed"
"germany","Saily","10GB / 30d","10","30","16.99","1.699","https://saily.com/esim-germany/"
"germany","eSIM.dog","BLACK_DE_500MB_20D","0.5","20","0.95","1.9","https://esim.dog/de"
"germany","eSIM.dog","BLACK_DE_1GB_90D","1","90","1.94","1.94","https://esim.dog/de"
"germany","eSIM.dog","BLACK_DE_2GB_90D","2","90","3.89","1.945","https://esim.dog/de"
"germany","eSIM.dog","PINK_DE_5CF2937F6C","1","3","1.99","1.99","https://esim.dog/de"
"germany","eSIM.dog","BLACK_DE_1GB_4D","1","4","1.99","1.99","https://esim.dog/de"
"germany","eSIM.dog","BLACK_DE_1GB_5D","1","5","1.99","1.99","https://esim.dog/de"
"germany","eSIM.dog","BLACK_DE_1GB_6D","1","6","1.99","1.99","https://esim.dog/de"
"germany","Airalo","hallo-mobil-7days-5gb","5","7","10","2","https://www.airalo.com/germany-esim"
"germany","eSIM.dog","BLACK_DE_500MB_30D","0.5","30","1","2","https://esim.dog/de"
"germany","eSIM.dog","PINK_DE_352FCBF6F0","30","180","60.49","2.016","https://esim.dog/de"
"germany","Airalo","hallo-mobil-15days-5gb","5","15","10.5","2.1","https://www.airalo.com/germany-esim"
"germany","Saily","5GB / 30d","5","30","10.99","2.198","https://saily.com/esim-germany/"
"germany","Airalo","hallo-mobil-30days-5gb","5","30","11","2.2","https://www.airalo.com/germany-esim"
"germany","eSIM.dog","GREEN_DE_C510DB9CEA","40","365","89.49","2.237","https://esim.dog/de"
"germany","eSIM.dog","GREEN_DE_F66B45C12E","20","365","44.99","2.25","https://esim.dog/de"
"germany","eSIM.dog","GREEN_DE_4B9B6573F6","5","365","12.49","2.498","https://esim.dog/de"
"germany","Airalo","hallo-mobil-3days-3gb","3","3","7.5","2.5","https://www.airalo.com/germany-esim"
"germany","Airalo","hallo-mobil-7days-3gb","3","7","8","2.667","https://www.airalo.com/germany-esim"
"germany","eSIM.dog","BLACK_DE_500MB_1D","0.5","1","1.49","2.98","https://esim.dog/de"
"germany","Saily","3GB / 30d","3","30","8.99","2.997","https://saily.com/esim-germany/"
"germany","eSIM.dog","PQWSL862L","0.49","1","1.49","3.041","https://esim.dog/de"
"germany","eSIM.dog","YELLOW_DE_4B2814320F","60","125","197.49","3.292","https://esim.dog/de"
"germany","Airalo","hallo-mobil-3days-1gb","1","3","4","4","https://www.airalo.com/germany-esim"
"germany","Saily","1GB / 7d","1","7","4.49","4.49","https://saily.com/esim-germany/"
"germany","eSIM.dog","YELLOW_DE_65E1712406","0.49","3","2.49","5.082","https://esim.dog/de"
"germany","eSIM.dog","YELLOW_DE_E5D4B1EFDF","10","180","66.49","6.649","https://esim.dog/de"
"germany","eSIM.dog","BLUE_DE_EBFF32CE50","1","365","7.99","7.99","https://esim.dog/de"
"germany","eSIM.dog","YELLOW_DE_88A20015C4","0.29","3","2.49","8.586","https://esim.dog/de"
"germany","eSIM.dog","BLACK_DE_100MB_90D","0.1","90","0.98","9.8","https://esim.dog/de"
"germany","eSIM.dog","BLACK_DE_100MB_1D","0.1","1","1.49","14.9","https://esim.dog/de"
"germany","eSIM.dog","YELLOW_DE_20EDA13890","0.2","30","2.99","14.95","https://esim.dog/de"
"greece","Stellar","Greece 50GB 20Days + Free Stellar VPN","50","20","11.14","0.223","stellar feed"
"greece","Stellar","Greece 50GB 15Days + Free Stellar VPN","50","15","11.14","0.223","stellar feed"
"greece","eSIM.dog","BLACK_GR_50GB_1D","50","1","11.16","0.223","https://esim.dog/gr"
"greece","eSIM.dog","PINK_GR_C1682C3189","50","3","11.16","0.223","https://esim.dog/gr"
"greece","eSIM.dog","PINK_GR_EA59353928","50","5","11.16","0.223","https://esim.dog/gr"
"greece","eSIM.dog","BLACK_GR_50GB_6D","50","6","11.16","0.223","https://esim.dog/gr"
"greece","eSIM.dog","BLACK_GR_50GB_7D","50","7","11.16","0.223","https://esim.dog/gr"
"greece","eSIM.dog","BLACK_GR_50GB_12D","50","12","11.16","0.223","https://esim.dog/gr"
"greece","eSIM.dog","BLACK_GR_50GB_14D","50","14","11.16","0.223","https://esim.dog/gr"
"greece","eSIM.dog","BLACK_GR_50GB_15D","50","15","11.16","0.223","https://esim.dog/gr"
"greece","eSIM.dog","BLACK_GR_50GB_20D","50","20","11.16","0.223","https://esim.dog/gr"
"greece","eSIM.dog","BLACK_GR_50GB_21D","50","21","11.23","0.225","https://esim.dog/gr"
"greece","eSIM.dog","BLACK_GR_50GB_25D","50","25","11.23","0.225","https://esim.dog/gr"
"greece","eSIM.dog","BLACK_GR_40GB_1D","40","1","11.16","0.279","https://esim.dog/gr"
"greece","eSIM.dog","BLACK_GR_40GB_20D","40","20","11.16","0.279","https://esim.dog/gr"
"greece","eSIM.dog","BLACK_GR_40GB_25D","40","25","11.23","0.281","https://esim.dog/gr"
"greece","Stellar","Greece 20GB 20Days + Free Stellar VPN","20","20","5.94","0.297","stellar feed"
"greece","eSIM.dog","BLACK_GR_20GB_1D","20","1","5.96","0.298","https://esim.dog/gr"
"greece","eSIM.dog","PINK_GR_05C4343138","20","3","5.96","0.298","https://esim.dog/gr"
"greece","eSIM.dog","PINK_GR_A984F8472C","20","5","5.96","0.298","https://esim.dog/gr"
"greece","eSIM.dog","PINK_GR_37C69FD1F5","20","7","5.96","0.298","https://esim.dog/gr"
"greece","eSIM.dog","PINK_GR_45CA84DAAA","20","12","5.96","0.298","https://esim.dog/gr"
"greece","eSIM.dog","BLACK_GR_20GB_14D","20","14","5.96","0.298","https://esim.dog/gr"
"greece","eSIM.dog","PINK_GR_E55384D9E3","20","15","5.96","0.298","https://esim.dog/gr"
"greece","eSIM.dog","BLACK_GR_20GB_20D","20","20","5.96","0.298","https://esim.dog/gr"
"greece","eSIM.dog","BLACK_GR_10GB_1D","10","1","2.99","0.299","https://esim.dog/gr"
"greece","eSIM.dog","BLACK_GR_30GB_1D","30","1","8.99","0.3","https://esim.dog/gr"
"greece","eSIM.dog","PINK_GR_A6DDD5CCF1","30","3","8.99","0.3","https://esim.dog/gr"
"greece","eSIM.dog","PINK_GR_27D88537F4","30","5","8.99","0.3","https://esim.dog/gr"
"greece","eSIM.dog","PINK_GR_3BE61A0BEB","30","7","8.99","0.3","https://esim.dog/gr"
"greece","eSIM.dog","PINK_GR_CB70C17918","30","12","8.99","0.3","https://esim.dog/gr"
"greece","eSIM.dog","BLACK_GR_30GB_14D","30","14","8.99","0.3","https://esim.dog/gr"
"greece","eSIM.dog","PINK_GR_4421A65A46","30","15","8.99","0.3","https://esim.dog/gr"
"greece","eSIM.dog","BLACK_GR_30GB_20D","30","20","8.99","0.3","https://esim.dog/gr"
"greece","eSIM.dog","BLACK_GR_20GB_21D","20","21","6.07","0.303","https://esim.dog/gr"
"greece","eSIM.dog","BLACK_GR_20GB_25D","20","25","6.07","0.303","https://esim.dog/gr"
"greece","eSIM.dog","BLACK_GR_30GB_21D","30","21","9.43","0.314","https://esim.dog/gr"
"greece","Stellar","Greece 5GB 20Days + Free Stellar VPN","5","20","1.6","0.32","stellar feed"
"greece","Stellar","Greece 5GB 15Days + Free Stellar VPN","5","15","1.6","0.32","stellar feed"
"greece","Stellar","Greece 5GB 10Days + Free Stellar VPN","5","10","1.6","0.32","stellar feed"
"greece","Stellar","Greece 5GB 30Days + Free Stellar VPN","5","30","1.6","0.32","stellar feed"
"greece","eSIM.dog","BLACK_GR_5GB_1D","5","1","1.62","0.324","https://esim.dog/gr"
"greece","eSIM.dog","PINK_GR_71E4709956","5","3","1.62","0.324","https://esim.dog/gr"
"greece","eSIM.dog","PINK_GR_8C7A939DA8","5","5","1.62","0.324","https://esim.dog/gr"
"greece","eSIM.dog","BLACK_GR_5GB_6D","5","6","1.62","0.324","https://esim.dog/gr"
"greece","eSIM.dog","PINK_GR_B9C3593063","5","7","1.62","0.324","https://esim.dog/gr"
"greece","eSIM.dog","BLACK_GR_5GB_10D","5","10","1.62","0.324","https://esim.dog/gr"
"greece","eSIM.dog","BLACK_GR_5GB_12D","5","12","1.62","0.324","https://esim.dog/gr"
"greece","eSIM.dog","BLACK_GR_5GB_14D","5","14","1.62","0.324","https://esim.dog/gr"
"greece","eSIM.dog","BLACK_GR_5GB_15D","5","15","1.62","0.324","https://esim.dog/gr"
"greece","eSIM.dog","BLACK_GR_5GB_20D","5","20","1.62","0.324","https://esim.dog/gr"
"greece","eSIM.dog","BLACK_GR_5GB_21D","5","21","1.62","0.324","https://esim.dog/gr"
"greece","eSIM.dog","BLACK_GR_5GB_25D","5","25","1.62","0.324","https://esim.dog/gr"
"greece","eSIM.dog","BLACK_GR_5GB_30D","5","30","1.62","0.324","https://esim.dog/gr"
"greece","Stellar","Greece 3GB 15Days + Free Stellar VPN","3","15","0.98","0.327","stellar feed"
"greece","Stellar","Greece 3GB 20Days + Free Stellar VPN","3","20","0.98","0.327","stellar feed"
"greece","Stellar","Greece 3GB 5Days + Free Stellar VPN","3","5","0.98","0.327","stellar feed"
"greece","Stellar","Greece 3GB 1Days + Free Stellar VPN","3","1","0.98","0.327","stellar feed"
"greece","eSIM.dog","PINK_GR_C62E81036B","3","1","0.99","0.33","https://esim.dog/gr"
"greece","eSIM.dog","PINK_GR_178207B9C5","3","3","0.99","0.33","https://esim.dog/gr"
"greece","eSIM.dog","PINK_GR_F9C06D51C7","3","5","0.99","0.33","https://esim.dog/gr"
"greece","eSIM.dog","BLACK_GR_3GB_7D","3","7","0.99","0.33","https://esim.dog/gr"
"greece","eSIM.dog","BLACK_GR_3GB_10D","3","10","0.99","0.33","https://esim.dog/gr"
"greece","eSIM.dog","BLACK_GR_3GB_12D","3","12","0.99","0.33","https://esim.dog/gr"
"greece","eSIM.dog","BLACK_GR_3GB_14D","3","14","0.99","0.33","https://esim.dog/gr"
"greece","eSIM.dog","BLACK_GR_3GB_15D","3","15","0.99","0.33","https://esim.dog/gr"
"greece","eSIM.dog","BLACK_GR_3GB_20D","3","20","0.99","0.33","https://esim.dog/gr"
"greece","eSIM.dog","BLACK_GR_9GB_1D","9","1","2.99","0.332","https://esim.dog/gr"
"greece","eSIM.dog","BLACK_GR_4GB_1D","4","1","1.34","0.335","https://esim.dog/gr"
"greece","eSIM.dog","BLACK_GR_4GB_25D","4","25","1.34","0.335","https://esim.dog/gr"
"greece","eSIM.dog","AMBER_GR_4GB_30D_234EC5BFEB","4","30","1.34","0.335","https://esim.dog/gr"
"greece","eSIM.dog","BLACK_GR_7GB_1D","7","1","2.39","0.341","https://esim.dog/gr"
"greece","eSIM.dog","BLACK_GR_7GB_30D","7","30","2.39","0.341","https://esim.dog/gr"
"greece","eSIM.dog","PINK_GR_08A1EBA65C","100","30","34.34","0.343","https://esim.dog/gr"
"greece","Stellar","Greece 100GB 60Days + Free Stellar VPN","100","60","34.44","0.344","stellar feed"
"greece","eSIM.dog","BLACK_GR_3GB_21D","3","21","1.05","0.35","https://esim.dog/gr"
"greece","eSIM.dog","BLACK_GR_3GB_25D","3","25","1.05","0.35","https://esim.dog/gr"
"greece","eSIM.dog","AMBER_GR_3GB_30D_E9096DC8AC","3","30","1.05","0.35","https://esim.dog/gr"
"greece","eSIM.dog","BLACK_GR_6GB_1D","6","1","2.14","0.357","https://esim.dog/gr"
"greece","eSIM.dog","BLACK_GR_6GB_30D","6","30","2.14","0.357","https://esim.dog/gr"
"greece","Stellar","Greece 50GB 30Days + Free Stellar VPN","50","30","17.95","0.359","stellar feed"
"greece","eSIM.dog","BLACK_GR_8GB_1D","8","1","2.91","0.364","https://esim.dog/gr"
"greece","eSIM.dog","BLACK_GR_8GB_9D","8","9","2.91","0.364","https://esim.dog/gr"
"greece","eSIM.dog","BLACK_GR_8GB_10D","8","10","2.91","0.364","https://esim.dog/gr"
"greece","eSIM.dog","BLACK_GR_8GB_14D","8","14","2.91","0.364","https://esim.dog/gr"
"greece","eSIM.dog","BLACK_GR_8GB_15D","8","15","2.91","0.364","https://esim.dog/gr"
"greece","eSIM.dog","BLACK_GR_8GB_20D","8","20","2.91","0.364","https://esim.dog/gr"
"greece","eSIM.dog","BLACK_GR_8GB_25D","8","25","2.91","0.364","https://esim.dog/gr"
"greece","eSIM.dog","BLACK_GR_8GB_30D","8","30","2.91","0.364","https://esim.dog/gr"
"greece","Stellar","Greece 20GB 30Days + Free Stellar VPN","20","30","7.42","0.371","stellar feed"
"greece","eSIM.dog","BLACK_GR_9GB_30D","9","30","3.35","0.372","https://esim.dog/gr"
"greece","Stellar","Greece 10GB 20Days + Free Stellar VPN","10","20","3.82","0.382","stellar feed"
"greece","Stellar","Greece 10GB 30Days + Free Stellar VPN","10","30","3.82","0.382","stellar feed"
"greece","eSIM.dog","PINK_GR_467C05229E","10","3","3.84","0.384","https://esim.dog/gr"
"greece","eSIM.dog","PINK_GR_07A8A27B9F","10","5","3.84","0.384","https://esim.dog/gr"
"greece","eSIM.dog","BLACK_GR_10GB_6D","10","6","3.84","0.384","https://esim.dog/gr"
"greece","eSIM.dog","PINK_GR_F5FAFDE8B8","10","7","3.84","0.384","https://esim.dog/gr"
"greece","eSIM.dog","PINK_GR_C230CA89EF","10","12","3.84","0.384","https://esim.dog/gr"
"greece","eSIM.dog","PINK_GR_730EE9A365","10","15","3.84","0.384","https://esim.dog/gr"
"greece","eSIM.dog","BLACK_GR_10GB_20D","10","20","3.84","0.384","https://esim.dog/gr"
"greece","eSIM.dog","BLACK_GR_10GB_21D","10","21","3.84","0.384","https://esim.dog/gr"
"greece","eSIM.dog","BLACK_GR_10GB_25D","10","25","3.84","0.384","https://esim.dog/gr"
"greece","eSIM.dog","CKH998","10","30","3.84","0.384","https://esim.dog/gr"
"greece","eSIM.dog","BLACK_GR_15GB_1D","15","1","5.9","0.393","https://esim.dog/gr"
"greece","eSIM.dog","PINK_GR_A02D47DFD8","15","3","5.9","0.393","https://esim.dog/gr"
"greece","eSIM.dog","PINK_GR_4FA3F92658","15","5","5.9","0.393","https://esim.dog/gr"
"greece","eSIM.dog","PINK_GR_29DA5DAFD2","15","7","5.9","0.393","https://esim.dog/gr"
"greece","eSIM.dog","PINK_GR_5DA240E10A","15","12","5.9","0.393","https://esim.dog/gr"
"greece","eSIM.dog","BLACK_GR_15GB_14D","15","14","5.9","0.393","https://esim.dog/gr"
"greece","eSIM.dog","PINK_GR_2FF102531A","15","15","5.9","0.393","https://esim.dog/gr"
"greece","eSIM.dog","BLACK_GR_15GB_20D","15","20","5.9","0.393","https://esim.dog/gr"
"greece","eSIM.dog","BLACK_GR_15GB_21D","15","21","5.9","0.393","https://esim.dog/gr"
"greece","eSIM.dog","PINK_GR_00BC5D25E5","15","30","5.9","0.393","https://esim.dog/gr"
"greece","eSIM.dog","BLACK_GR_12GB_1D","12","1","4.73","0.394","https://esim.dog/gr"
"greece","eSIM.dog","BLACK_GR_12GB_30D","12","30","4.73","0.394","https://esim.dog/gr"
"greece","eSIM.dog","PINK_GR_BA10F24BA1","30","30","11.94","0.398","https://esim.dog/gr"
"greece","Stellar","Greece 50GB 180Days + Free Stellar VPN","50","180","20.46","0.409","stellar feed"
"greece","eSIM.dog","BLUE_GR_82A48D4411","50","31","20.45","0.409","https://esim.dog/gr"
"greece","eSIM.dog","BLACK_GR_50GB_45D","50","45","20.45","0.409","https://esim.dog/gr"
"greece","eSIM.dog","BLACK_GR_50GB_60D","50","60","20.45","0.409","https://esim.dog/gr"
"greece","eSIM.dog","BLACK_GR_50GB_80D","50","80","20.45","0.409","https://esim.dog/gr"
"greece","eSIM.dog","PGLSEATB8","50","180","22.34","0.447","https://esim.dog/gr"
"greece","eSIM.dog","BLACK_GR_10GB_14D","10","14","4.49","0.449","https://esim.dog/gr"
"greece","eSIM.dog","BLACK_GR_40GB_30D","40","30","17.94","0.449","https://esim.dog/gr"
"greece","eSIM.dog","BLUE_GR_DB177FB04C","20","31","9.42","0.471","https://esim.dog/gr"
"greece","eSIM.dog","BLACK_GR_20GB_80D","20","80","9.49","0.475","https://esim.dog/gr"
"greece","eSIM.dog","BLACK_GR_20GB_90D","20","90","9.49","0.475","https://esim.dog/gr"
"greece","Stellar","Greece 2GB 15Days + Free Stellar VPN","2","15","0.96","0.48","stellar feed"
"greece","Stellar","Greece 2GB 30Days + Free Stellar VPN","2","30","0.97","0.485","stellar feed"
"greece","eSIM.dog","PINK_GR_4C647DD2E0","2","1","0.97","0.485","https://esim.dog/gr"
"greece","eSIM.dog","BLACK_GR_2GB_14D","2","14","0.97","0.485","https://esim.dog/gr"
"greece","eSIM.dog","BLACK_GR_2GB_15D","2","15","0.97","0.485","https://esim.dog/gr"
"greece","eSIM.dog","BLUE_GR_B6922BDFA4","10","31","4.89","0.489","https://esim.dog/gr"
"greece","eSIM.dog","BLACK_GR_2GB_30D","2","30","0.98","0.49","https://esim.dog/gr"
"greece","eSIM.dog","BLACK_GR_40GB_90D","40","90","20.45","0.511","https://esim.dog/gr"
"greece","Stellar","Greece 1GB 7Days + Free Stellar VPN","1","7","0.55","0.55","stellar feed"
"greece","Stellar","Greece 3GB 30Days + Free Stellar VPN","3","30","1.68","0.56","stellar feed"
"greece","eSIM.dog","PINK_GR_358E84988B","1","1","0.56","0.56","https://esim.dog/gr"
"greece","eSIM.dog","BLACK_GR_1GB_3D","1","3","0.56","0.56","https://esim.dog/gr"
"greece","eSIM.dog","BLACK_GR_1GB_4D","1","4","0.56","0.56","https://esim.dog/gr"
"greece","eSIM.dog","BLACK_GR_1GB_5D","1","5","0.56","0.56","https://esim.dog/gr"
"greece","eSIM.dog","BLACK_GR_1GB_6D","1","6","0.56","0.56","https://esim.dog/gr"
"greece","eSIM.dog","CKH996","1","7","0.56","0.56","https://esim.dog/gr"
"greece","eSIM.dog","BLACK_GR_30GB_45D","30","45","16.95","0.565","https://esim.dog/gr"
"greece","eSIM.dog","BLACK_GR_30GB_60D","30","60","16.95","0.565","https://esim.dog/gr"
"greece","eSIM.dog","BLACK_GR_30GB_80D","30","80","16.95","0.565","https://esim.dog/gr"
"greece","eSIM.dog","BLACK_GR_10GB_90D","10","90","5.99","0.599","https://esim.dog/gr"
"greece","eSIM.dog","BLACK_GR_15GB_90D","15","90","9.49","0.633","https://esim.dog/gr"
"greece","Stellar","Greece 1GB 30Days + Free Stellar VPN","1","30","0.64","0.64","stellar feed"
"greece","eSIM.dog","BLACK_GR_1GB_9D","1","9","0.65","0.65","https://esim.dog/gr"
"greece","eSIM.dog","BLACK_GR_1GB_12D","1","12","0.65","0.65","https://esim.dog/gr"
"greece","eSIM.dog","BLACK_GR_1GB_14D","1","14","0.65","0.65","https://esim.dog/gr"
"greece","eSIM.dog","BLACK_GR_1GB_15D","1","15","0.65","0.65","https://esim.dog/gr"
"greece","eSIM.dog","BLACK_GR_1GB_20D","1","20","0.65","0.65","https://esim.dog/gr"
"greece","eSIM.dog","BLACK_GR_1GB_21D","1","21","0.65","0.65","https://esim.dog/gr"
"greece","eSIM.dog","BLACK_GR_1GB_25D","1","25","0.65","0.65","https://esim.dog/gr"
"greece","eSIM.dog","BLACK_GR_1GB_30D","1","30","0.65","0.65","https://esim.dog/gr"
"greece","eSIM.dog","BLUE_GR_8FF01E8E0A","100","180","68.25","0.682","https://esim.dog/gr"
"greece","Stellar","Greece 5GB 21Days + Free Stellar VPN","5","21","3.98","0.796","stellar feed"
"greece","Airalo","meraki-mobile-in-30days-50gb","50","30","42","0.84","https://www.airalo.com/greece-esim"
"greece","eSIM.dog","BLACK_GR_5GB_45D","5","45","4.46","0.892","https://esim.dog/gr"
"greece","Stellar","Greece 5GB 45Days + Free Stellar VPN","5","45","4.47","0.894","stellar feed"
"greece","Stellar","Greece 100MB 7Days + Free Stellar VPN","1","7","0.94","0.94","stellar feed"
"greece","Stellar","Greece 500MB 7Days + Free Stellar VPN","1","7","0.94","0.94","stellar feed"
"greece","eSIM.dog","PINK_GR_C1506F1CF0","10","365","9.79","0.979","https://esim.dog/gr"
"greece","eSIM.dog","BLACK_GR_5GB_60D","5","60","4.96","0.992","https://esim.dog/gr"
"greece","Stellar","Greece 5GB 60Days + Free Stellar VPN","5","60","4.97","0.994","stellar feed"
"greece","eSIM.dog","BLACK_GR_5GB_90D","5","90","4.99","0.998","https://esim.dog/gr"
"greece","Stellar","Greece 750MB 7Days + Free Stellar VPN","1","7","1.13","1.13","stellar feed"
"greece","eSIM.dog","BLACK_GR_4GB_60D","4","60","4.96","1.24","https://esim.dog/gr"
"greece","eSIM.dog","BLACK_GR_500MB_30D","0.5","30","0.65","1.3","https://esim.dog/gr"
"greece","eSIM.dog","BLACK_GR_3GB_90D","3","90","4.2","1.4","https://esim.dog/gr"
"greece","eSIM.dog","GREEN_GR_5F69104FCF","80","365","119.49","1.494","https://esim.dog/gr"
"greece","eSIM.dog","BLACK_GR_1GB_60D","1","60","1.53","1.53","https://esim.dog/gr"
"greece","eSIM.dog","GREEN_GR_B9EE4B0C92","40","180","64.99","1.625","https://esim.dog/gr"
"greece","Airalo","meraki-mobile-in-15days-20gb","20","15","35","1.75","https://www.airalo.com/greece-esim"
"greece","Airalo","meraki-mobile-in-30days-20gb","20","30","35.5","1.775","https://www.airalo.com/greece-esim"
"greece","Saily","20GB / 30d","20","30","35.99","1.8","https://saily.com/esim-greece/"
"greece","Airalo","meraki-mobile-in-7days-10gb","10","7","19","1.9","https://www.airalo.com/greece-esim"
"greece","eSIM.dog","BLACK_GR_1GB_90D","1","90","1.94","1.94","https://esim.dog/gr"
"greece","eSIM.dog","BLACK_GR_2GB_90D","2","90","3.89","1.945","https://esim.dog/gr"
"greece","Airalo","meraki-mobile-in-15days-10gb","10","15","19.5","1.95","https://www.airalo.com/greece-esim"
"greece","Airalo","meraki-mobile-in-30days-10gb","10","30","20","2","https://www.airalo.com/greece-esim"
"greece","eSIM.dog","PINK_GR_5150F4DB58","30","180","60.49","2.016","https://esim.dog/gr"
"greece","Airalo","meraki-mobile-in-7days-5gb","5","7","11","2.2","https://www.airalo.com/greece-esim"
"greece","eSIM.dog","GREEN_GR_61057149BF","40","365","89.49","2.237","https://esim.dog/gr"
"greece","eSIM.dog","GREEN_GR_D18FFA3A3A","20","365","44.99","2.25","https://esim.dog/gr"
"greece","Saily","10GB / 30d","10","30","22.99","2.299","https://saily.com/esim-greece/"
"greece","Airalo","meraki-mobile-in-15days-5gb","5","15","11.5","2.3","https://www.airalo.com/greece-esim"
"greece","Airalo","meraki-mobile-in-30days-5gb","5","30","12","2.4","https://www.airalo.com/greece-esim"
"greece","eSIM.dog","GREEN_GR_7F9968513D","5","365","12.49","2.498","https://esim.dog/gr"
"greece","Saily","5GB / 30d","5","30","13.99","2.798","https://saily.com/esim-greece/"
"greece","Airalo","meraki-mobile-in-3days-3gb","3","3","8.5","2.833","https://www.airalo.com/greece-esim"
"greece","eSIM.dog","BLACK_GR_500MB_1D","0.5","1","1.49","2.98","https://esim.dog/gr"
"greece","eSIM.dog","BLACK_GR_500MB_3D","0.5","3","1.49","2.98","https://esim.dog/gr"
"greece","Airalo","meraki-mobile-in-7days-3gb","3","7","9","3","https://www.airalo.com/greece-esim"
"greece","eSIM.dog","PZZSMZCWX","0.49","1","1.49","3.041","https://esim.dog/gr"
"greece","eSIM.dog","PT6Q7SZKX","0.49","7","1.49","3.041","https://esim.dog/gr"
"greece","eSIM.dog","YELLOW_GR_202AEF5F5F","60","125","197.49","3.292","https://esim.dog/gr"
"greece","Saily","3GB / 30d","3","30","9.99","3.33","https://saily.com/esim-greece/"
"greece","Airalo","meraki-mobile-in-3days-1gb","1","3","4","4","https://www.airalo.com/greece-esim"
"greece","Saily","1GB / 7d","1","7","4.49","4.49","https://saily.com/esim-greece/"
"greece","eSIM.dog","YELLOW_GR_5EF3B86F7E","0.49","3","2.49","5.082","https://esim.dog/gr"
"greece","eSIM.dog","BLACK_GR_100MB_30D","0.1","30","0.65","6.5","https://esim.dog/gr"
"greece","eSIM.dog","YELLOW_GR_AFB2592095","10","180","66.49","6.649","https://esim.dog/gr"
"greece","eSIM.dog","BLUE_GR_B1085979DE","1","365","7.99","7.99","https://esim.dog/gr"
"greece","eSIM.dog","YELLOW_GR_ED88F36BE0","0.29","3","2.49","8.586","https://esim.dog/gr"
"greece","eSIM.dog","BLACK_GR_100MB_90D","0.1","90","0.98","9.8","https://esim.dog/gr"
"greece","eSIM.dog","BLACK_GR_100MB_1D","0.1","1","1.49","14.9","https://esim.dog/gr"
"greece","eSIM.dog","YELLOW_GR_61155230FB","0.2","30","2.99","14.95","https://esim.dog/gr"
"indonesia","Stellar","Indonesia 100GB 60Days + Free Stellar VPN","100","60","29.49","0.295","stellar feed"
"indonesia","eSIM.dog","BLACK_ID_50GB_1D","50","1","14.74","0.295","https://esim.dog/id"
"indonesia","eSIM.dog","PINK_1780983016817823_3","50","3","14.74","0.295","https://esim.dog/id"
"indonesia","Stellar","Indonesia 40GB 20Days + Free Stellar VPN","40","20","11.86","0.296","stellar feed"
"indonesia","eSIM.dog","BLACK_ID_40GB_1D","40","1","11.85","0.296","https://esim.dog/id"
"indonesia","eSIM.dog","BLACK_ID_40GB_15D","40","15","11.85","0.296","https://esim.dog/id"
"indonesia","eSIM.dog","AMBER_ID_40GB_20D_3ECAD14330","40","20","11.85","0.296","https://esim.dog/id"
"indonesia","Stellar","Indonesia 30GB 20Days + Free Stellar VPN","30","20","9.09","0.303","stellar feed"
"indonesia","eSIM.dog","PINK_1780983016788819_3","30","3","9.08","0.303","https://esim.dog/id"
"indonesia","eSIM.dog","PINK_1780983016788819_5","30","5","9.08","0.303","https://esim.dog/id"
"indonesia","eSIM.dog","PINK_1780983016788819_7","30","7","9.08","0.303","https://esim.dog/id"
"indonesia","eSIM.dog","PINK_1780983016788819_10","30","10","9.08","0.303","https://esim.dog/id"
"indonesia","eSIM.dog","PINK_1780983016788819_20","30","20","9.08","0.303","https://esim.dog/id"
"indonesia","Stellar","Indonesia 48GB 20Days + Free Stellar VPN","48","20","14.65","0.305","stellar feed"
"indonesia","Stellar","Indonesia 32GB 20Days + Free Stellar VPN","32","20","9.81","0.307","stellar feed"
"indonesia","Stellar","Indonesia 45GB 20Days + Free Stellar VPN","45","20","13.89","0.309","stellar feed"
"indonesia","eSIM.dog","PINK_1780983016817823_5","50","5","15.48","0.31","https://esim.dog/id"
"indonesia","Stellar","Indonesia 35GB 20Days + Free Stellar VPN","35","20","10.89","0.311","stellar feed"
"indonesia","Stellar","Indonesia 42GB 20Days + Free Stellar VPN","42","20","13.13","0.313","stellar feed"
"indonesia","Stellar","Indonesia 38GB 20Days + Free Stellar VPN","38","20","11.96","0.315","stellar feed"
"indonesia","Stellar","Indonesia 18GB 30Days + Free Stellar VPN","18","30","5.75","0.319","stellar feed"
"indonesia","Stellar","Indonesia 38GB 30Days + Free Stellar VPN","38","30","12.14","0.319","stellar feed"
"indonesia","eSIM.dog","BLACK_ID_50GB_6D","50","6","16.14","0.323","https://esim.dog/id"
"indonesia","eSIM.dog","PINK_1780983016817823_7","50","7","16.14","0.323","https://esim.dog/id"
"indonesia","Stellar","Indonesia 50GB 20Days + Free Stellar VPN","50","20","16.27","0.325","stellar feed"
"indonesia","Stellar","Indonesia 50GB 15Days + Free Stellar VPN","50","15","16.26","0.325","stellar feed"
"indonesia","eSIM.dog","PINK_1780983016817823_10","50","10","16.25","0.325","https://esim.dog/id"
"indonesia","eSIM.dog","BLACK_ID_50GB_12D","50","12","16.25","0.325","https://esim.dog/id"
"indonesia","eSIM.dog","BLACK_ID_50GB_14D","50","14","16.25","0.325","https://esim.dog/id"
"indonesia","eSIM.dog","PINK_1780983016817823_15","50","15","16.25","0.325","https://esim.dog/id"
"indonesia","eSIM.dog","PINK_1780983016817823_20","50","20","16.26","0.325","https://esim.dog/id"
"indonesia","eSIM.dog","BLACK_ID_30GB_12D","30","12","9.8","0.327","https://esim.dog/id"
"indonesia","eSIM.dog","BLACK_ID_30GB_14D","30","14","9.8","0.327","https://esim.dog/id"
"indonesia","Stellar","Indonesia 50GB 30Days + Free Stellar VPN","50","30","16.49","0.33","stellar feed"
"indonesia","eSIM.dog","PINK_1780983016817823_25","50","25","16.48","0.33","https://esim.dog/id"
"indonesia","eSIM.dog","JC144","50","30","16.48","0.33","https://esim.dog/id"
"indonesia","Stellar","Indonesia 48GB 30Days + Free Stellar VPN","48","30","15.97","0.333","stellar feed"
"indonesia","eSIM.dog","BLACK_ID_52815613D1","30","1","9.99","0.333","https://esim.dog/id"
"indonesia","Stellar","Indonesia 40GB 30Days + Free Stellar VPN","40","30","13.41","0.335","stellar feed"
"indonesia","eSIM.dog","BLACK_ID_40GB_30D","40","30","13.4","0.335","https://esim.dog/id"
"indonesia","Stellar","Indonesia 42GB 30Days + Free Stellar VPN","42","30","14.23","0.339","stellar feed"
"indonesia","Stellar","Indonesia 45GB 30Days + Free Stellar VPN","45","30","15.24","0.339","stellar feed"
"indonesia","eSIM.dog","PINK_ID_2FEF732DD4","10","1","3.39","0.339","https://esim.dog/id"
"indonesia","eSIM.dog","BLACK_ID_6D98188178","7","1","2.48","0.354","https://esim.dog/id"
"indonesia","Stellar","Indonesia 16GB 30Days + Free Stellar VPN","16","30","5.68","0.355","stellar feed"
"indonesia","Stellar","Indonesia 7GB 20Days + Free Stellar VPN","7","20","2.49","0.356","stellar feed"
"indonesia","Stellar","Indonesia 35GB 30Days + Free Stellar VPN","35","30","12.48","0.357","stellar feed"
"indonesia","eSIM.dog","BLACK_ID_CE7BE016F6","12","1","4.29","0.357","https://esim.dog/id"
"indonesia","eSIM.dog","BLACK_ID_518E45877A","12","25","4.29","0.357","https://esim.dog/id"
"indonesia","eSIM.dog","AMBER_ID_12GB_30D_109799D6AA","12","30","4.29","0.357","https://esim.dog/id"
"indonesia","Stellar","Indonesia 12GB 30Days + Free Stellar VPN","12","30","4.3","0.358","stellar feed"
"indonesia","Stellar","Indonesia 30GB 30Days + Free Stellar VPN","30","30","10.96","0.365","stellar feed"
"indonesia","eSIM.dog","BLACK_ID_30GB_21D","30","21","10.95","0.365","https://esim.dog/id"
"indonesia","eSIM.dog","PINK_1780983016788819_30","30","30","10.95","0.365","https://esim.dog/id"
"indonesia","Stellar","Indonesia 32GB 30Days + Free Stellar VPN","32","30","11.73","0.367","stellar feed"
"indonesia","eSIM.dog","BLACK_ID_8513C37FB2","9","1","3.39","0.377","https://esim.dog/id"
"indonesia","eSIM.dog","BLACK_ID_CD0F4D81B0","15","1","5.67","0.378","https://esim.dog/id"
"indonesia","eSIM.dog","BLACK_ID_15GB_4D","15","4","5.67","0.378","https://esim.dog/id"
"indonesia","eSIM.dog","PINK_ID_88421732F9","15","5","5.67","0.378","https://esim.dog/id"
"indonesia","eSIM.dog","BLACK_ID_3D5456F35B","15","9","5.67","0.378","https://esim.dog/id"
"indonesia","eSIM.dog","PINK_ID_4D7190E2EE","15","10","5.67","0.378","https://esim.dog/id"
"indonesia","eSIM.dog","BLACK_ID_15GB_14D","15","14","5.67","0.378","https://esim.dog/id"
"indonesia","eSIM.dog","BLACK_ID_15GB_15D","15","15","5.67","0.378","https://esim.dog/id"
"indonesia","eSIM.dog","BLACK_ID_5E65B0CD54","15","25","5.67","0.378","https://esim.dog/id"
"indonesia","eSIM.dog","BLACK_ID_15GB_30D","15","30","5.67","0.378","https://esim.dog/id"
"indonesia","Stellar","Indonesia 15GB 30Days + Free Stellar VPN","15","30","5.78","0.385","stellar feed"
"indonesia","Stellar","Indonesia 14GB 30Days + Free Stellar VPN","14","30","5.56","0.397","stellar feed"
"indonesia","eSIM.dog","BLACK_ID_1E8A6BA4ED","20","1","7.94","0.397","https://esim.dog/id"
"indonesia","eSIM.dog","PINK_1780983016773817_3","20","3","7.94","0.397","https://esim.dog/id"
"indonesia","eSIM.dog","PINK_ID_BB8E4D66B6","10","3","4.05","0.405","https://esim.dog/id"
"indonesia","Stellar","Indonesia 20GB 20Days + Free Stellar VPN","20","20","8.14","0.407","stellar feed"
"indonesia","eSIM.dog","PINK_1780983016773817_5","20","5","8.13","0.407","https://esim.dog/id"
"indonesia","eSIM.dog","PINK_1780983016773817_7","20","7","8.13","0.407","https://esim.dog/id"
"indonesia","eSIM.dog","PINK_1780983016773817_10","20","10","8.13","0.407","https://esim.dog/id"
"indonesia","eSIM.dog","BLACK_ID_2D8839A45E","20","12","8.13","0.407","https://esim.dog/id"
"indonesia","eSIM.dog","BLACK_ID_3A5A747724","20","14","8.13","0.407","https://esim.dog/id"
"indonesia","eSIM.dog","PINK_1780983016773817_20","20","20","8.13","0.407","https://esim.dog/id"
"indonesia","Stellar","Indonesia 18GB 20Days + Free Stellar VPN","18","20","7.37","0.409","stellar feed"
"indonesia","Stellar","Indonesia 16GB 20Days + Free Stellar VPN","16","20","6.6","0.412","stellar feed"
"indonesia","Stellar","Indonesia 20GB 30Days + Free Stellar VPN","20","30","8.25","0.412","stellar feed"
"indonesia","Stellar","Indonesia 20GB 30Days (nonhkip) + Free Stellar VPN","20","30","8.25","0.412","stellar feed"
"indonesia","eSIM.dog","PINK_1780983016773817_25","20","25","8.24","0.412","https://esim.dog/id"
"indonesia","eSIM.dog","JC143","20","30","8.24","0.412","https://esim.dog/id"
"indonesia","eSIM.dog","BLACK_ID_093E1196E0","6","20","2.48","0.413","https://esim.dog/id"
"indonesia","Stellar","Indonesia 15GB 20Days + Free Stellar VPN","15","20","6.22","0.415","stellar feed"
"indonesia","Stellar","Indonesia 6GB 20Days + Free Stellar VPN","6","20","2.5","0.417","stellar feed"
"indonesia","Stellar","Indonesia 14GB 20Days + Free Stellar VPN","14","20","5.84","0.417","stellar feed"
"indonesia","eSIM.dog","PINK_ID_70F9E57A98","10","5","4.17","0.417","https://esim.dog/id"
"indonesia","eSIM.dog","BLACK_ID_50GB_21D","50","21","20.99","0.42","https://esim.dog/id"
"indonesia","eSIM.dog","PINK_1780983016780818_7","10","7","4.29","0.429","https://esim.dog/id"
"indonesia","eSIM.dog","PINK_1780983016780818_15","10","15","4.29","0.429","https://esim.dog/id"
"indonesia","eSIM.dog","PINK_1780983016780818_20","10","20","4.29","0.429","https://esim.dog/id"
"indonesia","eSIM.dog","PINK_1780983016780818_25","10","25","4.29","0.429","https://esim.dog/id"
"indonesia","eSIM.dog","JC059","10","30","4.29","0.429","https://esim.dog/id"
"indonesia","Stellar","Indonesia 10GB 20Days + Free Stellar VPN","10","20","4.3","0.43","stellar feed"
"indonesia","eSIM.dog","PINK_ID_5B642EA970","3","1","1.34","0.447","https://esim.dog/id"
"indonesia","eSIM.dog","BLACK_ID_5D29F4D09C","9","3","4.05","0.45","https://esim.dog/id"
"indonesia","Stellar","Indonesia 12GB 20Days + Free Stellar VPN","12","20","5.48","0.457","stellar feed"
"indonesia","eSIM.dog","BLACK_ID_8295B947BF","9","5","4.17","0.463","https://esim.dog/id"
"indonesia","eSIM.dog","PINK_ID_CA5308C67C","3","3","1.4","0.467","https://esim.dog/id"
"indonesia","eSIM.dog","PINK_ID_B37F0FC589","3","5","1.4","0.467","https://esim.dog/id"
"indonesia","Stellar","Indonesia 3GB 5Days + Free Stellar VPN","3","5","1.41","0.47","stellar feed"
"indonesia","eSIM.dog","BLACK_ID_8E02541C25","6","30","2.82","0.47","https://esim.dog/id"
"indonesia","Stellar","Indonesia 6GB 30Days + Free Stellar VPN","6","30","2.83","0.472","stellar feed"
"indonesia","eSIM.dog","BLACK_ID_E1EE1F4912","9","30","4.29","0.477","https://esim.dog/id"
"indonesia","Stellar","Indonesia 9GB 30Days + Free Stellar VPN","9","30","4.3","0.478","stellar feed"
"indonesia","eSIM.dog","PINK_1780983016802821_7","5","7","2.41","0.482","https://esim.dog/id"
"indonesia","eSIM.dog","PINK_1780983016802821_10","5","10","2.41","0.482","https://esim.dog/id"
"indonesia","eSIM.dog","BLACK_ID_8FFA5F4679","5","12","2.41","0.482","https://esim.dog/id"
"indonesia","eSIM.dog","BLACK_ID_A01C164620","5","14","2.41","0.482","https://esim.dog/id"
"indonesia","eSIM.dog","PINK_1780983016802821_15","5","15","2.41","0.482","https://esim.dog/id"
"indonesia","Stellar","Indonesia 5GB 15Days + Free Stellar VPN","5","15","2.42","0.484","stellar feed"
"indonesia","eSIM.dog","PINK_1780983016802821_20","5","20","2.46","0.492","https://esim.dog/id"
"indonesia","Stellar","Indonesia 5GB 20Days + Free Stellar VPN","5","20","2.47","0.494","stellar feed"
"indonesia","eSIM.dog","BLACK_ID_10GB_6D","10","6","4.99","0.499","https://esim.dog/id"
"indonesia","eSIM.dog","BLACK_ID_10GB_12D","10","12","4.99","0.499","https://esim.dog/id"
"indonesia","eSIM.dog","BLACK_ID_D1160C2B6F","8","30","4.07","0.509","https://esim.dog/id"
"indonesia","Stellar","Indonesia 8GB 30Days + Free Stellar VPN","8","30","4.08","0.51","stellar feed"
"indonesia","Stellar","Indonesia 5GB 10Days + Free Stellar VPN","5","10","2.59","0.518","stellar feed"
"indonesia","eSIM.dog","PINK_ID_7FAFFCBAAF","50","45","25.88","0.518","https://esim.dog/id"
"indonesia","eSIM.dog","BLACK_ID_17E9B51512","20","21","10.49","0.524","https://esim.dog/id"
"indonesia","Stellar","Indonesia 10GB 30Days (nonhkip) + Free Stellar VPN","10","30","5.42","0.542","stellar feed"
"indonesia","Stellar","Indonesia 10GB 30Days + Free Stellar VPN","10","30","5.42","0.542","stellar feed"
"indonesia","eSIM.dog","BLACK_ID_6DBECFAAC1","5","21","2.73","0.546","https://esim.dog/id"
"indonesia","Stellar","Indonesia 5GB 21Days + Free Stellar VPN","5","21","2.74","0.548","stellar feed"
"indonesia","eSIM.dog","PINK_1780983016766816_7","3","7","1.69","0.563","https://esim.dog/id"
"indonesia","eSIM.dog","PINK_1780983016766816_10","3","10","1.69","0.563","https://esim.dog/id"
"indonesia","eSIM.dog","JC057","3","15","1.69","0.563","https://esim.dog/id"
"indonesia","eSIM.dog","PINK_1780983016766816_20","3","20","1.69","0.563","https://esim.dog/id"
"indonesia","eSIM.dog","PINK_1780983016802821_25","5","25","2.82","0.564","https://esim.dog/id"
"indonesia","eSIM.dog","JC058","5","30","2.82","0.564","https://esim.dog/id"
"indonesia","Stellar","Indonesia 3GB 20Days + Free Stellar VPN","3","20","1.7","0.567","stellar feed"
"indonesia","eSIM.dog","PINK_ID_2AF8C01915","1","1","0.58","0.58","https://esim.dog/id"
"indonesia","eSIM.dog","BLACK_ID_50GB_60D","50","60","29.48","0.59","https://esim.dog/id"
"indonesia","Stellar","Indonesia 5GB 30Days (nonhkip) + Free Stellar VPN","5","30","2.98","0.596","stellar feed"
"indonesia","Stellar","Indonesia 5GB 30Days + Free Stellar VPN","5","30","2.98","0.596","stellar feed"
"indonesia","eSIM.dog","BLACK_ID_50GB_80D","50","80","29.8","0.596","https://esim.dog/id"
"indonesia","eSIM.dog","BLACK_ID_50GB_90D","50","90","29.8","0.596","https://esim.dog/id"
"indonesia","eSIM.dog","BLACK_ID_E08D1C849A","5","1","2.99","0.598","https://esim.dog/id"
"indonesia","eSIM.dog","YELLOW_ID_63775B8C15","100","180","59.89","0.599","https://esim.dog/id"
"indonesia","eSIM.dog","BLACK_ID_1E92A9FFC5","4","1","2.41","0.603","https://esim.dog/id"
"indonesia","eSIM.dog","BLACK_ID_4GB_15D","4","15","2.41","0.603","https://esim.dog/id"
"indonesia","eSIM.dog","BLACK_ID_4GB_20D","4","20","2.46","0.615","https://esim.dog/id"
"indonesia","eSIM.dog","PINK_ID_1B55959292","2","1","1.25","0.625","https://esim.dog/id"
"indonesia","eSIM.dog","PINK_1780983016766816_25","3","25","1.89","0.63","https://esim.dog/id"
"indonesia","eSIM.dog","P3H6TP1TU","3","30","1.89","0.63","https://esim.dog/id"
"indonesia","Stellar","Indonesia 3GB 30Days (nonhkip) + Free Stellar VPN","3","30","1.9","0.633","stellar feed"
"indonesia","Stellar","Indonesia 3GB 30Days + Free Stellar VPN","3","30","1.9","0.633","stellar feed"
"indonesia","eSIM.dog","BLACK_ID_40GB_45D","40","45","25.88","0.647","https://esim.dog/id"
"indonesia","Stellar","Indonesia 9GB 20Days + Free Stellar VPN","9","20","6.02","0.669","stellar feed"
"indonesia","Stellar","Indonesia 3GB 15Days (nonhkip) + Free Stellar VPN","3","15","2.08","0.693","stellar feed"
"indonesia","Stellar","Indonesia 3GB 15Days + Free Stellar VPN","3","15","2.08","0.693","stellar feed"
"indonesia","eSIM.dog","PINK_ID_677538C0F9","5","6","3.49","0.698","https://esim.dog/id"
"indonesia","eSIM.dog","BLACK_ID_1615C0DB73","2","5","1.4","0.7","https://esim.dog/id"
"indonesia","eSIM.dog","BLACK_ID_EF39C64397","4","30","2.82","0.705","https://esim.dog/id"
"indonesia","eSIM.dog","BLACK_ID_9BF2C1C174","20","80","14.77","0.738","https://esim.dog/id"
"indonesia","eSIM.dog","BLACK_ID_806B7BFD31","20","90","14.77","0.738","https://esim.dog/id"
"indonesia","eSIM.dog","BLACK_ID_40GB_90D","40","90","29.8","0.745","https://esim.dog/id"
"indonesia","eSIM.dog","BLACK_ID_1GB_2D","1","2","0.76","0.76","https://esim.dog/id"
"indonesia","eSIM.dog","BLACK_ID_1GB_3D","1","3","0.76","0.76","https://esim.dog/id"
"indonesia","eSIM.dog","BLACK_ID_1GB_4D","1","4","0.76","0.76","https://esim.dog/id"
"indonesia","eSIM.dog","BLACK_ID_1GB_5D","1","5","0.76","0.76","https://esim.dog/id"
"indonesia","eSIM.dog","BLACK_ID_1GB_6D","1","6","0.76","0.76","https://esim.dog/id"
"indonesia","eSIM.dog","JC056","1","7","0.76","0.76","https://esim.dog/id"
"indonesia","Stellar","Indonesia 1GB 7Days + Free Stellar VPN","1","7","0.77","0.77","stellar feed"
"indonesia","eSIM.dog","BLACK_ID_8EDFAC5178","30","90","23.43","0.781","https://esim.dog/id"
"indonesia","eSIM.dog","BLACK_ID_89B7059A93","2","15","1.69","0.845","https://esim.dog/id"
"indonesia","eSIM.dog","BLACK_ID_1F3465A102","2","20","1.69","0.845","https://esim.dog/id"
"indonesia","eSIM.dog","PINK_ID_A2E22D51AA","50","180","42.69","0.854","https://esim.dog/id"
"indonesia","eSIM.dog","BLACK_ID_10GB_90D","10","90","9.03","0.903","https://esim.dog/id"
"indonesia","Stellar","Indonesia 100MB 7Days + Free Stellar VPN","1","7","0.94","0.94","stellar feed"
"indonesia","Stellar","Indonesia 500MB 7Days + Free Stellar VPN","1","7","0.94","0.94","stellar feed"
"indonesia","eSIM.dog","BLACK_ID_69AD8B4201","2","30","1.89","0.945","https://esim.dog/id"
"indonesia","Airalo","indotel-30days-50gb","50","30","49","0.98","https://www.airalo.com/indonesia-esim"
"indonesia","eSIM.dog","BLACK_ID_A871C3C0F3","15","90","14.77","0.985","https://esim.dog/id"
"indonesia","eSIM.dog","BLACK_ID_3GB_12D","3","12","2.99","0.997","https://esim.dog/id"
"indonesia","eSIM.dog","BLACK_ID_3GB_14D","3","14","2.99","0.997","https://esim.dog/id"
"indonesia","eSIM.dog","BLACK_ID_3GB_21D","3","21","2.99","0.997","https://esim.dog/id"
"indonesia","Stellar","Indonesia 7GB 30Days + Free Stellar VPN","7","30","7.4","1.057","stellar feed"
"indonesia","eSIM.dog","BLACK_ID_500MB_7D","0.5","7","0.54","1.08","https://esim.dog/id"
"indonesia","eSIM.dog","BLACK_ID_1GB_25D","1","25","1.08","1.08","https://esim.dog/id"
"indonesia","eSIM.dog","BLACK_ID_1GB_30D","1","30","1.08","1.08","https://esim.dog/id"
"indonesia","Stellar","Indonesia 1GB 30Days + Free Stellar VPN","1","30","1.09","1.09","stellar feed"
"indonesia","eSIM.dog","PXAMZZVNT","0.49","7","0.54","1.102","https://esim.dog/id"
"indonesia","eSIM.dog","BLACK_ID_FC430FB6C9","5","45","6.24","1.248","https://esim.dog/id"
"indonesia","eSIM.dog","BLACK_ID_93BACC4DEF","5","60","6.24","1.248","https://esim.dog/id"
"indonesia","eSIM.dog","BLACK_ID_E27A6D2074","5","90","6.24","1.248","https://esim.dog/id"
"indonesia","eSIM.dog","GREEN_ID_B6724D3E40","80","365","105.36","1.317","https://esim.dog/id"
"indonesia","eSIM.dog","BLACK_ID_BCF42A00E0","3","90","4.54","1.513","https://esim.dog/id"
"indonesia","Stellar","Indonesia 8GB 20Days + Free Stellar VPN","8","20","12.98","1.623","stellar feed"
"indonesia","eSIM.dog","GREEN_ID_F5AB6A677D","40","180","64.99","1.625","https://esim.dog/id"
"indonesia","Airalo","indotel-15days-20gb","20","15","34","1.7","https://www.airalo.com/indonesia-esim"
"indonesia","Airalo","indotel-30days-20gb","20","30","35","1.75","https://www.airalo.com/indonesia-esim"
"indonesia","Saily","20GB / 30d","20","30","35.99","1.8","https://saily.com/esim-indonesia/"
"indonesia","Airalo","indotel-7days-10gb","10","7","19","1.9","https://www.airalo.com/indonesia-esim"
"indonesia","Stellar","Indonesia 3GB 1Days + Free Stellar VPN","3","1","5.87","1.957","stellar feed"
"indonesia","eSIM.dog","GREEN_ID_5865FEA297","5","365","9.99","1.998","https://esim.dog/id"
"indonesia","Airalo","indotel-15days-10gb","10","15","20","2","https://www.airalo.com/indonesia-esim"
"indonesia","Airalo","indotel-30days-10gb","10","30","21","2.1","https://www.airalo.com/indonesia-esim"
"indonesia","eSIM.dog","BLACK_ID_500MB_30D","0.5","30","1.08","2.16","https://esim.dog/id"
"indonesia","Saily","10GB / 30d","10","30","21.99","2.199","https://saily.com/esim-indonesia/"
"indonesia","eSIM.dog","GREEN_ID_94F3763AA7","40","365","89.49","2.237","https://esim.dog/id"
"indonesia","eSIM.dog","BLACK_ID_6FB8A9B75F","2","90","4.49","2.245","https://esim.dog/id"
"indonesia","eSIM.dog","GREEN_ID_240EAFEC79","10","365","22.49","2.249","https://esim.dog/id"
"indonesia","eSIM.dog","GREEN_ID_EC883965D4","20","365","44.99","2.25","https://esim.dog/id"
"indonesia","Airalo","indotel-7days-5gb","5","7","12","2.4","https://www.airalo.com/indonesia-esim"
"indonesia","eSIM.dog","BLACK_ID_1GB_90D","1","90","2.41","2.41","https://esim.dog/id"
"indonesia","Stellar","Indonesia 750MB 7Days + Free Stellar VPN","1","7","2.42","2.42","stellar feed"
"indonesia","Airalo","indotel-15days-5gb","5","15","13","2.6","https://www.airalo.com/indonesia-esim"
"indonesia","Airalo","indotel-3days-3gb","3","3","8","2.667","https://www.airalo.com/indonesia-esim"
"indonesia","Airalo","indotel-30days-5gb","5","30","13.5","2.7","https://www.airalo.com/indonesia-esim"
"indonesia","Stellar","Indonesia 1GB 7Days (nonhkip) + Free Stellar VPN","1","7","2.74","2.74","stellar feed"
"indonesia","Saily","5GB / 30d","5","30","13.99","2.798","https://saily.com/esim-indonesia/"
"indonesia","Airalo","indotel-7days-3gb","3","7","8.5","2.833","https://www.airalo.com/indonesia-esim"
"indonesia","eSIM.dog","BLACK_ID_500MB_1D","0.5","1","1.49","2.98","https://esim.dog/id"
"indonesia","Saily","3GB / 30d","3","30","8.99","2.997","https://saily.com/esim-indonesia/"
"indonesia","eSIM.dog","YELLOW_ID_A94EB9651E","60","125","197.49","3.292","https://esim.dog/id"
"indonesia","eSIM.dog","PINK_ID_757DE8BE09","0.49","1","1.99","4.061","https://esim.dog/id"
"indonesia","Airalo","indotel-3days-1gb","1","3","4.5","4.5","https://www.airalo.com/indonesia-esim"
"indonesia","Saily","1GB / 7d","1","7","4.79","4.79","https://saily.com/esim-indonesia/"
"indonesia","eSIM.dog","YELLOW_ID_6474287203","0.49","3","2.99","6.102","https://esim.dog/id"
"indonesia","eSIM.dog","YELLOW_ID_9452DFA9CC","10","180","66.49","6.649","https://esim.dog/id"
"indonesia","eSIM.dog","BLUE_ID_DC562E49D8","1","365","7.99","7.99","https://esim.dog/id"
"indonesia","eSIM.dog","YELLOW_ID_C82B7C011B","0.29","3","2.49","8.586","https://esim.dog/id"
"indonesia","eSIM.dog","BLACK_ID_100MB_90D","0.1","90","0.98","9.8","https://esim.dog/id"
"indonesia","eSIM.dog","BLACK_ID_100MB_1D","0.1","1","1.49","14.9","https://esim.dog/id"
"indonesia","eSIM.dog","YELLOW_ID_766094893B","0.2","30","2.99","14.95","https://esim.dog/id"
"italy","eSIM.dog","AMBER_IT_3GB_1D_A7AC4EEA85","3","1","0.56","0.187","https://esim.dog/it"
"italy","eSIM.dog","AMBER_IT_3GB_3D_6913ECF66E","3","3","0.56","0.187","https://esim.dog/it"
"italy","eSIM.dog","AMBER_IT_3GB_5D_035FB8ED30","3","5","0.56","0.187","https://esim.dog/it"
"italy","eSIM.dog","AMBER_IT_3GB_7D_E7904A21AF","3","7","0.56","0.187","https://esim.dog/it"
"italy","eSIM.dog","AMBER_IT_3GB_10D_EB1D573A23","3","10","0.56","0.187","https://esim.dog/it"
"italy","eSIM.dog","AMBER_IT_3GB_12D_C20D486B4E","3","12","0.56","0.187","https://esim.dog/it"
"italy","eSIM.dog","AMBER_IT_3GB_14D_3B8D173DB0","3","14","0.56","0.187","https://esim.dog/it"
"italy","eSIM.dog","AMBER_IT_3GB_15D_CC4EE5C913","3","15","0.56","0.187","https://esim.dog/it"
"italy","eSIM.dog","AMBER_IT_3GB_20D_2E9B03B15A","3","20","0.56","0.187","https://esim.dog/it"
"italy","Stellar","Italy 3GB 20Days + Free Stellar VPN","3","20","0.57","0.19","stellar feed"
"italy","Stellar","Italy 30GB 20Days + Free Stellar VPN","30","20","6.16","0.205","stellar feed"
"italy","eSIM.dog","AMBER_IT_4GB_1D_C5C74824C2","4","1","0.82","0.205","https://esim.dog/it"
"italy","eSIM.dog","BLACK_IT_30GB_1D","30","1","6.15","0.205","https://esim.dog/it"
"italy","eSIM.dog","PINK_IT_EE2F9745DC","30","3","6.15","0.205","https://esim.dog/it"
"italy","eSIM.dog","BLACK_IT_30GB_5D","30","5","6.15","0.205","https://esim.dog/it"
"italy","eSIM.dog","BLACK_IT_30GB_7D","30","7","6.15","0.205","https://esim.dog/it"
"italy","eSIM.dog","BLACK_IT_30GB_12D","30","12","6.15","0.205","https://esim.dog/it"
"italy","eSIM.dog","BLACK_IT_30GB_14D","30","14","6.15","0.205","https://esim.dog/it"
"italy","eSIM.dog","BLACK_IT_30GB_15D","30","15","6.15","0.205","https://esim.dog/it"
"italy","eSIM.dog","BLACK_IT_30GB_20D","30","20","6.15","0.205","https://esim.dog/it"
"italy","Stellar","Italy 4GB 20Days + Free Stellar VPN","4","20","0.83","0.207","stellar feed"
"italy","eSIM.dog","BLACK_IT_50GB_1D","50","1","11.17","0.223","https://esim.dog/it"
"italy","eSIM.dog","PINK_IT_F9DE064847","50","3","11.17","0.223","https://esim.dog/it"
"italy","eSIM.dog","PINK_IT_13AC49E0D4","50","5","11.17","0.223","https://esim.dog/it"
"italy","eSIM.dog","BLACK_IT_50GB_6D","50","6","11.17","0.223","https://esim.dog/it"
"italy","eSIM.dog","BLACK_IT_50GB_7D","50","7","11.17","0.223","https://esim.dog/it"
"italy","eSIM.dog","BLACK_IT_50GB_12D","50","12","11.17","0.223","https://esim.dog/it"
"italy","eSIM.dog","BLACK_IT_50GB_14D","50","14","11.17","0.223","https://esim.dog/it"
"italy","eSIM.dog","BLACK_IT_50GB_15D","50","15","11.17","0.223","https://esim.dog/it"
"italy","Stellar","Italy 50GB 15Days + Free Stellar VPN","50","15","11.18","0.224","stellar feed"
"italy","eSIM.dog","AMBER_IT_50GB_20D_78E064BB76","50","20","11.23","0.225","https://esim.dog/it"
"italy","eSIM.dog","AMBER_IT_50GB_21D_88A9A01243","50","21","11.23","0.225","https://esim.dog/it"
"italy","eSIM.dog","AMBER_IT_50GB_25D_1287A6D4C4","50","25","11.23","0.225","https://esim.dog/it"
"italy","Stellar","Italy 40GB 20Days + Free Stellar VPN","40","20","9.44","0.236","stellar feed"
"italy","eSIM.dog","BLACK_IT_40GB_1D","40","1","9.43","0.236","https://esim.dog/it"
"italy","eSIM.dog","BLACK_IT_40GB_20D","40","20","9.43","0.236","https://esim.dog/it"
"italy","Stellar","Italy 40GB 30Days + Free Stellar VPN","40","30","9.82","0.245","stellar feed"
"italy","eSIM.dog","BLACK_IT_40GB_30D","40","30","9.81","0.245","https://esim.dog/it"
"italy","Stellar","Italy 38GB 20Days + Free Stellar VPN","38","20","9.34","0.246","stellar feed"
"italy","Stellar","Italy 35GB 20Days + Free Stellar VPN","35","20","8.76","0.25","stellar feed"
"italy","Stellar","Italy 32GB 20Days + Free Stellar VPN","32","20","8.16","0.255","stellar feed"
"italy","Stellar","Italy 30GB 30Days + Free Stellar VPN","30","30","7.78","0.259","stellar feed"
"italy","eSIM.dog","BLACK_IT_30GB_21D","30","21","7.77","0.259","https://esim.dog/it"
"italy","eSIM.dog","BLACK_IT_30GB_30D","30","30","7.77","0.259","https://esim.dog/it"
"italy","Stellar","Italy 42GB 20Days + Free Stellar VPN","42","20","11.04","0.263","stellar feed"
"italy","Stellar","Italy 32GB 30Days + Free Stellar VPN","32","30","8.76","0.274","stellar feed"
"italy","eSIM.dog","AMBER_IT_2GB_14D_B4E646E064","2","14","0.56","0.28","https://esim.dog/it"
"italy","eSIM.dog","AMBER_IT_2GB_15D_2B74F38A6F","2","15","0.56","0.28","https://esim.dog/it"
"italy","eSIM.dog","AMBER_IT_2GB_20D_F8440FB030","2","20","0.56","0.28","https://esim.dog/it"
"italy","eSIM.dog","BLACK_IT_20GB_1D","20","1","5.75","0.287","https://esim.dog/it"
"italy","eSIM.dog","PINK_IT_224B1AF318","20","3","5.75","0.287","https://esim.dog/it"
"italy","eSIM.dog","PINK_IT_75ECC1D672","20","5","5.75","0.287","https://esim.dog/it"
"italy","eSIM.dog","PINK_IT_A5A69A69FD","20","7","5.75","0.287","https://esim.dog/it"
"italy","eSIM.dog","PINK_IT_0A00C7AC37","20","12","5.75","0.287","https://esim.dog/it"
"italy","eSIM.dog","PINK_IT_4F5F25BEC7","20","15","5.75","0.287","https://esim.dog/it"
"italy","eSIM.dog","BLACK_IT_20GB_20D","20","20","5.75","0.287","https://esim.dog/it"
"italy","eSIM.dog","BLACK_IT_20GB_21D","20","21","5.75","0.287","https://esim.dog/it"
"italy","eSIM.dog","BLACK_IT_20GB_25D","20","25","5.75","0.287","https://esim.dog/it"
"italy","eSIM.dog","YELLOW_IT_447A6DCF7F","20","30","5.75","0.287","https://esim.dog/it"
"italy","Stellar","Italy 20GB 20Days + Free Stellar VPN","20","20","5.76","0.288","stellar feed"
"italy","Stellar","Italy 20GB 30Days + Free Stellar VPN","20","30","5.76","0.288","stellar feed"
"italy","Stellar","Italy 50GB 20Days + Free Stellar VPN","50","20","14.48","0.29","stellar feed"
"italy","Stellar","Italy 35GB 30Days + Free Stellar VPN","35","30","10.23","0.292","stellar feed"
"italy","Stellar","Italy 18GB 30Days + Free Stellar VPN","18","30","5.28","0.293","stellar feed"
"italy","Stellar","Italy 18GB 20Days + Free Stellar VPN","18","20","5.28","0.293","stellar feed"
"italy","Stellar","Italy 48GB 20Days + Free Stellar VPN","48","20","14.1","0.294","stellar feed"
"italy","Stellar","Italy 16GB 20Days + Free Stellar VPN","16","20","4.72","0.295","stellar feed"
"italy","Stellar","Italy 16GB 30Days + Free Stellar VPN","16","30","4.72","0.295","stellar feed"
"italy","Stellar","Italy 14GB 30Days + Free Stellar VPN","14","30","4.14","0.296","stellar feed"
"italy","Stellar","Italy 45GB 20Days + Free Stellar VPN","45","20","13.41","0.298","stellar feed"
"italy","Stellar","Italy 12GB 20Days + Free Stellar VPN","12","20","3.63","0.302","stellar feed"
"italy","eSIM.dog","BLACK_IT_12GB_1D","12","1","3.62","0.302","https://esim.dog/it"
"italy","eSIM.dog","BLACK_IT_12GB_20D","12","20","3.62","0.302","https://esim.dog/it"
"italy","Stellar","Italy 38GB 30Days + Free Stellar VPN","38","30","11.61","0.306","stellar feed"
"italy","Stellar","Italy 14GB 20Days + Free Stellar VPN","14","20","4.32","0.309","stellar feed"
"italy","eSIM.dog","BLACK_IT_15GB_1D","15","1","4.67","0.311","https://esim.dog/it"
"italy","eSIM.dog","PINK_IT_47D74A41D3","15","3","4.67","0.311","https://esim.dog/it"
"italy","eSIM.dog","PINK_IT_18F0C291CC","15","5","4.67","0.311","https://esim.dog/it"
"italy","eSIM.dog","PINK_IT_485A2F5A35","15","7","4.67","0.311","https://esim.dog/it"
"italy","eSIM.dog","PINK_IT_FAF7B5B130","15","12","4.67","0.311","https://esim.dog/it"
"italy","eSIM.dog","BLACK_IT_15GB_14D","15","14","4.67","0.311","https://esim.dog/it"
"italy","eSIM.dog","PINK_IT_1E2AA0F72A","15","15","4.67","0.311","https://esim.dog/it"
"italy","eSIM.dog","BLACK_IT_15GB_20D","15","20","4.67","0.311","https://esim.dog/it"
"italy","Stellar","Italy 15GB 20Days + Free Stellar VPN","15","20","4.68","0.312","stellar feed"
"italy","eSIM.dog","BLACK_IT_15GB_21D","15","21","4.71","0.314","https://esim.dog/it"
"italy","eSIM.dog","PINK_IT_432B019ECE","15","30","4.71","0.314","https://esim.dog/it"
"italy","Stellar","Italy 50GB 30Days + Free Stellar VPN","50","30","15.77","0.315","stellar feed"
"italy","eSIM.dog","CKH505","50","30","15.76","0.315","https://esim.dog/it"
"italy","eSIM.dog","BLACK_IT_20GB_14D","20","14","6.49","0.325","https://esim.dog/it"
"italy","eSIM.dog","BLACK_IT_5GB_1D","5","1","1.64","0.328","https://esim.dog/it"
"italy","eSIM.dog","PINK_IT_E39F89DFF5","5","3","1.64","0.328","https://esim.dog/it"
"italy","eSIM.dog","PINK_IT_DA3EC2239B","5","5","1.64","0.328","https://esim.dog/it"
"italy","eSIM.dog","BLACK_IT_5GB_6D","5","6","1.64","0.328","https://esim.dog/it"
"italy","eSIM.dog","PINK_IT_61A8B90DA4","5","7","1.64","0.328","https://esim.dog/it"
"italy","eSIM.dog","BLACK_IT_5GB_10D","5","10","1.64","0.328","https://esim.dog/it"
"italy","eSIM.dog","BLACK_IT_5GB_12D","5","12","1.64","0.328","https://esim.dog/it"
"italy","eSIM.dog","BLACK_IT_5GB_14D","5","14","1.64","0.328","https://esim.dog/it"
"italy","eSIM.dog","BLACK_IT_5GB_15D","5","15","1.64","0.328","https://esim.dog/it"
"italy","eSIM.dog","BLACK_IT_5GB_20D","5","20","1.64","0.328","https://esim.dog/it"
"italy","Stellar","Italy 5GB 20Days + Free Stellar VPN","5","20","1.65","0.33","stellar feed"
"italy","Stellar","Italy 5GB 10Days + Free Stellar VPN","5","10","1.65","0.33","stellar feed"
"italy","Stellar","Italy 48GB 30Days + Free Stellar VPN","48","30","15.82","0.33","stellar feed"
"italy","Stellar","Italy 5GB 15Days + Free Stellar VPN","5","15","1.65","0.33","stellar feed"
"italy","eSIM.dog","BLACK_IT_12GB_30D","12","30","3.98","0.332","https://esim.dog/it"
"italy","Stellar","Italy 12GB 30Days + Free Stellar VPN","12","30","3.99","0.333","stellar feed"
"italy","eSIM.dog","BLACK_IT_10GB_1D","10","1","3.34","0.334","https://esim.dog/it"
"italy","eSIM.dog","PINK_IT_17FDD16776","10","3","3.34","0.334","https://esim.dog/it"
"italy","eSIM.dog","PINK_IT_A229AAD72F","10","5","3.34","0.334","https://esim.dog/it"
"italy","eSIM.dog","BLACK_IT_10GB_6D","10","6","3.34","0.334","https://esim.dog/it"
"italy","eSIM.dog","PINK_IT_F51ADF148B","10","7","3.34","0.334","https://esim.dog/it"
"italy","eSIM.dog","PINK_IT_B166EB3F9A","10","12","3.34","0.334","https://esim.dog/it"
"italy","eSIM.dog","PINK_IT_07640BCE61","10","15","3.34","0.334","https://esim.dog/it"
"italy","eSIM.dog","BLACK_IT_10GB_20D","10","20","3.34","0.334","https://esim.dog/it"
"italy","eSIM.dog","BLACK_IT_10GB_21D","10","21","3.34","0.334","https://esim.dog/it"
"italy","eSIM.dog","BLACK_IT_10GB_25D","10","25","3.34","0.334","https://esim.dog/it"
"italy","eSIM.dog","PINK_IT_9150990261","10","30","3.34","0.334","https://esim.dog/it"
"italy","Stellar","Italy 10GB 20Days + Free Stellar VPN","10","20","3.35","0.335","stellar feed"
"italy","Stellar","Italy 10GB 30Days + Free Stellar VPN","10","30","3.35","0.335","stellar feed"
"italy","eSIM.dog","BLACK_IT_4GB_25D","4","25","1.34","0.335","https://esim.dog/it"
"italy","eSIM.dog","AMBER_IT_4GB_30D_F37C32DD66","4","30","1.34","0.335","https://esim.dog/it"
"italy","Stellar","Italy 45GB 30Days + Free Stellar VPN","45","30","15.22","0.338","stellar feed"
"italy","eSIM.dog","BLACK_IT_5GB_21D","5","21","1.69","0.338","https://esim.dog/it"
"italy","eSIM.dog","BLACK_IT_5GB_25D","5","25","1.69","0.338","https://esim.dog/it"
"italy","eSIM.dog","AMBER_IT_5GB_30D_8A45A73170","5","30","1.69","0.338","https://esim.dog/it"
"italy","Stellar","Italy 42GB 30Days + Free Stellar VPN","42","30","14.22","0.339","stellar feed"
"italy","Stellar","Italy 1GB 7Days + Free Stellar VPN","1","7","0.34","0.34","stellar feed"
"italy","eSIM.dog","BLACK_IT_7GB_1D","7","1","2.39","0.341","https://esim.dog/it"
"italy","eSIM.dog","BLACK_IT_7GB_30D","7","30","2.39","0.341","https://esim.dog/it"
"italy","eSIM.dog","PINK_IT_5CE084A116","100","30","34.34","0.343","https://esim.dog/it"
"italy","Stellar","Italy 100GB 60Days + Free Stellar VPN","100","60","34.94","0.349","stellar feed"
"italy","eSIM.dog","BLACK_IT_3GB_21D","3","21","1.05","0.35","https://esim.dog/it"
"italy","eSIM.dog","BLACK_IT_3GB_25D","3","25","1.05","0.35","https://esim.dog/it"
"italy","eSIM.dog","AMBER_IT_3GB_30D_577F732F5A","3","30","1.05","0.35","https://esim.dog/it"
"italy","eSIM.dog","BLACK_IT_6GB_1D","6","1","2.14","0.357","https://esim.dog/it"
"italy","eSIM.dog","BLACK_IT_6GB_30D","6","30","2.14","0.357","https://esim.dog/it"
"italy","eSIM.dog","BLACK_IT_8GB_1D","8","1","2.91","0.364","https://esim.dog/it"
"italy","eSIM.dog","BLACK_IT_8GB_9D","8","9","2.91","0.364","https://esim.dog/it"
"italy","eSIM.dog","BLACK_IT_8GB_10D","8","10","2.91","0.364","https://esim.dog/it"
"italy","eSIM.dog","BLACK_IT_8GB_14D","8","14","2.91","0.364","https://esim.dog/it"
"italy","eSIM.dog","BLACK_IT_8GB_15D","8","15","2.91","0.364","https://esim.dog/it"
"italy","eSIM.dog","BLACK_IT_8GB_20D","8","20","2.91","0.364","https://esim.dog/it"
"italy","eSIM.dog","BLACK_IT_8GB_25D","8","25","2.91","0.364","https://esim.dog/it"
"italy","eSIM.dog","BLACK_IT_8GB_30D","8","30","2.91","0.364","https://esim.dog/it"
"italy","eSIM.dog","BLACK_IT_9GB_30D","9","30","3.34","0.371","https://esim.dog/it"
"italy","eSIM.dog","BLACK_IT_9GB_1D","9","1","3.49","0.388","https://esim.dog/it"
"italy","Stellar","Italy 4GB 30Days + Free Stellar VPN","4","30","1.6","0.4","stellar feed"
"italy","Stellar","Italy 50GB 180Days + Free Stellar VPN","50","180","20.46","0.409","stellar feed"
"italy","eSIM.dog","BLUE_IT_805117E2CB","50","31","20.45","0.409","https://esim.dog/it"
"italy","eSIM.dog","BLACK_IT_50GB_45D","50","45","20.45","0.409","https://esim.dog/it"
"italy","eSIM.dog","BLACK_IT_50GB_60D","50","60","20.45","0.409","https://esim.dog/it"
"italy","eSIM.dog","BLACK_IT_50GB_80D","50","80","20.45","0.409","https://esim.dog/it"
"italy","Stellar","Italy 45GB 180Days + Free Stellar VPN","45","180","20.12","0.447","stellar feed"
"italy","eSIM.dog","PX1CNITSE","50","180","22.34","0.447","https://esim.dog/it"
"italy","eSIM.dog","BLACK_IT_10GB_14D","10","14","4.49","0.449","https://esim.dog/it"
"italy","eSIM.dog","BLUE_IT_4BCACB95D5","20","31","9.42","0.471","https://esim.dog/it"
"italy","Stellar","Italy 5GB 30Days + Free Stellar VPN","5","30","2.36","0.472","stellar feed"
"italy","eSIM.dog","BLACK_IT_20GB_80D","20","80","9.49","0.475","https://esim.dog/it"
"italy","eSIM.dog","BLACK_IT_20GB_90D","20","90","9.49","0.475","https://esim.dog/it"
"italy","eSIM.dog","BLACK_IT_40GB_90D","40","90","19.45","0.486","https://esim.dog/it"
"italy","Stellar","Italy 40GB 180Days + Free Stellar VPN","40","180","19.46","0.487","stellar feed"
"italy","eSIM.dog","BLUE_IT_2EEAFA07BC","10","31","4.89","0.489","https://esim.dog/it"
"italy","Stellar","Italy 3GB 30Days + Free Stellar VPN","3","30","1.57","0.523","stellar feed"
"italy","eSIM.dog","BLACK_IT_2GB_30D","2","30","1.05","0.525","https://esim.dog/it"
"italy","Stellar","Italy 35GB 180Days + Free Stellar VPN","35","180","18.71","0.535","stellar feed"
"italy","eSIM.dog","CKH227","1","7","0.56","0.56","https://esim.dog/it"
"italy","eSIM.dog","BLACK_IT_1GB_12D","1","12","0.56","0.56","https://esim.dog/it"
"italy","eSIM.dog","BLACK_IT_1GB_14D","1","14","0.56","0.56","https://esim.dog/it"
"italy","eSIM.dog","BLACK_IT_1GB_15D","1","15","0.56","0.56","https://esim.dog/it"
"italy","eSIM.dog","BLACK_IT_1GB_20D","1","20","0.56","0.56","https://esim.dog/it"
"italy","eSIM.dog","BLACK_IT_30GB_45D","30","45","17.16","0.572","https://esim.dog/it"
"italy","eSIM.dog","BLACK_IT_30GB_60D","30","60","17.16","0.572","https://esim.dog/it"
"italy","eSIM.dog","BLACK_IT_30GB_80D","30","80","17.16","0.572","https://esim.dog/it"
"italy","Stellar","Italy 3GB 15Days + Free Stellar VPN","3","15","1.72","0.573","stellar feed"
"italy","Stellar","Italy 30GB 180Days + Free Stellar VPN","30","180","17.91","0.597","stellar feed"
"italy","eSIM.dog","BLACK_IT_10GB_90D","10","90","5.99","0.599","https://esim.dog/it"
"italy","Stellar","Italy 3GB 5Days + Free Stellar VPN","3","5","1.85","0.617","stellar feed"
"italy","eSIM.dog","BLACK_IT_15GB_90D","15","90","9.49","0.633","https://esim.dog/it"
"italy","Stellar","Italy 15GB 30Days + Free Stellar VPN","15","30","9.79","0.653","stellar feed"
"italy","eSIM.dog","BLUE_IT_D4658A7F87","100","180","68.25","0.682","https://esim.dog/it"
"italy","Airalo","mamma-mia-in-30days-50gb","50","30","35","0.7","https://www.airalo.com/italy-esim"
"italy","eSIM.dog","AMBER_IT_2GB_1D_D26E1EFF59","2","1","1.49","0.745","https://esim.dog/it"
"italy","Stellar","Italy 5GB 21Days + Free Stellar VPN","5","21","3.94","0.788","stellar feed"
"italy","eSIM.dog","BLACK_IT_1GB_21D","1","21","0.84","0.84","https://esim.dog/it"
"italy","eSIM.dog","BLACK_IT_1GB_25D","1","25","0.84","0.84","https://esim.dog/it"
"italy","eSIM.dog","BLACK_IT_1GB_30D","1","30","0.84","0.84","https://esim.dog/it"
"italy","Stellar","Italy 1GB 30Days + Free Stellar VPN","1","30","0.85","0.85","stellar feed"
"italy","eSIM.dog","BLACK_IT_5GB_45D","5","45","4.44","0.888","https://esim.dog/it"
"italy","Stellar","Italy 5GB 45Days + Free Stellar VPN","5","45","4.45","0.89","stellar feed"
"italy","eSIM.dog","BLACK_IT_5GB_60D","5","60","4.93","0.986","https://esim.dog/it"
"italy","Stellar","Italy 5GB 60Days + Free Stellar VPN","5","60","4.94","0.988","stellar feed"
"italy","eSIM.dog","BLACK_IT_5GB_90D","5","90","4.99","0.998","https://esim.dog/it"
"italy","eSIM.dog","BLACK_IT_500MB_20D","0.5","20","0.56","1.12","https://esim.dog/it"
"italy","eSIM.dog","PINK_IT_5ED38C4675","10","365","11.49","1.149","https://esim.dog/it"
"italy","eSIM.dog","BLACK_IT_4GB_60D","4","60","4.93","1.232","https://esim.dog/it"
"italy","Airalo","mamma-mia-in-15days-20gb","20","15","25","1.25","https://www.airalo.com/italy-esim"
"italy","Airalo","mamma-mia-in-30days-20gb","20","30","26","1.3","https://www.airalo.com/italy-esim"
"italy","Saily","20GB / 30d","20","30","28.99","1.45","https://saily.com/esim-italy/"
"italy","eSIM.dog","GREEN_IT_833F2C8C47","80","365","119.49","1.494","https://esim.dog/it"
"italy","eSIM.dog","BLACK_IT_1GB_60D","1","60","1.53","1.53","https://esim.dog/it"
"italy","eSIM.dog","GREEN_IT_12370BBB97","40","180","64.99","1.625","https://esim.dog/it"
"italy","Stellar","Italy 3GB 1Days + Free Stellar VPN","3","1","4.89","1.63","stellar feed"
"italy","eSIM.dog","BLACK_IT_500MB_30D","0.5","30","0.84","1.68","https://esim.dog/it"
"italy","Airalo","mamma-mia-in-7days-10gb","10","7","17","1.7","https://www.airalo.com/italy-esim"
"italy","Airalo","mamma-mia-in-15days-10gb","10","15","18","1.8","https://www.airalo.com/italy-esim"
"italy","Airalo","mamma-mia-in-30days-10gb","10","30","19","1.9","https://www.airalo.com/italy-esim"
"italy","eSIM.dog","BLACK_IT_1GB_90D","1","90","1.94","1.94","https://esim.dog/it"
"italy","eSIM.dog","BLACK_IT_2GB_90D","2","90","3.89","1.945","https://esim.dog/it"
"italy","eSIM.dog","GREEN_IT_87CC7B2ACC","5","365","9.74","1.948","https://esim.dog/it"
"italy","eSIM.dog","PINK_IT_FE5A6A6E0A","1","1","1.99","1.99","https://esim.dog/it"
"italy","eSIM.dog","PINK_IT_A43892AFDF","1","3","1.99","1.99","https://esim.dog/it"
"italy","eSIM.dog","BLACK_IT_1GB_4D","1","4","1.99","1.99","https://esim.dog/it"
"italy","eSIM.dog","BLACK_IT_1GB_5D","1","5","1.99","1.99","https://esim.dog/it"
"italy","eSIM.dog","BLACK_IT_1GB_6D","1","6","1.99","1.99","https://esim.dog/it"
"italy","eSIM.dog","BLACK_IT_1GB_9D","1","9","1.99","1.99","https://esim.dog/it"
"italy","Airalo","mamma-mia-in-7days-5gb","5","7","10","2","https://www.airalo.com/italy-esim"
"italy","eSIM.dog","PINK_IT_669CADEBD8","30","180","60.49","2.016","https://esim.dog/it"
"italy","Saily","10GB / 30d","10","30","20.99","2.099","https://saily.com/esim-italy/"
"italy","Airalo","mamma-mia-in-15days-5gb","5","15","11","2.2","https://www.airalo.com/italy-esim"
"italy","eSIM.dog","GREEN_IT_E139C08FA7","40","365","89.49","2.237","https://esim.dog/it"
"italy","eSIM.dog","GREEN_IT_D8199E4D02","20","365","44.99","2.25","https://esim.dog/it"
"italy","Airalo","mamma-mia-in-3days-3gb","3","3","7","2.333","https://www.airalo.com/italy-esim"
"italy","Airalo","mamma-mia-in-30days-5gb","5","30","12","2.4","https://www.airalo.com/italy-esim"
"italy","Airalo","mamma-mia-in-7days-3gb","3","7","7.5","2.5","https://www.airalo.com/italy-esim"
"italy","Saily","5GB / 30d","5","30","12.99","2.598","https://saily.com/esim-italy/"
"italy","eSIM.dog","BLACK_IT_500MB_1D","0.5","1","1.49","2.98","https://esim.dog/it"
"italy","Saily","3GB / 30d","3","30","8.99","2.997","https://saily.com/esim-italy/"
"italy","eSIM.dog","P79VVN4GK","0.49","1","1.49","3.041","https://esim.dog/it"
"italy","eSIM.dog","YELLOW_IT_D371705F41","60","125","197.49","3.292","https://esim.dog/it"
"italy","Saily","1GB / 7d","1","7","3.99","3.99","https://saily.com/esim-italy/"
"italy","Airalo","mamma-mia-in-3days-1gb","1","3","4","4","https://www.airalo.com/italy-esim"
"italy","eSIM.dog","YELLOW_IT_FB1A91B596","0.49","3","2.49","5.082","https://esim.dog/it"
"italy","eSIM.dog","YELLOW_IT_15ECAF471C","10","180","66.49","6.649","https://esim.dog/it"
"italy","eSIM.dog","BLUE_IT_E48B23EB24","1","365","7.99","7.99","https://esim.dog/it"
"italy","eSIM.dog","BLACK_IT_100MB_30D","0.1","30","0.84","8.4","https://esim.dog/it"
"italy","eSIM.dog","YELLOW_IT_68FD1AA2EA","0.29","3","2.49","8.586","https://esim.dog/it"
"italy","eSIM.dog","BLACK_IT_100MB_90D","0.1","90","0.98","9.8","https://esim.dog/it"
"italy","eSIM.dog","BLACK_IT_100MB_1D","0.1","1","1.49","14.9","https://esim.dog/it"
"italy","eSIM.dog","YELLOW_IT_1E6D2BE31D","0.2","30","2.99","14.95","https://esim.dog/it"
"japan","Stellar","Japan 35GB 20Days + Free Stellar VPN","35","20","10.13","0.289","stellar feed"
"japan","Stellar","Japan 48GB 20Days + Free Stellar VPN","48","20","15.53","0.324","stellar feed"
"japan","Stellar","Japan 14GB 20Days + Free Stellar VPN","14","20","4.56","0.326","stellar feed"
"japan","eSIM.dog","PINK_1772528707374309_1","10","1","3.29","0.329","https://esim.dog/jp"
"japan","Stellar","Japan 42GB 20Days + Free Stellar VPN","42","20","13.85","0.33","stellar feed"
"japan","Stellar","Japan 45GB 20Days + Free Stellar VPN","45","20","14.84","0.33","stellar feed"
"japan","Stellar","Japan 48GB 30Days + Free Stellar VPN","48","30","15.97","0.333","stellar feed"
"japan","eSIM.dog","PINK_1769740639999649_7","30","7","10.12","0.337","https://esim.dog/jp"
"japan","Stellar","Japan 45GB 30Days + Free Stellar VPN","45","30","15.24","0.339","stellar feed"
"japan","Stellar","Japan 42GB 30Days + Free Stellar VPN","42","30","14.23","0.339","stellar feed"
"japan","Stellar","Japan 40GB 30Days + Free Stellar VPN","40","30","13.73","0.343","stellar feed"
"japan","eSIM.dog","AMBER_JP_12GB_1D_89D4916F14","12","1","4.12","0.343","https://esim.dog/jp"
"japan","eSIM.dog","AMBER_JP_40GB_1D_D349FE2955","40","1","13.72","0.343","https://esim.dog/jp"
"japan","Stellar","Japan 12GB 30Days + Free Stellar VPN","12","30","4.13","0.344","stellar feed"
"japan","Stellar","Japan 38GB 30Days + Free Stellar VPN","38","30","13.23","0.348","stellar feed"
"japan","eSIM.dog","PINK_1766557809441767_3","50","3","17.57","0.351","https://esim.dog/jp"
"japan","Stellar","Japan 50GB 30Days + Free Stellar VPN","50","30","17.6","0.352","stellar feed"
"japan","Stellar","Japan 50GB 30Days (IIJ) + Free Stellar VPN","50","30","17.6","0.352","stellar feed"
"japan","eSIM.dog","PINK_1766557809441767_6","50","6","17.59","0.352","https://esim.dog/jp"
"japan","eSIM.dog","PINK_1766557809441767_7","50","7","17.59","0.352","https://esim.dog/jp"
"japan","eSIM.dog","PINK_1766557809441767_8","50","8","17.59","0.352","https://esim.dog/jp"
"japan","eSIM.dog","P98RPDQR0","50","30","17.59","0.352","https://esim.dog/jp"
"japan","Stellar","Japan 35GB 30Days + Free Stellar VPN","35","30","12.48","0.357","stellar feed"
"japan","Stellar","Japan 32GB 30Days + Free Stellar VPN","32","30","11.73","0.367","stellar feed"
"japan","Stellar","Japan 30GB 30Days + Free Stellar VPN","30","30","11.23","0.374","stellar feed"
"japan","eSIM.dog","PINK_1766557809197750_12","30","12","11.22","0.374","https://esim.dog/jp"
"japan","Stellar","Japan 30GB 20Days + Free Stellar VPN","30","20","11.58","0.386","stellar feed"
"japan","eSIM.dog","PINK_1766557809197750_20","30","20","11.57","0.386","https://esim.dog/jp"
"japan","Stellar","Japan 4GB 20Days + Free Stellar VPN","4","20","1.55","0.388","stellar feed"
"japan","Stellar","Japan 100GB 60Days + Free Stellar VPN","100","60","39.88","0.399","stellar feed"
"japan","Stellar","Japan 100GB 60Days (IIJ) + Free Stellar VPN","100","60","39.88","0.399","stellar feed"
"japan","eSIM.dog","PINK_1766557809277752_6","10","6","4.12","0.412","https://esim.dog/jp"
"japan","eSIM.dog","PINK_1767866948023372_7","10","7","4.12","0.412","https://esim.dog/jp"
"japan","eSIM.dog","PINK_1767866948023372_10","10","10","4.12","0.412","https://esim.dog/jp"
"japan","eSIM.dog","JC066","10","30","4.12","0.412","https://esim.dog/jp"
"japan","eSIM.dog","PINK_1766557809357761_12","20","12","8.33","0.416","https://esim.dog/jp"
"japan","eSIM.dog","PINK_1766557809357761_15","20","15","8.33","0.416","https://esim.dog/jp"
"japan","eSIM.dog","JC145","20","30","8.33","0.416","https://esim.dog/jp"
"japan","eSIM.dog","PINK_1766557809197750_30","30","30","12.47","0.416","https://esim.dog/jp"
"japan","Stellar","Japan 20GB 20Days (IIJ) + Free Stellar VPN","20","20","8.34","0.417","stellar feed"
"japan","Stellar","Japan 20GB 30Days (IIJ) + Free Stellar VPN","20","30","8.34","0.417","stellar feed"
"japan","Stellar","Japan 20GB 30Days + Free Stellar VPN","20","30","8.34","0.417","stellar feed"
"japan","Stellar","Japan 20GB 30Days (nonhkip) + Free Stellar VPN","20","30","8.34","0.417","stellar feed"
"japan","eSIM.dog","PINK_1766557809441767_10","50","10","21.99","0.44","https://esim.dog/jp"
"japan","eSIM.dog","PINK_1766557809277752_12","10","12","4.52","0.452","https://esim.dog/jp"
"japan","eSIM.dog","PINK_1767866948023372_15","10","15","4.52","0.452","https://esim.dog/jp"
"japan","eSIM.dog","PINK_1766557809277752_20","10","20","4.52","0.452","https://esim.dog/jp"
"japan","Stellar","Japan 10GB 20Days (nonhkip) + Free Stellar VPN","10","20","4.53","0.453","stellar feed"
"japan","Stellar","Japan 15GB 20Days + Free Stellar VPN","15","20","6.83","0.455","stellar feed"
"japan","Stellar","Japan 16GB 20Days + Free Stellar VPN","16","20","7.28","0.455","stellar feed"
"japan","Stellar","Japan 18GB 20Days + Free Stellar VPN","18","20","8.19","0.455","stellar feed"
"japan","Stellar","Japan 38GB 20Days + Free Stellar VPN","38","20","17.29","0.455","stellar feed"
"japan","Stellar","Japan 16GB 30Days + Free Stellar VPN","16","30","7.28","0.455","stellar feed"
"japan","Stellar","Japan 18GB 30Days + Free Stellar VPN","18","30","8.19","0.455","stellar feed"
"japan","eSIM.dog","PINK_1766557808988744_3","15","3","6.82","0.455","https://esim.dog/jp"
"japan","eSIM.dog","PINK_1766557808988744_5","15","5","6.82","0.455","https://esim.dog/jp"
"japan","eSIM.dog","PINK_1766557808988744_8","15","8","6.82","0.455","https://esim.dog/jp"
"japan","eSIM.dog","PINK_1766557808988744_10","15","10","6.82","0.455","https://esim.dog/jp"
"japan","eSIM.dog","PINK_1766557808988744_15","15","15","6.82","0.455","https://esim.dog/jp"
"japan","eSIM.dog","PINK_1766557809441767_12","50","12","22.99","0.46","https://esim.dog/jp"
"japan","Stellar","Japan 50GB 15Days + Free Stellar VPN","50","15","23.32","0.466","stellar feed"
"japan","Stellar","Japan 50GB 15Days (IIJ) + Free Stellar VPN","50","15","23.32","0.466","stellar feed"
"japan","eSIM.dog","PINK_1766557809441767_15","50","15","23.49","0.47","https://esim.dog/jp"
"japan","eSIM.dog","PINK_1766557884214928_1","21","1","9.99","0.476","https://esim.dog/jp"
"japan","Stellar","Japan 50GB 20Days + Free Stellar VPN","50","20","23.97","0.479","stellar feed"
"japan","eSIM.dog","PINK_JP_8A1A8EDFB3","50","1","23.99","0.48","https://esim.dog/jp"
"japan","eSIM.dog","PINK_1766557809441767_20","50","20","23.99","0.48","https://esim.dog/jp"
"japan","eSIM.dog","AMBER_JP_15GB_21D_620DCC4FEF","15","21","7.27","0.485","https://esim.dog/jp"
"japan","eSIM.dog","AMBER_JP_15GB_30D_0A5005A48E","15","30","7.27","0.485","https://esim.dog/jp"
"japan","eSIM.dog","PINK_1766557840257717_1","5","1","2.45","0.49","https://esim.dog/jp"
"japan","eSIM.dog","PINK_1766557815726957_3","5","3","2.45","0.49","https://esim.dog/jp"
"japan","eSIM.dog","PINK_1766557809441767_25","50","25","24.49","0.49","https://esim.dog/jp"
"japan","eSIM.dog","PINK_1766557809277752_25","10","25","4.91","0.491","https://esim.dog/jp"
"japan","Stellar","Japan 10GB 30Days (nonhkip) + Free Stellar VPN","10","30","4.92","0.492","stellar feed"
"japan","Stellar","Japan 10GB 30Days + Free Stellar VPN","10","30","4.92","0.492","stellar feed"
"japan","Stellar","Japan 10GB 30Days (IIJ) + Free Stellar VPN","10","30","4.92","0.492","stellar feed"
"japan","eSIM.dog","PINK_1766557810145777_1","3","1","1.48","0.493","https://esim.dog/jp"
"japan","Stellar","Japan 3GB 1Days + Free Stellar VPN","3","1","1.49","0.497","stellar feed"
"japan","eSIM.dog","PINK_1766557815672955_3","3","3","1.49","0.497","https://esim.dog/jp"
"japan","Stellar","Japan 3GB 5Days + Free Stellar VPN","3","5","1.5","0.5","stellar feed"
"japan","eSIM.dog","PINK_1766557815672955_5","3","5","1.54","0.513","https://esim.dog/jp"
"japan","eSIM.dog","JC064","3","15","1.54","0.513","https://esim.dog/jp"
"japan","eSIM.dog","PINK_1766557809118748_12","8","12","4.12","0.515","https://esim.dog/jp"
"japan","eSIM.dog","PINK_1766557809118748_20","8","20","4.12","0.515","https://esim.dog/jp"
"japan","eSIM.dog","PINK_1766557815726957_5","5","5","2.63","0.526","https://esim.dog/jp"
"japan","eSIM.dog","AMBER_JP_12GB_2D_4F2A0C014B","12","2","6.37","0.531","https://esim.dog/jp"
"japan","eSIM.dog","AMBER_JP_12GB_4D_3351FA1942","12","4","6.37","0.531","https://esim.dog/jp"
"japan","eSIM.dog","AMBER_JP_12GB_6D_37A47E63A6","12","6","6.37","0.531","https://esim.dog/jp"
"japan","eSIM.dog","AMBER_JP_12GB_7D_AC63D74858","12","7","6.37","0.531","https://esim.dog/jp"
"japan","eSIM.dog","AMBER_JP_12GB_14D_9E7ADE1A8F","12","14","6.37","0.531","https://esim.dog/jp"
"japan","eSIM.dog","AMBER_JP_12GB_20D_F91DE662DC","12","20","6.37","0.531","https://esim.dog/jp"
"japan","Stellar","Japan 12GB 20Days + Free Stellar VPN","12","20","6.38","0.532","stellar feed"
"japan","eSIM.dog","PINK_1766557884387936_1","30","1","15.99","0.533","https://esim.dog/jp"
"japan","eSIM.dog","PINK_1766557809357761_20","20","20","10.99","0.549","https://esim.dog/jp"
"japan","eSIM.dog","PINK_1766557809049746_6","5","6","2.83","0.566","https://esim.dog/jp"
"japan","eSIM.dog","PINK_1766557815726957_7","5","7","2.83","0.566","https://esim.dog/jp"
"japan","eSIM.dog","PINK_1766557815726957_10","5","10","2.83","0.566","https://esim.dog/jp"
"japan","eSIM.dog","PINK_1766557815726957_15","5","15","2.83","0.566","https://esim.dog/jp"
"japan","Stellar","Japan 5GB 15Days + Free Stellar VPN","5","15","2.84","0.568","stellar feed"
"japan","Stellar","Japan 5GB 10Days + Free Stellar VPN","5","10","2.84","0.568","stellar feed"
"japan","eSIM.dog","PL4E7JOWX","50","180","28.42","0.568","https://esim.dog/jp"
"japan","Stellar","Japan 32GB 20Days + Free Stellar VPN","32","20","18.27","0.571","stellar feed"
"japan","eSIM.dog","PINK_JP_627A940550","20","1","11.49","0.575","https://esim.dog/jp"
"japan","eSIM.dog","PINK_1766557809357761_25","20","25","11.49","0.575","https://esim.dog/jp"
"japan","eSIM.dog","JC065","5","30","2.88","0.576","https://esim.dog/jp"
"japan","Stellar","Japan 5GB 30Days (nonhkip) + Free Stellar VPN","5","30","2.89","0.578","stellar feed"
"japan","Stellar","Japan 5GB 30Days (IIJ) + Free Stellar VPN","5","30","2.89","0.578","stellar feed"
"japan","Stellar","Japan 5GB 30Days + Free Stellar VPN","5","30","2.89","0.578","stellar feed"
"japan","eSIM.dog","AMBER_JP_12GB_25D_A21F0032C8","12","25","6.94","0.578","https://esim.dog/jp"
"japan","eSIM.dog","AMBER_JP_12GB_30D_49C91D6E14","12","30","6.94","0.578","https://esim.dog/jp"
"japan","eSIM.dog","BLACK_JP_6GB_1D","6","1","3.48","0.58","https://esim.dog/jp"
"japan","Stellar","Japan 50GB 180Days + Free Stellar VPN","50","180","29.47","0.589","stellar feed"
"japan","eSIM.dog","PINK_JP_8209F81D3E","15","1","8.99","0.599","https://esim.dog/jp"
"japan","eSIM.dog","YELLOW_JP_A6179C9481","100","180","59.89","0.599","https://esim.dog/jp"
"japan","eSIM.dog","PINK_1766557809118748_30","8","30","4.91","0.614","https://esim.dog/jp"
"japan","eSIM.dog","PINK_1766557809938775_1","1","1","0.62","0.62","https://esim.dog/jp"
"japan","eSIM.dog","AMBER_JP_1GB_2D_4F18902032","1","2","0.62","0.62","https://esim.dog/jp"
"japan","eSIM.dog","PINK_1766557809754773_1","2","1","1.28","0.64","https://esim.dog/jp"
"japan","eSIM.dog","JC063","1","7","0.65","0.65","https://esim.dog/jp"
"japan","eSIM.dog","PINK_1766557815672955_7","3","7","1.95","0.65","https://esim.dog/jp"
"japan","eSIM.dog","PINK_1766557815672955_10","3","10","1.95","0.65","https://esim.dog/jp"
"japan","eSIM.dog","P2AJZD4YX","3","30","1.95","0.65","https://esim.dog/jp"
"japan","Stellar","Japan 3GB 30Days + Free Stellar VPN","3","30","1.96","0.653","stellar feed"
"japan","Stellar","Japan 3GB 30Days (nonhkip) + Free Stellar VPN","3","30","1.96","0.653","stellar feed"
"japan","Stellar","Japan 3GB 30Days (IIJ) + Free Stellar VPN","3","30","1.96","0.653","stellar feed"
"japan","Stellar","Japan 1GB 7Days + Free Stellar VPN","1","7","0.66","0.66","stellar feed"
"japan","Stellar","Japan 1GB 7Days (nonhkip) + Free Stellar VPN","1","7","0.66","0.66","stellar feed"
"japan","Stellar","Japan 1GB 7Days (IIJ) + Free Stellar VPN","1","7","0.66","0.66","stellar feed"
"japan","eSIM.dog","AMBER_JP_20GB_45D_52C637EB2D","20","45","13.63","0.681","https://esim.dog/jp"
"japan","eSIM.dog","AMBER_JP_20GB_70D_5B0A3695DF","20","70","13.63","0.681","https://esim.dog/jp"
"japan","eSIM.dog","AMBER_JP_20GB_80D_15826027DB","20","80","13.63","0.681","https://esim.dog/jp"
"japan","eSIM.dog","AMBER_JP_20GB_90D_2B9AF1D380","20","90","13.63","0.681","https://esim.dog/jp"
"japan","eSIM.dog","AMBER_JP_40GB_45D_15D08F13B9","40","45","27.28","0.682","https://esim.dog/jp"
"japan","eSIM.dog","PINK_1766557839167693_10","6","10","4.12","0.687","https://esim.dog/jp"
"japan","eSIM.dog","PINK_1766557839167693_15","6","15","4.12","0.687","https://esim.dog/jp"
"japan","eSIM.dog","AMBER_JP_15GB_45D_9575A06148","15","45","10.54","0.703","https://esim.dog/jp"
"japan","Stellar","Japan 3GB 15Days (nonhkip) + Free Stellar VPN","3","15","2.16","0.72","stellar feed"
"japan","Stellar","Japan 3GB 15Days (IIJ) + Free Stellar VPN","3","15","2.16","0.72","stellar feed"
"japan","Stellar","Japan 3GB 15Days + Free Stellar VPN","3","15","2.16","0.72","stellar feed"
"japan","Stellar","Japan 500MB 7Days + Free Stellar VPN","1","7","0.74","0.74","stellar feed"
"japan","Stellar","Japan 100MB 7Days + Free Stellar VPN","1","7","0.74","0.74","stellar feed"
"japan","eSIM.dog","PINK_1766557839167693_3","6","3","4.49","0.748","https://esim.dog/jp"
"japan","eSIM.dog","PINK_JP_AD2D267FBF","8","1","5.99","0.749","https://esim.dog/jp"
"japan","eSIM.dog","YELLOW_JP_4D2E155214","50","90","37.49","0.75","https://esim.dog/jp"
"japan","Stellar","Japan 40GB 20Days + Free Stellar VPN","40","20","30.37","0.759","stellar feed"
"japan","eSIM.dog","AMBER_JP_1GB_15D_6791CDC181","1","15","0.76","0.76","https://esim.dog/jp"
"japan","eSIM.dog","AMBER_JP_1GB_25D_05F0D2FFC5","1","25","0.76","0.76","https://esim.dog/jp"
"japan","eSIM.dog","AMBER_JP_1GB_30D_4BE6A712AC","1","30","0.76","0.76","https://esim.dog/jp"
"japan","eSIM.dog","AMBER_JP_15GB_90D_C072B657CA","15","90","11.48","0.765","https://esim.dog/jp"
"japan","Stellar","Japan 1GB 30Days + Free Stellar VPN","1","30","0.77","0.77","stellar feed"
"japan","eSIM.dog","AMBER_JP_2GB_20D_98C6BBB52A","2","20","1.54","0.77","https://esim.dog/jp"
"japan","eSIM.dog","PINK_1769740639999649_60","30","60","23.23","0.774","https://esim.dog/jp"
"japan","eSIM.dog","PINK_1769740639999649_90","30","90","23.23","0.774","https://esim.dog/jp"
"japan","Stellar","Japan 5GB 20Days (nonhkip) + Free Stellar VPN","5","20","3.96","0.792","stellar feed"
"japan","Stellar","Japan 3GB 20Days + Free Stellar VPN","3","20","2.41","0.803","stellar feed"
"japan","Stellar","Japan 2GB 15Days + Free Stellar VPN","2","15","1.62","0.81","stellar feed"
"japan","Stellar","Japan 2GB 20Days + Free Stellar VPN","2","20","1.63","0.815","stellar feed"
"japan","eSIM.dog","AMBER_JP_2GB_25D_F46AC80E12","2","25","1.63","0.815","https://esim.dog/jp"
"japan","eSIM.dog","PINK_1766557839167693_30","6","30","4.91","0.818","https://esim.dog/jp"
"japan","Stellar","Japan 2GB 30Days + Free Stellar VPN","2","30","1.64","0.82","stellar feed"
"japan","eSIM.dog","PINK_1767866948023372_60","10","60","8.23","0.823","https://esim.dog/jp"
"japan","eSIM.dog","PINK_1767866948023372_90","10","90","8.23","0.823","https://esim.dog/jp"
"japan","eSIM.dog","PINK_1766557839167693_5","6","5","4.99","0.832","https://esim.dog/jp"
"japan","eSIM.dog","PINK_1766557839167693_7","6","7","4.99","0.832","https://esim.dog/jp"
"japan","eSIM.dog","BLACK_JP_9GB_1D","9","1","7.49","0.832","https://esim.dog/jp"
"japan","eSIM.dog","PINK_1767866948023372_180","10","180","8.51","0.851","https://esim.dog/jp"
"japan","Stellar","Japan 15GB 30Days + Free Stellar VPN","15","30","12.97","0.865","stellar feed"
"japan","eSIM.dog","AMBER_JP_5GB_45D_F2C18F7664","5","45","4.48","0.896","https://esim.dog/jp"
"japan","eSIM.dog","AMBER_JP_5GB_60D_A59A843572","5","60","4.48","0.896","https://esim.dog/jp"
"japan","eSIM.dog","AMBER_JP_5GB_90D_D40EB9B977","5","90","4.48","0.896","https://esim.dog/jp"
"japan","Stellar","Japan 4GB 30Days + Free Stellar VPN","4","30","3.63","0.907","stellar feed"
"japan","Stellar","Japan 14GB 30Days + Free Stellar VPN","14","30","12.97","0.926","stellar feed"
"japan","eSIM.dog","PINK_1769740639999649_180","30","180","28.42","0.947","https://esim.dog/jp"
"japan","eSIM.dog","BLACK_JP_40GB_2D","40","2","37.99","0.95","https://esim.dog/jp"
"japan","eSIM.dog","AMBER_JP_12GB_90D_D3B0C7AC73","12","90","11.48","0.957","https://esim.dog/jp"
"japan","eSIM.dog","BLACK_JP_30GB_14D","30","14","29.49","0.983","https://esim.dog/jp"
"japan","eSIM.dog","AMBER_JP_3GB_90D_01ED8A2B32","3","90","2.98","0.993","https://esim.dog/jp"
"japan","Stellar","Japan 5GB 21Days + Free Stellar VPN","5","21","4.98","0.996","stellar feed"
"japan","eSIM.dog","PINK_JP_FC7A0C7418","5","12","4.99","0.998","https://esim.dog/jp"
"japan","eSIM.dog","PINK_JP_E872777E13","5","20","4.99","0.998","https://esim.dog/jp"
"japan","eSIM.dog","PINK_JP_E3F75F9399","5","25","4.99","0.998","https://esim.dog/jp"
"japan","eSIM.dog","BLACK_JP_7GB_1D","7","1","6.99","0.999","https://esim.dog/jp"
"japan","eSIM.dog","BLACK_JP_40GB_7D","40","7","40.99","1.025","https://esim.dog/jp"
"japan","eSIM.dog","BLACK_JP_30GB_21D","30","21","31.49","1.05","https://esim.dog/jp"
"japan","eSIM.dog","BLACK_JP_9GB_2D","9","2","9.49","1.054","https://esim.dog/jp"
"japan","eSIM.dog","BLACK_JP_40GB_10D","40","10","42.49","1.062","https://esim.dog/jp"
"japan","eSIM.dog","BLACK_JP_40GB_14D","40","14","42.49","1.062","https://esim.dog/jp"
"japan","eSIM.dog","BLACK_JP_6GB_2D","6","2","6.49","1.082","https://esim.dog/jp"
"japan","eSIM.dog","BLACK_JP_6GB_4D","6","4","6.49","1.082","https://esim.dog/jp"
"japan","eSIM.dog","BLACK_JP_6GB_6D","6","6","6.49","1.082","https://esim.dog/jp"
"japan","eSIM.dog","AMBER_JP_512MB_3D_E159D7F2AB","0.5","3","0.55","1.1","https://esim.dog/jp"
"japan","eSIM.dog","BLACK_JP_40GB_20D","40","20","43.99","1.1","https://esim.dog/jp"
"japan","eSIM.dog","BLACK_JP_30GB_45D","30","45","33.49","1.116","https://esim.dog/jp"
"japan","eSIM.dog","PVDISIFP6","0.49","7","0.55","1.122","https://esim.dog/jp"
"japan","eSIM.dog","BLACK_JP_40GB_25D","40","25","45.49","1.137","https://esim.dog/jp"
"japan","eSIM.dog","BLACK_JP_30GB_70D","30","70","34.49","1.15","https://esim.dog/jp"
"japan","eSIM.dog","BLACK_JP_40GB_30D","40","30","45.99","1.15","https://esim.dog/jp"
"japan","eSIM.dog","BLACK_JP_6GB_9D","6","9","6.99","1.165","https://esim.dog/jp"
"japan","eSIM.dog","BLACK_JP_6GB_14D","6","14","6.99","1.165","https://esim.dog/jp"
"japan","eSIM.dog","BLACK_JP_6GB_20D","6","20","6.99","1.165","https://esim.dog/jp"
"japan","eSIM.dog","BLACK_JP_6GB_25D","6","25","6.99","1.165","https://esim.dog/jp"
"japan","eSIM.dog","BLACK_JP_9GB_6D","9","6","10.49","1.166","https://esim.dog/jp"
"japan","eSIM.dog","BLACK_JP_15GB_14D","15","14","17.49","1.166","https://esim.dog/jp"
"japan","eSIM.dog","BLACK_JP_7GB_60D","7","60","8.23","1.176","https://esim.dog/jp"
"japan","eSIM.dog","BLACK_JP_30GB_80D","30","80","35.49","1.183","https://esim.dog/jp"
"japan","eSIM.dog","BLACK_JP_50GB_14D","50","14","59.49","1.19","https://esim.dog/jp"
"japan","eSIM.dog","BLACK_JP_10GB_14D","10","14","11.99","1.199","https://esim.dog/jp"
"japan","Airalo","moshi-moshi-15days-20gb","20","15","24","1.2","https://www.airalo.com/japan-esim"
"japan","eSIM.dog","BLACK_JP_20GB_14D","20","14","23.99","1.2","https://esim.dog/jp"
"japan","eSIM.dog","BLACK_JP_7GB_2D","7","2","8.49","1.213","https://esim.dog/jp"
"japan","eSIM.dog","BLACK_JP_7GB_70D","7","70","8.51","1.216","https://esim.dog/jp"
"japan","eSIM.dog","BLACK_JP_9GB_14D","9","14","10.99","1.221","https://esim.dog/jp"
"japan","eSIM.dog","BLACK_JP_9GB_20D","9","20","10.99","1.221","https://esim.dog/jp"
"japan","eSIM.dog","BLACK_JP_4GB_1D","4","1","4.99","1.248","https://esim.dog/jp"
"japan","eSIM.dog","BLACK_JP_10GB_21D","10","21","12.49","1.249","https://esim.dog/jp"
"japan","Airalo","moshi-moshi-30days-20gb","20","30","25","1.25","https://www.airalo.com/japan-esim"
"japan","eSIM.dog","BLACK_JP_40GB_70D","40","70","49.99","1.25","https://esim.dog/jp"
"japan","eSIM.dog","BLACK_JP_50GB_21D","50","21","62.99","1.26","https://esim.dog/jp"
"japan","eSIM.dog","BLACK_JP_20GB_21D","20","21","25.49","1.274","https://esim.dog/jp"
"japan","eSIM.dog","BLACK_JP_40GB_80D","40","80","50.99","1.275","https://esim.dog/jp"
"japan","eSIM.dog","BLACK_JP_9GB_25D","9","25","11.49","1.277","https://esim.dog/jp"
"japan","eSIM.dog","BLACK_JP_7GB_4D","7","4","8.99","1.284","https://esim.dog/jp"
"japan","eSIM.dog","BLACK_JP_7GB_6D","7","6","8.99","1.284","https://esim.dog/jp"
"japan","eSIM.dog","BLACK_JP_7GB_7D","7","7","8.99","1.284","https://esim.dog/jp"
"japan","eSIM.dog","BLACK_JP_5GB_14D","5","14","6.49","1.298","https://esim.dog/jp"
"japan","eSIM.dog","BLACK_JP_10GB_45D","10","45","12.99","1.299","https://esim.dog/jp"
"japan","eSIM.dog","BLACK_JP_40GB_90D","40","90","51.99","1.3","https://esim.dog/jp"
"japan","eSIM.dog","GREEN_JP_DD92E6724E","80","365","105.36","1.317","https://esim.dog/jp"
"japan","eSIM.dog","BLACK_JP_50GB_45D","50","45","65.99","1.32","https://esim.dog/jp"
"japan","eSIM.dog","PINK_JP_68A05BA2EB","3","12","3.99","1.33","https://esim.dog/jp"
"japan","eSIM.dog","PINK_JP_AB2DC1966E","3","20","3.99","1.33","https://esim.dog/jp"
"japan","eSIM.dog","PINK_JP_E5E6B51ADB","3","25","3.99","1.33","https://esim.dog/jp"
"japan","eSIM.dog","BLACK_JP_9GB_45D","9","45","11.99","1.332","https://esim.dog/jp"
"japan","eSIM.dog","BLACK_JP_7GB_90D","7","90","9.34","1.334","https://esim.dog/jp"
"japan","eSIM.dog","BLACK_JP_7GB_14D","7","14","9.49","1.356","https://esim.dog/jp"
"japan","eSIM.dog","PINK_1766557845271862_360","50","360","68.24","1.365","https://esim.dog/jp"
"japan","eSIM.dog","BLACK_JP_6GB_90D","6","90","8.23","1.372","https://esim.dog/jp"
"japan","eSIM.dog","BLACK_JP_9GB_60D","9","60","12.49","1.388","https://esim.dog/jp"
"japan","eSIM.dog","BLACK_JP_50GB_70D","50","70","69.49","1.39","https://esim.dog/jp"
"japan","eSIM.dog","BLACK_JP_5GB_21D","5","21","6.99","1.398","https://esim.dog/jp"
"japan","eSIM.dog","BLACK_JP_10GB_80D","10","80","13.99","1.399","https://esim.dog/jp"
"japan","eSIM.dog","BLACK_JP_50GB_80D","50","80","70.49","1.41","https://esim.dog/jp"
"japan","eSIM.dog","BLACK_JP_7GB_20D","7","20","9.99","1.427","https://esim.dog/jp"
"japan","eSIM.dog","BLACK_JP_9GB_90D","9","90","12.99","1.443","https://esim.dog/jp"
"japan","eSIM.dog","BLACK_JP_2GB_90D","2","90","2.98","1.49","https://esim.dog/jp"
"japan","eSIM.dog","BLACK_JP_4GB_2D","4","2","5.99","1.498","https://esim.dog/jp"
"japan","eSIM.dog","BLACK_JP_4GB_3D","4","3","5.99","1.498","https://esim.dog/jp"
"japan","eSIM.dog","BLACK_JP_4GB_7D","4","7","5.99","1.498","https://esim.dog/jp"
"japan","eSIM.dog","AMBER_JP_512MB_10D_DF1345DD4C","0.5","10","0.76","1.52","https://esim.dog/jp"
"japan","eSIM.dog","AMBER_JP_512MB_15D_05E58A4D03","0.5","15","0.76","1.52","https://esim.dog/jp"
"japan","eSIM.dog","AMBER_JP_512MB_20D_EF2F827825","0.5","20","0.76","1.52","https://esim.dog/jp"
"japan","eSIM.dog","AMBER_JP_512MB_30D_780C9349C6","0.5","30","0.76","1.52","https://esim.dog/jp"
"japan","eSIM.dog","BLACK_JP_4GB_14D","4","14","6.49","1.623","https://esim.dog/jp"
"japan","eSIM.dog","BLACK_JP_4GB_20D","4","20","6.49","1.623","https://esim.dog/jp"
"japan","eSIM.dog","BLACK_JP_4GB_25D","4","25","6.49","1.623","https://esim.dog/jp"
"japan","eSIM.dog","GREEN_JP_B4C0F0D724","40","180","64.99","1.625","https://esim.dog/jp"
"japan","Airalo","moshi-moshi-7days-10gb","10","7","17","1.7","https://www.airalo.com/japan-esim"
"japan","eSIM.dog","BLACK_JP_2GB_2D","2","2","3.49","1.745","https://esim.dog/jp"
"japan","eSIM.dog","YELLOW_JP_314C3BD052","2","15","3.49","1.745","https://esim.dog/jp"
"japan","eSIM.dog","BLACK_JP_4GB_30D","4","30","6.99","1.748","https://esim.dog/jp"
"japan","Airalo","moshi-moshi-15days-10gb","10","15","17.5","1.75","https://www.airalo.com/japan-esim"
"japan","Airalo","moshi-moshi-30days-10gb","10","30","18","1.8","https://www.airalo.com/japan-esim"
"japan","eSIM.dog","BLACK_JP_3GB_14D","3","14","5.49","1.83","https://esim.dog/jp"
"japan","eSIM.dog","BLACK_JP_3GB_21D","3","21","5.49","1.83","https://esim.dog/jp"
"japan","eSIM.dog","BLACK_JP_2GB_3D","2","3","3.99","1.995","https://esim.dog/jp"
"japan","eSIM.dog","BLACK_JP_2GB_7D","2","7","3.99","1.995","https://esim.dog/jp"
"japan","eSIM.dog","BLACK_JP_2GB_14D","2","14","3.99","1.995","https://esim.dog/jp"
"japan","eSIM.dog","GREEN_JP_CDC33B551C","5","365","9.99","1.998","https://esim.dog/jp"
"japan","Airalo","moshi-moshi-7days-5gb","5","7","10","2","https://www.airalo.com/japan-esim"
"japan","Airalo","moshi-moshi-15days-5gb","5","15","10.5","2.1","https://www.airalo.com/japan-esim"
"japan","Airalo","moshi-moshi-30days-5gb","5","30","11","2.2","https://www.airalo.com/japan-esim"
"japan","eSIM.dog","GREEN_JP_33312B990D","40","365","89.49","2.237","https://esim.dog/jp"
"japan","eSIM.dog","GREEN_JP_E31ADA1B74","10","365","22.49","2.249","https://esim.dog/jp"
"japan","eSIM.dog","GREEN_JP_141C3CAE98","20","365","44.99","2.25","https://esim.dog/jp"
"japan","eSIM.dog","BLACK_JP_1GB_90D","1","90","2.41","2.41","https://esim.dog/jp"
"japan","eSIM.dog","BLACK_JP_1GB_3D","1","3","2.49","2.49","https://esim.dog/jp"
"japan","Airalo","moshi-moshi-3days-3gb","3","3","7.5","2.5","https://www.airalo.com/japan-esim"
"japan","Airalo","moshi-moshi-7days-3gb","3","7","8","2.667","https://www.airalo.com/japan-esim"
"japan","Stellar","Japan 5GB 45Days + Free Stellar VPN","5","45","13.64","2.728","stellar feed"
"japan","Stellar","Japan 5GB 60Days + Free Stellar VPN","5","60","13.64","2.728","stellar feed"
"japan","eSIM.dog","BLACK_JP_1GB_4D","1","4","2.99","2.99","https://esim.dog/jp"
"japan","eSIM.dog","BLACK_JP_1GB_5D","1","5","2.99","2.99","https://esim.dog/jp"
"japan","eSIM.dog","BLACK_JP_1GB_6D","1","6","2.99","2.99","https://esim.dog/jp"
"japan","eSIM.dog","YELLOW_JP_123D02F588","60","125","197.49","3.292","https://esim.dog/jp"
"japan","eSIM.dog","BLACK_JP_500MB_1D","0.5","1","1.99","3.98","https://esim.dog/jp"
"japan","Airalo","moshi-moshi-3days-1gb","1","3","4","4","https://www.airalo.com/japan-esim"
"japan","eSIM.dog","PINK_1766557882712869_1","0.49","1","1.99","4.061","https://esim.dog/jp"
"japan","eSIM.dog","YELLOW_JP_D7B699410B","0.49","3","2.99","6.102","https://esim.dog/jp"
"japan","eSIM.dog","BLACK_JP_100MB_30D","0.1","30","0.76","7.6","https://esim.dog/jp"
"japan","eSIM.dog","BLUE_JP_D7322ADFDA","1","365","7.99","7.99","https://esim.dog/jp"
"japan","eSIM.dog","YELLOW_JP_4B2656412A","0.29","3","2.49","8.586","https://esim.dog/jp"
"japan","eSIM.dog","BLACK_JP_100MB_90D","0.1","90","0.98","9.8","https://esim.dog/jp"
"japan","eSIM.dog","BLACK_JP_100MB_1D","0.1","1","1.49","14.9","https://esim.dog/jp"
"japan","eSIM.dog","BLACK_JP_100MB_3D","0.1","3","1.49","14.9","https://esim.dog/jp"
"japan","eSIM.dog","BLACK_JP_100MB_5D","0.1","5","1.49","14.9","https://esim.dog/jp"
"japan","eSIM.dog","YELLOW_JP_D1EF1B806D","0.2","30","2.99","14.95","https://esim.dog/jp"
"malaysia","eSIM.dog","PINK_1783412697242326_3","50","3","10.98","0.22","https://esim.dog/my"
"malaysia","eSIM.dog","AMBER_MY_50GB_5D_1BA42D6604","50","5","10.98","0.22","https://esim.dog/my"
"malaysia","eSIM.dog","AMBER_MY_50GB_6D_B121BFE90C","50","6","10.98","0.22","https://esim.dog/my"
"malaysia","eSIM.dog","AMBER_MY_50GB_7D_DB9A60B254","50","7","10.98","0.22","https://esim.dog/my"
"malaysia","eSIM.dog","AMBER_MY_50GB_10D_7698E3CFFA","50","10","10.98","0.22","https://esim.dog/my"
"malaysia","eSIM.dog","BLACK_MY_6GB_1D","6","1","1.51","0.252","https://esim.dog/my"
"malaysia","eSIM.dog","AMBER_MY_6GB_10D_4738FF71FA","6","10","1.51","0.252","https://esim.dog/my"
"malaysia","eSIM.dog","AMBER_MY_6GB_20D_034CA91514","6","20","1.51","0.252","https://esim.dog/my"
"malaysia","eSIM.dog","BLACK_MY_30GB_1D","30","1","7.67","0.256","https://esim.dog/my"
"malaysia","eSIM.dog","PINK_1783412697273330_3","30","3","7.67","0.256","https://esim.dog/my"
"malaysia","Stellar","Malaysia 50GB 15Days + Free Stellar VPN","50","15","12.96","0.259","stellar feed"
"malaysia","eSIM.dog","PINK_1783412697242326_15","50","15","12.98","0.26","https://esim.dog/my"
"malaysia","Stellar","Malaysia 50GB 20Days + Free Stellar VPN","50","20","13.35","0.267","stellar feed"
"malaysia","eSIM.dog","PINK_1783412697242326_20","50","20","13.37","0.267","https://esim.dog/my"
"malaysia","eSIM.dog","PINK_1783412697273330_5","30","5","8.12","0.271","https://esim.dog/my"
"malaysia","Stellar","Malaysia 50GB 30Days + Free Stellar VPN","50","30","13.71","0.274","stellar feed"
"malaysia","eSIM.dog","AMBER_MY_50GB_21D_B3F30BF92C","50","21","13.7","0.274","https://esim.dog/my"
"malaysia","eSIM.dog","AMBER_MY_50GB_25D_2398EFF956","50","25","13.7","0.274","https://esim.dog/my"
"malaysia","eSIM.dog","AMBER_MY_50GB_30D_61FEC31A9B","50","30","13.7","0.274","https://esim.dog/my"
"malaysia","eSIM.dog","BLACK_MY_40GB_1D","40","1","10.98","0.275","https://esim.dog/my"
"malaysia","eSIM.dog","BLACK_MY_40GB_5D","40","5","10.98","0.275","https://esim.dog/my"
"malaysia","eSIM.dog","AMBER_MY_40GB_10D_6E31BEB7C3","40","10","10.98","0.275","https://esim.dog/my"
"malaysia","eSIM.dog","PINK_1783412697273330_7","30","7","8.34","0.278","https://esim.dog/my"
"malaysia","eSIM.dog","BLACK_MY_20GB_1D","20","1","5.64","0.282","https://esim.dog/my"
"malaysia","eSIM.dog","PINK_1783412697250327_3","20","3","5.64","0.282","https://esim.dog/my"
"malaysia","eSIM.dog","PINK_1783412697273330_10","30","10","8.58","0.286","https://esim.dog/my"
"malaysia","eSIM.dog","PINK_1783412697273330_20","30","20","8.58","0.286","https://esim.dog/my"
"malaysia","eSIM.dog","AMBER_MY_30GB_21D_7EFADB7148","30","21","8.58","0.286","https://esim.dog/my"
"malaysia","eSIM.dog","AMBER_MY_30GB_30D_2F4E015EBD","30","30","8.58","0.286","https://esim.dog/my"
"malaysia","eSIM.dog","AMBER_MY_4GB_1D_317FACF98D","4","1","1.15","0.287","https://esim.dog/my"
"malaysia","eSIM.dog","AMBER_MY_4GB_3D_574005E199","4","3","1.15","0.287","https://esim.dog/my"
"malaysia","eSIM.dog","AMBER_MY_4GB_20D_821F2A713E","4","20","1.15","0.287","https://esim.dog/my"
"malaysia","eSIM.dog","PINK_1783412697250327_5","20","5","5.86","0.293","https://esim.dog/my"
"malaysia","eSIM.dog","AMBER_MY_2GB_1D_7B7C958CB6","2","1","0.59","0.295","https://esim.dog/my"
"malaysia","eSIM.dog","AMBER_MY_2GB_14D_F0A6962E7F","2","14","0.59","0.295","https://esim.dog/my"
"malaysia","eSIM.dog","AMBER_MY_2GB_15D_AF28F5849C","2","15","0.59","0.295","https://esim.dog/my"
"malaysia","Stellar","Malaysia 2GB 15Days + Free Stellar VPN","2","15","0.6","0.3","stellar feed"
"malaysia","Stellar","Malaysia 100GB 60Days + Free Stellar VPN","100","60","30.06","0.301","stellar feed"
"malaysia","eSIM.dog","AMBER_MY_4GB_30D_B2331F8E15","4","30","1.21","0.302","https://esim.dog/my"
"malaysia","eSIM.dog","AMBER_MY_5GB_5D_6D9031E22A","5","5","1.51","0.302","https://esim.dog/my"
"malaysia","eSIM.dog","AMBER_MY_5GB_6D_F17E8505F9","5","6","1.51","0.302","https://esim.dog/my"
"malaysia","eSIM.dog","AMBER_MY_5GB_7D_7DCD534B54","5","7","1.51","0.302","https://esim.dog/my"
"malaysia","eSIM.dog","AMBER_MY_5GB_10D_B04B20F9EC","5","10","1.51","0.302","https://esim.dog/my"
"malaysia","eSIM.dog","AMBER_MY_5GB_12D_A53D97DEE9","5","12","1.51","0.302","https://esim.dog/my"
"malaysia","eSIM.dog","AMBER_MY_5GB_15D_325B8F8E7D","5","15","1.51","0.302","https://esim.dog/my"
"malaysia","eSIM.dog","AMBER_MY_5GB_20D_BDAB4F2F3A","5","20","1.51","0.302","https://esim.dog/my"
"malaysia","eSIM.dog","AMBER_MY_5GB_21D_36F2A1749F","5","21","1.51","0.302","https://esim.dog/my"
"malaysia","eSIM.dog","AMBER_MY_5GB_25D_DEDF7863C4","5","25","1.51","0.302","https://esim.dog/my"
"malaysia","eSIM.dog","AMBER_MY_5GB_30D_150F27C7B0","5","30","1.51","0.302","https://esim.dog/my"
"malaysia","eSIM.dog","P8TY75UYQ","40","15","12.12","0.303","https://esim.dog/my"
"malaysia","eSIM.dog","PINK_1783412697250327_7","20","7","6.09","0.304","https://esim.dog/my"
"malaysia","Stellar","Malaysia 20GB 20Days + Free Stellar VPN","20","20","6.2","0.31","stellar feed"
"malaysia","eSIM.dog","BLACK_MY_50GB_1D","50","1","15.49","0.31","https://esim.dog/my"
"malaysia","eSIM.dog","BLACK_MY_9GB_1D","9","1","2.8","0.311","https://esim.dog/my"
"malaysia","eSIM.dog","BLACK_MY_9GB_5D","9","5","2.8","0.311","https://esim.dog/my"
"malaysia","eSIM.dog","AMBER_MY_9GB_7D_CF03A26A7B","9","7","2.8","0.311","https://esim.dog/my"
"malaysia","eSIM.dog","AMBER_MY_9GB_10D_2C99C0BCAA","9","10","2.8","0.311","https://esim.dog/my"
"malaysia","eSIM.dog","PINK_1783412697250327_10","20","10","6.22","0.311","https://esim.dog/my"
"malaysia","eSIM.dog","P3H0KLEL8","20","15","6.22","0.311","https://esim.dog/my"
"malaysia","eSIM.dog","PINK_1783412697250327_20","20","20","6.22","0.311","https://esim.dog/my"
"malaysia","Stellar","Malaysia 20GB 30Days (nonhkip) + Free Stellar VPN","20","30","6.34","0.317","stellar feed"
"malaysia","Stellar","Malaysia 20GB 30Days + Free Stellar VPN","20","30","6.34","0.317","stellar feed"
"malaysia","eSIM.dog","AMBER_MY_20GB_21D_4ECB6B972C","20","21","6.33","0.317","https://esim.dog/my"
"malaysia","eSIM.dog","AMBER_MY_20GB_25D_42206706D4","20","25","6.33","0.317","https://esim.dog/my"
"malaysia","eSIM.dog","AMBER_MY_20GB_30D_6BCFFD97A0","20","30","6.33","0.317","https://esim.dog/my"
"malaysia","eSIM.dog","PINK_MY_243A4F9641","10","1","3.19","0.319","https://esim.dog/my"
"malaysia","eSIM.dog","PINK_1783412697235325_3","10","3","3.19","0.319","https://esim.dog/my"
"malaysia","eSIM.dog","BLACK_MY_12GB_1D","12","1","3.86","0.322","https://esim.dog/my"
"malaysia","eSIM.dog","BLACK_MY_12GB_15D","12","15","3.86","0.322","https://esim.dog/my"
"malaysia","eSIM.dog","BLACK_MY_40GB_14D","40","14","12.98","0.325","https://esim.dog/my"
"malaysia","eSIM.dog","PINK_1783412697235325_5","10","5","3.29","0.329","https://esim.dog/my"
"malaysia","Stellar","Malaysia 6GB 30Days + Free Stellar VPN","6","30","1.98","0.33","stellar feed"
"malaysia","eSIM.dog","AMBER_MY_2GB_20D_EBC8C772D8","2","20","0.66","0.33","https://esim.dog/my"
"malaysia","eSIM.dog","AMBER_MY_2GB_30D_3E5D22434A","2","30","0.66","0.33","https://esim.dog/my"
"malaysia","eSIM.dog","BLACK_MY_7GB_1D","7","1","2.31","0.33","https://esim.dog/my"
"malaysia","eSIM.dog","AMBER_MY_7GB_10D_71E93F1AC8","7","10","2.31","0.33","https://esim.dog/my"
"malaysia","eSIM.dog","BLACK_MY_40GB_20D","40","20","13.37","0.334","https://esim.dog/my"
"malaysia","Stellar","Malaysia 2GB 30Days + Free Stellar VPN","2","30","0.67","0.335","stellar feed"
"malaysia","eSIM.dog","BLACK_MY_10GB_6D","10","6","3.39","0.339","https://esim.dog/my"
"malaysia","eSIM.dog","PINK_1783412697235325_7","10","7","3.39","0.339","https://esim.dog/my"
"malaysia","eSIM.dog","BLACK_MY_40GB_25D","40","25","13.7","0.342","https://esim.dog/my"
"malaysia","eSIM.dog","AMBER_MY_40GB_30D_CD281425C0","40","30","13.7","0.342","https://esim.dog/my"
"malaysia","eSIM.dog","PINK_1783412697235325_10","10","10","3.49","0.349","https://esim.dog/my"
"malaysia","eSIM.dog","BLACK_MY_8GB_1D","8","1","2.8","0.35","https://esim.dog/my"
"malaysia","eSIM.dog","BLACK_MY_8GB_3D","8","3","2.8","0.35","https://esim.dog/my"
"malaysia","eSIM.dog","BLACK_MY_8GB_5D","8","5","2.8","0.35","https://esim.dog/my"
"malaysia","eSIM.dog","AMBER_MY_8GB_7D_B18C949D61","8","7","2.8","0.35","https://esim.dog/my"
"malaysia","eSIM.dog","AMBER_MY_8GB_9D_E76B5927B6","8","9","2.8","0.35","https://esim.dog/my"
"malaysia","eSIM.dog","AMBER_MY_8GB_10D_B621ED60AB","8","10","2.8","0.35","https://esim.dog/my"
"malaysia","eSIM.dog","AMBER_MY_8GB_12D_41C89B8AB1","8","12","2.8","0.35","https://esim.dog/my"
"malaysia","eSIM.dog","AMBER_MY_8GB_15D_931777E84E","8","15","2.8","0.35","https://esim.dog/my"
"malaysia","eSIM.dog","AMBER_MY_8GB_20D_6B4C49732C","8","20","2.8","0.35","https://esim.dog/my"
"malaysia","Stellar","Malaysia 15GB 20Days + Free Stellar VPN","15","20","5.27","0.351","stellar feed"
"malaysia","Stellar","Malaysia 12GB 20Days + Free Stellar VPN","12","20","4.23","0.353","stellar feed"
"malaysia","eSIM.dog","BLACK_MY_15GB_1D","15","1","5.29","0.353","https://esim.dog/my"
"malaysia","eSIM.dog","PINK_1766557885789970_3","15","3","5.29","0.353","https://esim.dog/my"
"malaysia","eSIM.dog","PINK_1766557885789970_5","15","5","5.29","0.353","https://esim.dog/my"
"malaysia","eSIM.dog","PINK_1766557885789970_7","15","7","5.29","0.353","https://esim.dog/my"
"malaysia","eSIM.dog","PINK_1766557885789970_10","15","10","5.29","0.353","https://esim.dog/my"
"malaysia","eSIM.dog","BLACK_MY_15GB_14D","15","14","5.29","0.353","https://esim.dog/my"
"malaysia","eSIM.dog","PINK_1783412697227324_20","15","20","5.29","0.353","https://esim.dog/my"
"malaysia","Stellar","Malaysia 10GB 20Days + Free Stellar VPN","10","20","3.55","0.355","stellar feed"
"malaysia","Stellar","Malaysia 10GB 30Days + Free Stellar VPN","10","30","3.55","0.355","stellar feed"
"malaysia","Stellar","Malaysia 10GB 30Days (nonhkip) + Free Stellar VPN","10","30","3.55","0.355","stellar feed"
"malaysia","eSIM.dog","BLACK_MY_10GB_12D","10","12","3.56","0.356","https://esim.dog/my"
"malaysia","eSIM.dog","BLACK_MY_10GB_14D","10","14","3.56","0.356","https://esim.dog/my"
"malaysia","eSIM.dog","PINK_1783412697235325_15","10","15","3.56","0.356","https://esim.dog/my"
"malaysia","eSIM.dog","PINK_1783412697235325_20","10","20","3.56","0.356","https://esim.dog/my"
"malaysia","eSIM.dog","PINK_1783412697235325_30","10","30","3.56","0.356","https://esim.dog/my"
"malaysia","Stellar","Malaysia 14GB 20Days + Free Stellar VPN","14","20","5.01","0.358","stellar feed"
"malaysia","Stellar","Malaysia 15GB 30Days + Free Stellar VPN","15","30","5.45","0.363","stellar feed"
"malaysia","eSIM.dog","BLACK_MY_15GB_21D","15","21","5.44","0.363","https://esim.dog/my"
"malaysia","eSIM.dog","BLACK_MY_15GB_30D","15","30","5.44","0.363","https://esim.dog/my"
"malaysia","Stellar","Malaysia 16GB 20Days + Free Stellar VPN","16","20","5.86","0.366","stellar feed"
"malaysia","Stellar","Malaysia 16GB 30Days + Free Stellar VPN","16","30","5.86","0.366","stellar feed"
"malaysia","Stellar","Malaysia 4GB 20Days + Free Stellar VPN","4","20","1.5","0.375","stellar feed"
"malaysia","Stellar","Malaysia 18GB 20Days + Free Stellar VPN","18","20","6.77","0.376","stellar feed"
"malaysia","Stellar","Malaysia 14GB 30Days + Free Stellar VPN","14","30","5.26","0.376","stellar feed"
"malaysia","Stellar","Malaysia 18GB 30Days + Free Stellar VPN","18","30","6.77","0.376","stellar feed"
"malaysia","eSIM.dog","BLACK_MY_10GB_21D","10","21","3.78","0.378","https://esim.dog/my"
"malaysia","eSIM.dog","PINK_MY_121F2C7C5B","10","25","3.78","0.378","https://esim.dog/my"
"malaysia","eSIM.dog","PINK_MY_0A46C7424D","3","3","1.15","0.383","https://esim.dog/my"
"malaysia","eSIM.dog","AMBER_MY_3GB_5D_0F1A2A2F62","3","5","1.15","0.383","https://esim.dog/my"
"malaysia","eSIM.dog","AMBER_MY_3GB_7D_423305CF43","3","7","1.15","0.383","https://esim.dog/my"
"malaysia","eSIM.dog","AMBER_MY_3GB_10D_A17424ED23","3","10","1.15","0.383","https://esim.dog/my"
"malaysia","eSIM.dog","AMBER_MY_3GB_12D_974426A2AB","3","12","1.15","0.383","https://esim.dog/my"
"malaysia","eSIM.dog","AMBER_MY_3GB_14D_A9BC0CE4FC","3","14","1.15","0.383","https://esim.dog/my"
"malaysia","eSIM.dog","AMBER_MY_3GB_15D_92A9890E41","3","15","1.15","0.383","https://esim.dog/my"
"malaysia","eSIM.dog","AMBER_MY_3GB_20D_ACE47F7A62","3","20","1.15","0.383","https://esim.dog/my"
"malaysia","Stellar","Malaysia 9GB 20Days + Free Stellar VPN","9","20","3.55","0.394","stellar feed"
"malaysia","Stellar","Malaysia 9GB 30Days + Free Stellar VPN","9","30","3.55","0.394","stellar feed"
"malaysia","Stellar","Malaysia 4GB 30Days + Free Stellar VPN","4","30","1.58","0.395","stellar feed"
"malaysia","eSIM.dog","BLACK_MY_9GB_30D","9","30","3.56","0.396","https://esim.dog/my"
"malaysia","eSIM.dog","BLACK_MY_30GB_12D","30","12","11.99","0.4","https://esim.dog/my"
"malaysia","eSIM.dog","BLACK_MY_30GB_14D","30","14","11.99","0.4","https://esim.dog/my"
"malaysia","eSIM.dog","AMBER_MY_3GB_21D_1809E5E504","3","21","1.21","0.403","https://esim.dog/my"
"malaysia","eSIM.dog","AMBER_MY_3GB_25D_122BCE5133","3","25","1.21","0.403","https://esim.dog/my"
"malaysia","eSIM.dog","AMBER_MY_3GB_30D_AE343565E3","3","30","1.21","0.403","https://esim.dog/my"
"malaysia","Stellar","Malaysia 12GB 30Days + Free Stellar VPN","12","30","4.87","0.406","stellar feed"
"malaysia","eSIM.dog","BLACK_MY_50GB_45D","50","45","20.28","0.406","https://esim.dog/my"
"malaysia","eSIM.dog","BLACK_MY_12GB_30D","12","30","4.89","0.407","https://esim.dog/my"
"malaysia","Stellar","Malaysia 6GB 20Days + Free Stellar VPN","6","20","2.57","0.428","stellar feed"
"malaysia","eSIM.dog","BLACK_MY_50GB_12D","50","12","21.49","0.43","https://esim.dog/my"
"malaysia","eSIM.dog","BLACK_MY_50GB_14D","50","14","21.49","0.43","https://esim.dog/my"
"malaysia","Stellar","Malaysia 7GB 20Days + Free Stellar VPN","7","20","3.02","0.431","stellar feed"
"malaysia","Stellar","Malaysia 3GB 15Days + Free Stellar VPN","3","15","1.33","0.443","stellar feed"
"malaysia","Stellar","Malaysia 3GB 15Days (nonhkip) + Free Stellar VPN","3","15","1.33","0.443","stellar feed"
"malaysia","Stellar","Malaysia 8GB 20Days + Free Stellar VPN","8","20","3.55","0.444","stellar feed"
"malaysia","Stellar","Malaysia 8GB 30Days + Free Stellar VPN","8","30","3.55","0.444","stellar feed"
"malaysia","eSIM.dog","BLACK_MY_8GB_30D","8","30","3.56","0.445","https://esim.dog/my"
"malaysia","Stellar","Malaysia 5GB 10Days + Free Stellar VPN","5","10","2.28","0.456","stellar feed"
"malaysia","Stellar","Malaysia 5GB 15Days + Free Stellar VPN","5","15","2.37","0.474","stellar feed"
"malaysia","eSIM.dog","BLACK_MY_20GB_12D","20","12","9.49","0.475","https://esim.dog/my"
"malaysia","eSIM.dog","BLACK_MY_20GB_14D","20","14","9.49","0.475","https://esim.dog/my"
"malaysia","Stellar","Malaysia 5GB 20Days + Free Stellar VPN","5","20","2.42","0.484","stellar feed"
"malaysia","Stellar","Malaysia 3GB 30Days (nonhkip) + Free Stellar VPN","3","30","1.47","0.49","stellar feed"
"malaysia","Stellar","Malaysia 3GB 30Days + Free Stellar VPN","3","30","1.47","0.49","stellar feed"
"malaysia","eSIM.dog","BLACK_MY_50GB_80D","50","80","24.94","0.499","https://esim.dog/my"
"malaysia","eSIM.dog","BLACK_MY_50GB_90D","50","90","24.94","0.499","https://esim.dog/my"
"malaysia","Stellar","Malaysia 3GB 5Days + Free Stellar VPN","3","5","1.51","0.503","stellar feed"
"malaysia","Stellar","Malaysia 7GB 30Days + Free Stellar VPN","7","30","3.55","0.507","stellar feed"
"malaysia","eSIM.dog","BLACK_MY_40GB_45D","40","45","20.28","0.507","https://esim.dog/my"
"malaysia","eSIM.dog","BLACK_MY_7GB_30D","7","30","3.56","0.509","https://esim.dog/my"
"malaysia","Stellar","Malaysia 5GB 30Days + Free Stellar VPN","5","30","2.58","0.516","stellar feed"
"malaysia","Stellar","Malaysia 5GB 30Days (nonhkip) + Free Stellar VPN","5","30","2.58","0.516","stellar feed"
"malaysia","Stellar","Malaysia 50GB 180Days + Free Stellar VPN","50","180","28.42","0.568","stellar feed"
"malaysia","eSIM.dog","PBAGTADCE","50","180","28.42","0.568","https://esim.dog/my"
"malaysia","eSIM.dog","PINK_MY_5B6CA50940","1","1","0.58","0.58","https://esim.dog/my"
"malaysia","Stellar","Malaysia 3GB 20Days + Free Stellar VPN","3","20","1.77","0.59","stellar feed"
"malaysia","eSIM.dog","BLACK_MY_1GB_2D","1","2","0.59","0.59","https://esim.dog/my"
"malaysia","eSIM.dog","BLACK_MY_1GB_3D","1","3","0.59","0.59","https://esim.dog/my"
"malaysia","eSIM.dog","BLACK_MY_1GB_4D","1","4","0.59","0.59","https://esim.dog/my"
"malaysia","eSIM.dog","BLACK_MY_1GB_5D","1","5","0.59","0.59","https://esim.dog/my"
"malaysia","eSIM.dog","AMBER_MY_1GB_6D_3E550B8B6A","1","6","0.59","0.59","https://esim.dog/my"
"malaysia","eSIM.dog","AMBER_MY_1GB_7D_079916392A","1","7","0.59","0.59","https://esim.dog/my"
"malaysia","eSIM.dog","BLACK_MY_5GB_1D","5","1","2.99","0.598","https://esim.dog/my"
"malaysia","eSIM.dog","YELLOW_MY_FB527082CA","100","180","59.89","0.599","https://esim.dog/my"
"malaysia","eSIM.dog","BLACK_MY_40GB_90D","40","90","24.94","0.624","https://esim.dog/my"
"malaysia","eSIM.dog","BLACK_MY_20GB_80D","20","80","12.49","0.625","https://esim.dog/my"
"malaysia","eSIM.dog","BLACK_MY_20GB_90D","20","90","12.49","0.625","https://esim.dog/my"
"malaysia","eSIM.dog","BLACK_MY_1GB_25D","1","25","0.66","0.66","https://esim.dog/my"
"malaysia","eSIM.dog","AMBER_MY_1GB_30D_B3B256963A","1","30","0.66","0.66","https://esim.dog/my"
"malaysia","Stellar","Malaysia 100MB 7Days + Free Stellar VPN","1","7","0.68","0.68","stellar feed"
"malaysia","Stellar","Malaysia 500MB 7Days + Free Stellar VPN","1","7","0.68","0.68","stellar feed"
"malaysia","eSIM.dog","BLACK_MY_30GB_90D","30","90","22","0.733","https://esim.dog/my"
"malaysia","eSIM.dog","PINK_MY_61FAE07C53","30","180","23.77","0.792","https://esim.dog/my"
"malaysia","eSIM.dog","BLACK_MY_10GB_90D","10","90","7.94","0.794","https://esim.dog/my"
"malaysia","Stellar","Malaysia 5GB 21Days + Free Stellar VPN","5","21","3.98","0.796","stellar feed"
"malaysia","Stellar","Malaysia 2GB 20Days + Free Stellar VPN","2","20","1.62","0.81","stellar feed"
"malaysia","Stellar","Malaysia 1GB 7Days + Free Stellar VPN","1","7","0.81","0.81","stellar feed"
"malaysia","Stellar","Malaysia 1GB 7Days (nonhkip) + Free Stellar VPN","1","7","0.81","0.81","stellar feed"
"malaysia","eSIM.dog","PINK_MY_0B1E80E150","3","1","2.49","0.83","https://esim.dog/my"
"malaysia","eSIM.dog","BLACK_MY_15GB_90D","15","90","12.49","0.833","https://esim.dog/my"
"malaysia","Stellar","Malaysia 1GB 30Days (nonhkip) + Free Stellar VPN","1","30","0.85","0.85","stellar feed"
"malaysia","Airalo","sambungkan-in-30days-50gb","50","30","49","0.98","https://www.airalo.com/malaysia-esim"
"malaysia","eSIM.dog","BLACK_MY_5GB_45D","5","45","5.1","1.02","https://esim.dog/my"
"malaysia","eSIM.dog","BLACK_MY_5GB_60D","5","60","5.1","1.02","https://esim.dog/my"
"malaysia","eSIM.dog","BLACK_MY_5GB_90D","5","90","5.1","1.02","https://esim.dog/my"
"malaysia","eSIM.dog","BLACK_MY_500MB_2D","0.5","2","0.54","1.08","https://esim.dog/my"
"malaysia","eSIM.dog","BLACK_MY_500MB_7D","0.5","7","0.55","1.1","https://esim.dog/my"
"malaysia","eSIM.dog","PA2YSC03Y","0.49","7","0.55","1.122","https://esim.dog/my"
"malaysia","eSIM.dog","BLACK_MY_500MB_15D","0.5","15","0.59","1.18","https://esim.dog/my"
"malaysia","eSIM.dog","BLACK_MY_500MB_30D","0.5","30","0.66","1.32","https://esim.dog/my"
"malaysia","Stellar","Malaysia 3GB 1Days + Free Stellar VPN","3","1","4.39","1.463","stellar feed"
"malaysia","eSIM.dog","GREEN_MY_0E2F781432","80","365","119.49","1.494","https://esim.dog/my"
"malaysia","eSIM.dog","BLACK_MY_3GB_90D","3","90","4.53","1.51","https://esim.dog/my"
"malaysia","Airalo","sambungkan-in-15days-20gb","20","15","31","1.55","https://www.airalo.com/malaysia-esim"
"malaysia","Airalo","sambungkan-in-30days-20gb","20","30","32","1.6","https://www.airalo.com/malaysia-esim"
"malaysia","eSIM.dog","GREEN_MY_E638E8A5F8","40","180","64.99","1.625","https://esim.dog/my"
"malaysia","Airalo","sambungkan-in-7days-10gb","10","7","19","1.9","https://www.airalo.com/malaysia-esim"
"malaysia","eSIM.dog","BLACK_MY_1GB_90D","1","90","1.94","1.94","https://esim.dog/my"
"malaysia","eSIM.dog","BLACK_MY_2GB_90D","2","90","3.89","1.945","https://esim.dog/my"
"malaysia","eSIM.dog","GREEN_MY_91B9FEA978","5","365","9.74","1.948","https://esim.dog/my"
"malaysia","Airalo","sambungkan-in-15days-10gb","10","15","19.5","1.95","https://www.airalo.com/malaysia-esim"
"malaysia","Airalo","sambungkan-in-30days-10gb","10","30","20","2","https://www.airalo.com/malaysia-esim"
"malaysia","Airalo","sambungkan-in-7days-5gb","5","7","11","2.2","https://www.airalo.com/malaysia-esim"
"malaysia","eSIM.dog","GREEN_MY_F1C5741B7B","40","365","89.49","2.237","https://esim.dog/my"
"malaysia","eSIM.dog","GREEN_MY_AD8E33447B","10","365","22.49","2.249","https://esim.dog/my"
"malaysia","eSIM.dog","GREEN_MY_38F8FB3F66","20","365","44.99","2.25","https://esim.dog/my"
"malaysia","Stellar","Malaysia 5GB 45Days + Free Stellar VPN","5","45","11.47","2.294","stellar feed"
"malaysia","Airalo","sambungkan-in-15days-5gb","5","15","11.5","2.3","https://www.airalo.com/malaysia-esim"
"malaysia","Airalo","sambungkan-in-30days-5gb","5","30","12","2.4","https://www.airalo.com/malaysia-esim"
"malaysia","Airalo","sambungkan-in-3days-3gb","3","3","7.5","2.5","https://www.airalo.com/malaysia-esim"
"malaysia","Stellar","Malaysia 5GB 60Days + Free Stellar VPN","5","60","12.97","2.594","stellar feed"
"malaysia","Airalo","sambungkan-in-7days-3gb","3","7","8","2.667","https://www.airalo.com/malaysia-esim"
"malaysia","eSIM.dog","BLACK_MY_500MB_1D","0.5","1","1.49","2.98","https://esim.dog/my"
"malaysia","eSIM.dog","YELLOW_MY_3D7B4EB3FA","60","125","197.49","3.292","https://esim.dog/my"
"malaysia","Airalo","sambungkan-in-3days-1gb","1","3","4","4","https://www.airalo.com/malaysia-esim"
"malaysia","eSIM.dog","PINK_1783412585556854_1","0.49","1","1.99","4.061","https://esim.dog/my"
"malaysia","eSIM.dog","YELLOW_MY_1D1157419B","0.49","3","2.99","6.102","https://esim.dog/my"
"malaysia","eSIM.dog","BLACK_MY_100MB_30D","0.1","30","0.66","6.6","https://esim.dog/my"
"malaysia","eSIM.dog","YELLOW_MY_73EA02304B","10","180","66.49","6.649","https://esim.dog/my"
"malaysia","eSIM.dog","BLUE_MY_2B93DF44F0","1","365","7.99","7.99","https://esim.dog/my"
"malaysia","eSIM.dog","YELLOW_MY_E6660B82B9","0.29","3","2.49","8.586","https://esim.dog/my"
"malaysia","eSIM.dog","BLACK_MY_100MB_90D","0.1","90","0.98","9.8","https://esim.dog/my"
"malaysia","eSIM.dog","BLACK_MY_100MB_1D","0.1","1","1.49","14.9","https://esim.dog/my"
"malaysia","eSIM.dog","YELLOW_MY_10901FB8A9","0.2","30","2.99","14.95","https://esim.dog/my"
"mexico","eSIM.dog","AMBER_MX_50GB_1D_8C4B7C772D","50","1","18.85","0.377","https://esim.dog/mx"
"mexico","eSIM.dog","AMBER_MX_50GB_3D_2B1F48072A","50","3","18.85","0.377","https://esim.dog/mx"
"mexico","eSIM.dog","AMBER_MX_10GB_1D_C5D7762BAC","10","1","3.98","0.398","https://esim.dog/mx"
"mexico","eSIM.dog","AMBER_MX_9GB_1D_31A5D54D01","9","1","3.98","0.442","https://esim.dog/mx"
"mexico","eSIM.dog","AMBER_MX_40GB_1D_EBAC0BEC4C","40","1","18.85","0.471","https://esim.dog/mx"
"mexico","Stellar","Mexico 100GB 60Days + Free Stellar VPN","100","60","49.68","0.497","stellar feed"
"mexico","eSIM.dog","AMBER_MX_8GB_1D_CD09A6549A","8","1","3.98","0.497","https://esim.dog/mx"
"mexico","eSIM.dog","AMBER_MX_50GB_5D_60982E6CCA","50","5","27.17","0.543","https://esim.dog/mx"
"mexico","eSIM.dog","AMBER_MX_50GB_6D_E6C9712791","50","6","27.92","0.558","https://esim.dog/mx"
"mexico","eSIM.dog","AMBER_MX_50GB_7D_18A610F946","50","7","27.92","0.558","https://esim.dog/mx"
"mexico","eSIM.dog","AMBER_MX_50GB_9D_D9802A822A","50","9","27.92","0.558","https://esim.dog/mx"
"mexico","eSIM.dog","AMBER_MX_50GB_12D_7EBE68F90C","50","12","27.92","0.558","https://esim.dog/mx"
"mexico","eSIM.dog","AMBER_MX_50GB_14D_D413DC6331","50","14","27.92","0.558","https://esim.dog/mx"
"mexico","eSIM.dog","AMBER_MX_50GB_15D_7EFABB4E6A","50","15","27.92","0.558","https://esim.dog/mx"
"mexico","Stellar","Mexico 50GB 15Days + Free Stellar VPN","50","15","27.93","0.559","stellar feed"
"mexico","eSIM.dog","AMBER_MX_7GB_1D_1F171DC3CB","7","1","3.98","0.569","https://esim.dog/mx"
"mexico","eSIM.dog","BLACK_MX_30GB_1D","30","1","18.85","0.628","https://esim.dog/mx"
"mexico","eSIM.dog","AMBER_MX_30GB_3D_6C857D5CD2","30","3","18.85","0.628","https://esim.dog/mx"
"mexico","eSIM.dog","AMBER_MX_3GB_1D_9D4EC283A2","3","1","1.9","0.633","https://esim.dog/mx"
"mexico","eSIM.dog","AMBER_MX_3GB_3D_7C021A61A4","3","3","1.9","0.633","https://esim.dog/mx"
"mexico","eSIM.dog","AMBER_MX_3GB_5D_3A2431232F","3","5","1.9","0.633","https://esim.dog/mx"
"mexico","eSIM.dog","AMBER_MX_3GB_7D_1253C55D53","3","7","1.9","0.633","https://esim.dog/mx"
"mexico","eSIM.dog","AMBER_MX_3GB_12D_7B41EEB97A","3","12","1.9","0.633","https://esim.dog/mx"
"mexico","eSIM.dog","AMBER_MX_3GB_14D_D9EAA2948F","3","14","1.9","0.633","https://esim.dog/mx"
"mexico","eSIM.dog","AMBER_MX_3GB_15D_33A3660DCB","3","15","1.9","0.633","https://esim.dog/mx"
"mexico","eSIM.dog","AMBER_MX_3GB_20D_60B4927850","3","20","1.9","0.633","https://esim.dog/mx"
"mexico","Stellar","Mexico 3GB 20Days + Free Stellar VPN","3","20","1.91","0.637","stellar feed"
"mexico","eSIM.dog","BLACK_MX_6GB_1D","6","1","3.98","0.663","https://esim.dog/mx"
"mexico","eSIM.dog","AMBER_MX_40GB_5D_5379B8FEE2","40","5","27.17","0.679","https://esim.dog/mx"
"mexico","eSIM.dog","AMBER_MX_50GB_20D_BF65BC5D74","50","20","34.28","0.686","https://esim.dog/mx"
"mexico","eSIM.dog","AMBER_MX_50GB_21D_0E8952FE26","50","21","34.28","0.686","https://esim.dog/mx"
"mexico","eSIM.dog","AMBER_MX_50GB_25D_6D6BBE132F","50","25","34.28","0.686","https://esim.dog/mx"
"mexico","eSIM.dog","AMBER_MX_50GB_30D_8CC52CFA93","50","30","34.28","0.686","https://esim.dog/mx"
"mexico","eSIM.dog","AMBER_MX_40GB_10D_052AC45D42","40","10","27.92","0.698","https://esim.dog/mx"
"mexico","Stellar","Mexico 100MB 7Days + Free Stellar VPN","1","7","0.75","0.75","stellar feed"
"mexico","Stellar","Mexico 500MB 7Days + Free Stellar VPN","1","7","0.75","0.75","stellar feed"
"mexico","eSIM.dog","AMBER_MX_50GB_80D_F5E1F1F110","50","80","38.48","0.77","https://esim.dog/mx"
"mexico","eSIM.dog","AMBER_MX_50GB_90D_5B9B6EB357","50","90","38.48","0.77","https://esim.dog/mx"
"mexico","eSIM.dog","BLACK_MX_20GB_1D","20","1","15.63","0.782","https://esim.dog/mx"
"mexico","eSIM.dog","BLACK_MX_20GB_3D","20","3","15.63","0.782","https://esim.dog/mx"
"mexico","eSIM.dog","BLACK_MX_6GB_10D","6","10","4.73","0.788","https://esim.dog/mx"
"mexico","eSIM.dog","AMBER_MX_6GB_20D_AD3BCEB67E","6","20","4.73","0.788","https://esim.dog/mx"
"mexico","eSIM.dog","AMBER_MX_6GB_30D_1A86DC674D","6","30","4.73","0.788","https://esim.dog/mx"
"mexico","Stellar","Mexico 6GB 30Days + Free Stellar VPN","6","30","4.74","0.79","stellar feed"
"mexico","eSIM.dog","BLACK_MX_5GB_1D","5","1","3.98","0.796","https://esim.dog/mx"
"mexico","eSIM.dog","BLACK_MX_30GB_5D","30","5","24.3","0.81","https://esim.dog/mx"
"mexico","eSIM.dog","BLACK_MX_20GB_5D","20","5","16.26","0.813","https://esim.dog/mx"
"mexico","eSIM.dog","BLACK_MX_20GB_7D","20","7","16.32","0.816","https://esim.dog/mx"
"mexico","eSIM.dog","BLACK_MX_20GB_9D","20","9","16.32","0.816","https://esim.dog/mx"
"mexico","eSIM.dog","AMBER_MX_20GB_12D_AAC1F6CB8D","20","12","16.32","0.816","https://esim.dog/mx"
"mexico","eSIM.dog","AMBER_MX_20GB_14D_7BED6B4D62","20","14","16.32","0.816","https://esim.dog/mx"
"mexico","eSIM.dog","AMBER_MX_20GB_15D_95FB0830CF","20","15","16.32","0.816","https://esim.dog/mx"
"mexico","eSIM.dog","AMBER_MX_20GB_20D_99FA357014","20","20","16.32","0.816","https://esim.dog/mx"
"mexico","eSIM.dog","AMBER_MX_20GB_21D_EBB8FF4E2A","20","21","16.32","0.816","https://esim.dog/mx"
"mexico","eSIM.dog","AMBER_MX_20GB_25D_31492DF43C","20","25","16.32","0.816","https://esim.dog/mx"
"mexico","eSIM.dog","AMBER_MX_20GB_30D_7C5CEDCF1F","20","30","16.32","0.816","https://esim.dog/mx"
"mexico","eSIM.dog","BLACK_MX_30GB_7D","30","7","25.36","0.845","https://esim.dog/mx"
"mexico","Stellar","Mexico 50GB 30Days + Free Stellar VPN","50","30","42.72","0.854","stellar feed"
"mexico","eSIM.dog","AMBER_MX_40GB_30D_5A9BFC0C82","40","30","34.28","0.857","https://esim.dog/mx"
"mexico","eSIM.dog","BLACK_MX_10GB_3D","10","3","8.65","0.865","https://esim.dog/mx"
"mexico","eSIM.dog","BLACK_MX_10GB_5D","10","5","8.65","0.865","https://esim.dog/mx"
"mexico","eSIM.dog","BLACK_MX_10GB_6D","10","6","8.65","0.865","https://esim.dog/mx"
"mexico","eSIM.dog","BLACK_MX_10GB_7D","10","7","8.65","0.865","https://esim.dog/mx"
"mexico","eSIM.dog","BLACK_MX_10GB_9D","10","9","8.65","0.865","https://esim.dog/mx"
"mexico","eSIM.dog","BLACK_MX_10GB_12D","10","12","8.65","0.865","https://esim.dog/mx"
"mexico","eSIM.dog","BLACK_MX_10GB_14D","10","14","8.65","0.865","https://esim.dog/mx"
"mexico","eSIM.dog","BLACK_MX_10GB_15D","10","15","8.65","0.865","https://esim.dog/mx"
"mexico","eSIM.dog","BLACK_MX_10GB_20D","10","20","8.65","0.865","https://esim.dog/mx"
"mexico","Stellar","Mexico 10GB 20Days + Free Stellar VPN","10","20","8.66","0.866","stellar feed"
"mexico","Airalo","chido-fon-in-30days-50gb","50","30","45","0.9","https://www.airalo.com/mexico-esim"
"mexico","Stellar","Mexico 20GB 30Days + Free Stellar VPN","20","30","18.07","0.903","stellar feed"
"mexico","eSIM.dog","BLACK_MX_2GB_1D","2","1","1.83","0.915","https://esim.dog/mx"
"mexico","eSIM.dog","AMBER_MX_2GB_5D_02CBCDAB84","2","5","1.83","0.915","https://esim.dog/mx"
"mexico","eSIM.dog","AMBER_MX_2GB_7D_2ECB09B418","2","7","1.83","0.915","https://esim.dog/mx"
"mexico","eSIM.dog","AMBER_MX_2GB_14D_E349403D58","2","14","1.83","0.915","https://esim.dog/mx"
"mexico","eSIM.dog","AMBER_MX_2GB_15D_DD3BA8D02F","2","15","1.83","0.915","https://esim.dog/mx"
"mexico","eSIM.dog","AMBER_MX_2GB_20D_54407E8AE5","2","20","1.83","0.915","https://esim.dog/mx"
"mexico","eSIM.dog","AMBER_MX_2GB_30D_DE74B2D3EE","2","30","1.83","0.915","https://esim.dog/mx"
"mexico","Stellar","Mexico 2GB 30Days + Free Stellar VPN","2","30","1.84","0.92","stellar feed"
"mexico","eSIM.dog","BLACK_MX_30GB_12D","30","12","27.92","0.931","https://esim.dog/mx"
"mexico","eSIM.dog","BLACK_MX_30GB_14D","30","14","27.92","0.931","https://esim.dog/mx"
"mexico","eSIM.dog","BLACK_MX_30GB_15D","30","15","27.92","0.931","https://esim.dog/mx"
"mexico","eSIM.dog","BLACK_MX_5GB_3D","5","3","4.73","0.946","https://esim.dog/mx"
"mexico","eSIM.dog","BLACK_MX_5GB_5D","5","5","4.73","0.946","https://esim.dog/mx"
"mexico","eSIM.dog","BLACK_MX_5GB_6D","5","6","4.73","0.946","https://esim.dog/mx"
"mexico","eSIM.dog","BLACK_MX_5GB_7D","5","7","4.73","0.946","https://esim.dog/mx"
"mexico","eSIM.dog","BLACK_MX_5GB_9D","5","9","4.73","0.946","https://esim.dog/mx"
"mexico","eSIM.dog","BLACK_MX_5GB_10D","5","10","4.73","0.946","https://esim.dog/mx"
"mexico","eSIM.dog","AMBER_MX_5GB_12D_95C20D1491","5","12","4.73","0.946","https://esim.dog/mx"
"mexico","eSIM.dog","AMBER_MX_5GB_14D_0F8655FDA8","5","14","4.73","0.946","https://esim.dog/mx"
"mexico","eSIM.dog","AMBER_MX_5GB_15D_7E929E8FEA","5","15","4.73","0.946","https://esim.dog/mx"
"mexico","eSIM.dog","AMBER_MX_5GB_20D_5FAA943B09","5","20","4.73","0.946","https://esim.dog/mx"
"mexico","eSIM.dog","AMBER_MX_5GB_21D_0EA3BD8952","5","21","4.73","0.946","https://esim.dog/mx"
"mexico","eSIM.dog","AMBER_MX_5GB_25D_3AAD160EFF","5","25","4.73","0.946","https://esim.dog/mx"
"mexico","eSIM.dog","AMBER_MX_5GB_30D_FF6B8688C1","5","30","4.73","0.946","https://esim.dog/mx"
"mexico","eSIM.dog","BLACK_MX_9GB_30D","9","30","8.65","0.961","https://esim.dog/mx"
"mexico","Stellar","Mexico 9GB 30Days + Free Stellar VPN","9","30","8.66","0.962","stellar feed"
"mexico","eSIM.dog","BLACK_MX_40GB_90D","40","90","38.48","0.962","https://esim.dog/mx"
"mexico","eSIM.dog","BLACK_MX_20GB_70D","20","70","19.33","0.966","https://esim.dog/mx"
"mexico","eSIM.dog","AMBER_MX_20GB_80D_D199830E4E","20","80","19.33","0.966","https://esim.dog/mx"
"mexico","eSIM.dog","AMBER_MX_20GB_90D_59F5D6D04B","20","90","19.33","0.966","https://esim.dog/mx"
"mexico","eSIM.dog","BLACK_MX_10GB_21D","10","21","9.85","0.985","https://esim.dog/mx"
"mexico","eSIM.dog","BLACK_MX_10GB_25D","10","25","9.85","0.985","https://esim.dog/mx"
"mexico","eSIM.dog","BLACK_MX_10GB_30D","10","30","9.85","0.985","https://esim.dog/mx"
"mexico","Stellar","Mexico 10GB 30Days + Free Stellar VPN","10","30","9.86","0.986","stellar feed"
"mexico","eSIM.dog","BLACK_MX_4GB_1D","4","1","3.98","0.995","https://esim.dog/mx"
"mexico","eSIM.dog","BLACK_MX_12GB_1D","12","1","11.94","0.995","https://esim.dog/mx"
"mexico","eSIM.dog","BLACK_MX_12GB_30D","12","30","11.94","0.995","https://esim.dog/mx"
"mexico","eSIM.dog","BLACK_MX_30GB_20D","30","20","29.89","0.996","https://esim.dog/mx"
"mexico","eSIM.dog","BLACK_MX_30GB_21D","30","21","30.11","1.004","https://esim.dog/mx"
"mexico","eSIM.dog","BLACK_MX_30GB_25D","30","25","30.11","1.004","https://esim.dog/mx"
"mexico","eSIM.dog","BLACK_MX_30GB_30D","30","30","30.11","1.004","https://esim.dog/mx"
"mexico","eSIM.dog","BLACK_MX_1GB_1D","1","1","1.01","1.01","https://esim.dog/mx"
"mexico","Stellar","Mexico 50GB 20Days + Free Stellar VPN","50","20","50.98","1.02","stellar feed"
"mexico","eSIM.dog","BLACK_MX_15GB_1D","15","1","15.5","1.033","https://esim.dog/mx"
"mexico","eSIM.dog","BLACK_MX_15GB_30D","15","30","15.5","1.033","https://esim.dog/mx"
"mexico","eSIM.dog","BLACK_MX_500MB_1D","0.5","1","0.53","1.06","https://esim.dog/mx"
"mexico","Airalo","chido-plus-30days-50gb","50","30","54","1.08","https://www.airalo.com/mexico-esim"
"mexico","eSIM.dog","BLACK_MX_8GB_7D","8","7","8.65","1.081","https://esim.dog/mx"
"mexico","eSIM.dog","BLACK_MX_8GB_12D","8","12","8.65","1.081","https://esim.dog/mx"
"mexico","eSIM.dog","BLACK_MX_8GB_15D","8","15","8.65","1.081","https://esim.dog/mx"
"mexico","eSIM.dog","BLACK_MX_8GB_20D","8","20","8.65","1.081","https://esim.dog/mx"
"mexico","eSIM.dog","BLACK_MX_8GB_25D","8","25","8.65","1.081","https://esim.dog/mx"
"mexico","eSIM.dog","BLACK_MX_8GB_30D","8","30","8.65","1.081","https://esim.dog/mx"
"mexico","Stellar","Mexico 8GB 20Days + Free Stellar VPN","8","20","8.66","1.083","stellar feed"
"mexico","Stellar","Mexico 8GB 30Days + Free Stellar VPN","8","30","8.66","1.083","stellar feed"
"mexico","Stellar","Mexico 9GB 20Days + Free Stellar VPN","9","20","9.89","1.099","stellar feed"
"mexico","Stellar","Mexico 20GB 20Days + Free Stellar VPN","20","20","21.98","1.099","stellar feed"
"mexico","Stellar","Mexico 6GB 20Days + Free Stellar VPN","6","20","6.8","1.133","stellar feed"
"mexico","eSIM.dog","BLACK_MX_30GB_45D","30","45","34.28","1.143","https://esim.dog/mx"
"mexico","eSIM.dog","BLACK_MX_3GB_21D","3","21","3.51","1.17","https://esim.dog/mx"
"mexico","eSIM.dog","BLACK_MX_3GB_25D","3","25","3.51","1.17","https://esim.dog/mx"
"mexico","eSIM.dog","BLACK_MX_3GB_30D","3","30","3.51","1.17","https://esim.dog/mx"
"mexico","Stellar","Mexico 3GB 30Days + Free Stellar VPN","3","30","3.52","1.173","stellar feed"
"mexico","eSIM.dog","BLACK_MX_1GB_2D","1","2","1.18","1.18","https://esim.dog/mx"
"mexico","eSIM.dog","BLACK_MX_1GB_3D","1","3","1.18","1.18","https://esim.dog/mx"
"mexico","eSIM.dog","BLACK_MX_1GB_4D","1","4","1.18","1.18","https://esim.dog/mx"
"mexico","eSIM.dog","BLACK_MX_1GB_5D","1","5","1.18","1.18","https://esim.dog/mx"
"mexico","eSIM.dog","BLACK_MX_1GB_6D","1","6","1.18","1.18","https://esim.dog/mx"
"mexico","eSIM.dog","BLACK_MX_1GB_7D","1","7","1.18","1.18","https://esim.dog/mx"
"mexico","eSIM.dog","BLACK_MX_4GB_30D","4","30","4.73","1.183","https://esim.dog/mx"
"mexico","Stellar","Mexico 5GB 30Days + Free Stellar VPN","5","30","5.96","1.192","stellar feed"
"mexico","Stellar","Mexico 5GB 10Days + Free Stellar VPN","5","10","6.11","1.222","stellar feed"
"mexico","eSIM.dog","BLUE_MX_CFF769F0E9","50","180","61.48","1.23","https://esim.dog/mx"
"mexico","eSIM.dog","BLACK_MX_7GB_30D","7","30","8.65","1.236","https://esim.dog/mx"
"mexico","Stellar","Mexico 7GB 30Days + Free Stellar VPN","7","30","8.66","1.237","stellar feed"
"mexico","Stellar","Mexico 5GB 15Days + Free Stellar VPN","5","15","6.33","1.266","stellar feed"
"mexico","Stellar","Mexico 7GB 20Days + Free Stellar VPN","7","20","8.9","1.271","stellar feed"
"mexico","eSIM.dog","BLACK_MX_15GB_90D","15","90","19.33","1.289","https://esim.dog/mx"
"mexico","eSIM.dog","BLACK_MX_1GB_25D","1","25","1.3","1.3","https://esim.dog/mx"
"mexico","eSIM.dog","BLACK_MX_1GB_30D","1","30","1.3","1.3","https://esim.dog/mx"
"mexico","Stellar","Mexico 1GB 30Days + Free Stellar VPN","1","30","1.31","1.31","stellar feed"
"mexico","eSIM.dog","GREEN_MX_3D0A5B0730","80","365","105.36","1.317","https://esim.dog/mx"
"mexico","Stellar","Mexico 3GB 5Days + Free Stellar VPN","3","5","4.16","1.387","stellar feed"
"mexico","Stellar","Mexico 5GB 20Days + Free Stellar VPN","5","20","6.97","1.394","stellar feed"
"mexico","eSIM.dog","GREEN_MX_66E47493C8","40","180","57.07","1.427","https://esim.dog/mx"
"mexico","Airalo","chido-fon-in-15days-20gb","20","15","29.5","1.475","https://www.airalo.com/mexico-esim"
"mexico","eSIM.dog","BLACK_MX_500MB_7D","0.5","7","0.74","1.48","https://esim.dog/mx"
"mexico","Airalo","chido-fon-in-30days-20gb","20","30","31","1.55","https://www.airalo.com/mexico-esim"
"mexico","Stellar","Mexico 2GB 15Days + Free Stellar VPN","2","15","3.25","1.625","stellar feed"
"mexico","Stellar","Mexico 1GB 7Days + Free Stellar VPN","1","7","1.63","1.63","stellar feed"
"mexico","Stellar","Mexico 2GB 20Days + Free Stellar VPN","2","20","3.28","1.64","stellar feed"
"mexico","Airalo","chido-fon-in-7days-10gb","10","7","17","1.7","https://www.airalo.com/mexico-esim"
"mexico","Airalo","chido-fon-in-15days-10gb","10","15","17.5","1.75","https://www.airalo.com/mexico-esim"
"mexico","eSIM.dog","PGF5F40E7","0.49","7","0.86","1.755","https://esim.dog/mx"
"mexico","Airalo","chido-fon-in-30days-10gb","10","30","18.5","1.85","https://www.airalo.com/mexico-esim"
"mexico","eSIM.dog","BLACK_MX_10GB_90D","10","90","18.69","1.869","https://esim.dog/mx"
"mexico","eSIM.dog","GREEN_MX_5D41571B6D","40","365","78.5","1.962","https://esim.dog/mx"
"mexico","eSIM.dog","GREEN_MX_5484E10CD1","10","365","19.73","1.973","https://esim.dog/mx"
"mexico","eSIM.dog","GREEN_MX_112B3C89CD","20","365","39.47","1.974","https://esim.dog/mx"
"mexico","Airalo","chido-plus-15days-20gb","20","15","40","2","https://www.airalo.com/mexico-esim"
"mexico","Airalo","chido-plus-30days-20gb","20","30","42.5","2.125","https://www.airalo.com/mexico-esim"
"mexico","eSIM.dog","BLACK_MX_5GB_45D","5","45","10.66","2.132","https://esim.dog/mx"
"mexico","eSIM.dog","BLACK_MX_5GB_60D","5","60","10.66","2.132","https://esim.dog/mx"
"mexico","eSIM.dog","BLACK_MX_5GB_90D","5","90","10.66","2.132","https://esim.dog/mx"
"mexico","eSIM.dog","GREEN_MX_CDBAE274D3","5","365","10.66","2.132","https://esim.dog/mx"
"mexico","Stellar","Mexico 5GB 21Days + Free Stellar VPN","5","21","10.99","2.198","stellar feed"
"mexico","Airalo","chido-plus-7days-10gb","10","7","23.5","2.35","https://www.airalo.com/mexico-esim"
"mexico","Airalo","chido-fon-in-7days-5gb","5","7","12","2.4","https://www.airalo.com/mexico-esim"
"mexico","Airalo","chido-plus-15days-10gb","10","15","24.5","2.45","https://www.airalo.com/mexico-esim"
"mexico","Airalo","chido-fon-in-3days-3gb","3","3","7.5","2.5","https://www.airalo.com/mexico-esim"
"mexico","Airalo","chido-fon-in-15days-5gb","5","15","12.5","2.5","https://www.airalo.com/mexico-esim"
"mexico","Airalo","chido-fon-in-30days-5gb","5","30","13","2.6","https://www.airalo.com/mexico-esim"
"mexico","Airalo","chido-plus-30days-10gb","10","30","26","2.6","https://www.airalo.com/mexico-esim"
"mexico","eSIM.dog","BLACK_MX_500MB_30D","0.5","30","1.3","2.6","https://esim.dog/mx"
"mexico","Airalo","chido-fon-in-7days-3gb","3","7","8.5","2.833","https://www.airalo.com/mexico-esim"
"mexico","eSIM.dog","BLACK_MX_1GB_90D","1","90","2.94","2.94","https://esim.dog/mx"
"mexico","eSIM.dog","BLACK_MX_2GB_90D","2","90","5.89","2.945","https://esim.dog/mx"
"mexico","eSIM.dog","BLACK_MX_3GB_90D","3","90","8.84","2.947","https://esim.dog/mx"
"mexico","eSIM.dog","BLACK_MX_6GB_90D","6","90","17.69","2.948","https://esim.dog/mx"
"mexico","eSIM.dog","YELLOW_MX_5526C3847C","60","125","197.49","3.292","https://esim.dog/mx"
"mexico","Airalo","chido-plus-7days-5gb","5","7","17","3.4","https://www.airalo.com/mexico-esim"
"mexico","Airalo","chido-plus-15days-5gb","5","15","17.5","3.5","https://www.airalo.com/mexico-esim"
"mexico","Airalo","chido-plus-3days-3gb","3","3","11","3.667","https://www.airalo.com/mexico-esim"
"mexico","Airalo","chido-plus-30days-5gb","5","30","18.5","3.7","https://www.airalo.com/mexico-esim"
"mexico","Airalo","chido-fon-in-3days-1gb","1","3","4","4","https://www.airalo.com/mexico-esim"
"mexico","Airalo","chido-plus-7days-3gb","3","7","12.5","4.167","https://www.airalo.com/mexico-esim"
"mexico","Stellar","Mexico 3GB 15Days + Free Stellar VPN","3","15","13.46","4.487","stellar feed"
"mexico","Stellar","Mexico 3GB 1Days + Free Stellar VPN","3","1","13.84","4.613","stellar feed"
"mexico","eSIM.dog","PINK_MX_126CFD5C39","0.49","1","2.49","5.082","https://esim.dog/mx"
"mexico","Airalo","chido-plus-3days-1gb","1","3","5.5","5.5","https://www.airalo.com/mexico-esim"
"mexico","eSIM.dog","YELLOW_MX_1EB0EC0224","10","180","66.49","6.649","https://esim.dog/mx"
"mexico","eSIM.dog","BLUE_MX_902E218653","1","365","7.99","7.99","https://esim.dog/mx"
"mexico","eSIM.dog","YELLOW_MX_F132E23DC0","0.29","3","2.49","8.586","https://esim.dog/mx"
"mexico","eSIM.dog","BLACK_MX_100MB_90D","0.1","90","0.98","9.8","https://esim.dog/mx"
"mexico","eSIM.dog","BLACK_MX_100MB_1D","0.1","1","1.49","14.9","https://esim.dog/mx"
"mexico","eSIM.dog","YELLOW_MX_89BF658DF7","0.2","30","2.99","14.95","https://esim.dog/mx"
"singapore","Stellar","Singapore 48GB 20Days + Free Stellar VPN","48","20","11.28","0.235","stellar feed"
"singapore","Stellar","Singapore 45GB 20Days + Free Stellar VPN","45","20","10.7","0.238","stellar feed"
"singapore","Stellar","Singapore 42GB 20Days + Free Stellar VPN","42","20","10.1","0.24","stellar feed"
"singapore","Stellar","Singapore 38GB 20Days + Free Stellar VPN","38","20","9.34","0.246","stellar feed"
"singapore","Stellar","Singapore 35GB 20Days + Free Stellar VPN","35","20","8.76","0.25","stellar feed"
"singapore","eSIM.dog","AMBER_SG_40GB_1D_E856B04284","40","1","10.09","0.252","https://esim.dog/sg"
"singapore","eSIM.dog","AMBER_SG_40GB_2D_9461D78F8F","40","2","10.09","0.252","https://esim.dog/sg"
"singapore","eSIM.dog","AMBER_SG_40GB_4D_B8CD9F938C","40","4","10.09","0.252","https://esim.dog/sg"
"singapore","eSIM.dog","AMBER_SG_40GB_6D_E7ADE491EA","40","6","10.09","0.252","https://esim.dog/sg"
"singapore","eSIM.dog","AMBER_SG_40GB_9D_F4A129BA56","40","9","10.09","0.252","https://esim.dog/sg"
"singapore","eSIM.dog","AMBER_SG_40GB_10D_9E92966EC2","40","10","10.09","0.252","https://esim.dog/sg"
"singapore","Stellar","Singapore 32GB 20Days + Free Stellar VPN","32","20","8.16","0.255","stellar feed"
"singapore","eSIM.dog","PINK_1766557888307124_3","50","3","13.29","0.266","https://esim.dog/sg"
"singapore","eSIM.dog","PINK_1766557888307124_5","50","5","13.29","0.266","https://esim.dog/sg"
"singapore","eSIM.dog","PINK_1766557888307124_7","50","7","13.29","0.266","https://esim.dog/sg"
"singapore","eSIM.dog","PINK_1766557888307124_10","50","10","13.29","0.266","https://esim.dog/sg"
"singapore","eSIM.dog","AMBER_SG_50GB_12D_FF11AF3152","50","12","13.29","0.266","https://esim.dog/sg"
"singapore","eSIM.dog","AMBER_SG_50GB_14D_94CF2BC4CD","50","14","13.29","0.266","https://esim.dog/sg"
"singapore","eSIM.dog","AMBER_SG_50GB_15D_147FB2AD62","50","15","13.29","0.266","https://esim.dog/sg"
"singapore","eSIM.dog","AMBER_SG_40GB_25D_1CCB8F4587","40","25","10.69","0.267","https://esim.dog/sg"
"singapore","eSIM.dog","AMBER_SG_40GB_30D_6ED22D5134","40","30","10.69","0.267","https://esim.dog/sg"
"singapore","eSIM.dog","AMBER_SG_15GB_1D_5A0A610B67","15","1","4.04","0.269","https://esim.dog/sg"
"singapore","eSIM.dog","AMBER_SG_15GB_5D_2EDF058816","15","5","4.04","0.269","https://esim.dog/sg"
"singapore","eSIM.dog","AMBER_SG_15GB_14D_2DC792F509","15","14","4.04","0.269","https://esim.dog/sg"
"singapore","eSIM.dog","AMBER_SG_15GB_21D_93D7E54B24","15","21","4.04","0.269","https://esim.dog/sg"
"singapore","eSIM.dog","AMBER_SG_15GB_30D_057EC233CF","15","30","4.04","0.269","https://esim.dog/sg"
"singapore","Stellar","Singapore 15GB 30Days + Free Stellar VPN","15","30","4.05","0.27","stellar feed"
"singapore","eSIM.dog","PINK_1766557888182120_3","30","3","8.15","0.272","https://esim.dog/sg"
"singapore","eSIM.dog","PINK_1766557888182120_5","30","5","8.15","0.272","https://esim.dog/sg"
"singapore","eSIM.dog","PINK_1766557888182120_7","30","7","8.15","0.272","https://esim.dog/sg"
"singapore","eSIM.dog","AMBER_SG_30GB_10D_07C89C12DA","30","10","8.15","0.272","https://esim.dog/sg"
"singapore","eSIM.dog","AMBER_SG_30GB_12D_044AE0C726","30","12","8.15","0.272","https://esim.dog/sg"
"singapore","eSIM.dog","AMBER_SG_30GB_14D_1615FF1E8C","30","14","8.15","0.272","https://esim.dog/sg"
"singapore","eSIM.dog","AMBER_SG_30GB_15D_197C88F793","30","15","8.15","0.272","https://esim.dog/sg"
"singapore","eSIM.dog","AMBER_SG_30GB_20D_676969EF46","30","20","8.15","0.272","https://esim.dog/sg"
"singapore","Stellar","Singapore 50GB 15Days + Free Stellar VPN","50","15","13.79","0.276","stellar feed"
"singapore","eSIM.dog","AMBER_SG_50GB_20D_1F5B2AC96C","50","20","13.8","0.276","https://esim.dog/sg"
"singapore","eSIM.dog","AMBER_SG_30GB_21D_18DB452D54","30","21","8.75","0.292","https://esim.dog/sg"
"singapore","eSIM.dog","AMBER_SG_30GB_30D_46EDE986FC","30","30","8.75","0.292","https://esim.dog/sg"
"singapore","Stellar","Singapore 18GB 30Days + Free Stellar VPN","18","30","5.3","0.294","stellar feed"
"singapore","eSIM.dog","PINK_1766557769320451_10","100","10","29.49","0.295","https://esim.dog/sg"
"singapore","Stellar","Singapore 50GB 30Days + Free Stellar VPN","50","30","14.96","0.299","stellar feed"
"singapore","Stellar","Singapore 16GB 30Days + Free Stellar VPN","16","30","4.78","0.299","stellar feed"
"singapore","eSIM.dog","AMBER_SG_50GB_21D_F6F50F1D9D","50","21","14.95","0.299","https://esim.dog/sg"
"singapore","eSIM.dog","AMBER_SG_50GB_25D_EAFAD3CA85","50","25","14.95","0.299","https://esim.dog/sg"
"singapore","eSIM.dog","AMBER_SG_50GB_30D_9CE4D9E063","50","30","14.95","0.299","https://esim.dog/sg"
"singapore","Stellar","Singapore 100GB 60Days + Free Stellar VPN","100","60","30.07","0.301","stellar feed"
"singapore","Stellar","Singapore 14GB 30Days + Free Stellar VPN","14","30","4.27","0.305","stellar feed"
"singapore","Stellar","Singapore 48GB 30Days + Free Stellar VPN","48","30","14.65","0.305","stellar feed"
"singapore","Stellar","Singapore 45GB 30Days + Free Stellar VPN","45","30","13.89","0.309","stellar feed"
"singapore","eSIM.dog","BLACK_SG_12GB_1D","12","1","3.73","0.311","https://esim.dog/sg"
"singapore","eSIM.dog","BLACK_SG_12GB_3D","12","3","3.73","0.311","https://esim.dog/sg"
"singapore","eSIM.dog","AMBER_SG_12GB_9D_23C7A4DF81","12","9","3.73","0.311","https://esim.dog/sg"
"singapore","eSIM.dog","AMBER_SG_12GB_10D_E0560DA3C7","12","10","3.73","0.311","https://esim.dog/sg"
"singapore","eSIM.dog","PINK_SG_0A95D0C71C","10","1","3.14","0.314","https://esim.dog/sg"
"singapore","Stellar","Singapore 38GB 30Days + Free Stellar VPN","38","30","12.14","0.319","stellar feed"
"singapore","Stellar","Singapore 35GB 30Days + Free Stellar VPN","35","30","11.38","0.325","stellar feed"
"singapore","Stellar","Singapore 50GB 20Days + Free Stellar VPN","50","20","16.51","0.33","stellar feed"
"singapore","eSIM.dog","BLACK_SG_6GB_1D","6","1","1.98","0.33","https://esim.dog/sg"
"singapore","eSIM.dog","AMBER_SG_6GB_5D_83A56DBB50","6","5","1.98","0.33","https://esim.dog/sg"
"singapore","eSIM.dog","PINK_SG_1B9EDECC4F","20","3","6.66","0.333","https://esim.dog/sg"
"singapore","eSIM.dog","PINK_1766557888240122_5","20","5","6.66","0.333","https://esim.dog/sg"
"singapore","eSIM.dog","PINK_1766557888240122_7","20","7","6.66","0.333","https://esim.dog/sg"
"singapore","eSIM.dog","PINK_1766557888240122_10","20","10","6.66","0.333","https://esim.dog/sg"
"singapore","eSIM.dog","PINK_1766557888240122_15","20","15","6.66","0.333","https://esim.dog/sg"
"singapore","eSIM.dog","AMBER_SG_20GB_20D_53952321A7","20","20","6.66","0.333","https://esim.dog/sg"
"singapore","eSIM.dog","AMBER_SG_12GB_25D_6584DBA2B8","12","25","4.04","0.337","https://esim.dog/sg"
"singapore","eSIM.dog","AMBER_SG_12GB_30D_765642636F","12","30","4.04","0.337","https://esim.dog/sg"
"singapore","Stellar","Singapore 42GB 30Days + Free Stellar VPN","42","30","14.22","0.339","stellar feed"
"singapore","Stellar","Singapore 3GB 1Days + Free Stellar VPN","3","1","1.02","0.34","stellar feed"
"singapore","Stellar","Singapore 40GB 30Days + Free Stellar VPN","40","30","13.72","0.343","stellar feed"
"singapore","eSIM.dog","PINK_SG_0280BE88FF","3","1","1.04","0.347","https://esim.dog/sg"
"singapore","eSIM.dog","BLACK_SG_9GB_1D","9","1","3.14","0.349","https://esim.dog/sg"
"singapore","Stellar","Singapore 30GB 30Days + Free Stellar VPN","30","30","10.51","0.35","stellar feed"
"singapore","Stellar","Singapore 20GB 30Days (nonhkip) + Free Stellar VPN","20","30","7.02","0.351","stellar feed"
"singapore","Stellar","Singapore 20GB 30Days + Free Stellar VPN","20","30","7.02","0.351","stellar feed"
"singapore","eSIM.dog","JC092","20","30","7.03","0.352","https://esim.dog/sg"
"singapore","Stellar","Singapore 30GB 20Days + Free Stellar VPN","30","20","10.93","0.364","stellar feed"
"singapore","Stellar","Singapore 32GB 30Days + Free Stellar VPN","32","30","11.72","0.366","stellar feed"
"singapore","eSIM.dog","PINK_1766557888116118_7","10","7","3.73","0.373","https://esim.dog/sg"
"singapore","eSIM.dog","PINK_1766557888116118_10","10","10","3.73","0.373","https://esim.dog/sg"
"singapore","eSIM.dog","PINK_1766557888116118_15","10","15","3.73","0.373","https://esim.dog/sg"
"singapore","eSIM.dog","AMBER_SG_10GB_20D_0FF9AF32D4","10","20","3.73","0.373","https://esim.dog/sg"
"singapore","eSIM.dog","PINK_1766557769320451_30","100","30","37.49","0.375","https://esim.dog/sg"
"singapore","Stellar","Singapore 18GB 20Days + Free Stellar VPN","18","20","6.88","0.382","stellar feed"
"singapore","Stellar","Singapore 16GB 20Days + Free Stellar VPN","16","20","6.2","0.388","stellar feed"
"singapore","Stellar","Singapore 15GB 20Days + Free Stellar VPN","15","20","5.85","0.39","stellar feed"
"singapore","eSIM.dog","BLACK_SG_8GB_1D","8","1","3.14","0.393","https://esim.dog/sg"
"singapore","Stellar","Singapore 10GB 30Days + Free Stellar VPN","10","30","3.94","0.394","stellar feed"
"singapore","Stellar","Singapore 10GB 30Days (nonhkip) + Free Stellar VPN","10","30","3.94","0.394","stellar feed"
"singapore","eSIM.dog","YELLOW_SG_connect-lah-in-30days-10gb","10","30","3.95","0.395","https://esim.dog/sg"
"singapore","Stellar","Singapore 14GB 20Days + Free Stellar VPN","14","20","5.54","0.396","stellar feed"
"singapore","eSIM.dog","PINK_SG_0A1B099983","5","3","1.98","0.396","https://esim.dog/sg"
"singapore","eSIM.dog","PINK_1766557888049116_5","5","5","1.98","0.396","https://esim.dog/sg"
"singapore","eSIM.dog","AMBER_SG_5GB_6D_2853F6B536","5","6","1.98","0.396","https://esim.dog/sg"
"singapore","eSIM.dog","AMBER_SG_5GB_7D_72DFC3848F","5","7","1.98","0.396","https://esim.dog/sg"
"singapore","eSIM.dog","AMBER_SG_5GB_10D_85E0ACA7BA","5","10","1.98","0.396","https://esim.dog/sg"
"singapore","eSIM.dog","AMBER_SG_5GB_12D_60FB60D823","5","12","1.98","0.396","https://esim.dog/sg"
"singapore","eSIM.dog","AMBER_SG_5GB_14D_0769AF3A16","5","14","1.98","0.396","https://esim.dog/sg"
"singapore","eSIM.dog","AMBER_SG_5GB_15D_5E7FC11A13","5","15","1.98","0.396","https://esim.dog/sg"
"singapore","eSIM.dog","AMBER_SG_5GB_20D_4D59FB2878","5","20","1.98","0.396","https://esim.dog/sg"
"singapore","eSIM.dog","AMBER_SG_5GB_21D_3FC54276D3","5","21","1.98","0.396","https://esim.dog/sg"
"singapore","eSIM.dog","AMBER_SG_5GB_25D_2883DFF725","5","25","1.98","0.396","https://esim.dog/sg"
"singapore","eSIM.dog","AMBER_SG_5GB_30D_D878A2D297","5","30","1.98","0.396","https://esim.dog/sg"
"singapore","eSIM.dog","BLACK_SG_30GB_1D","30","1","11.99","0.4","https://esim.dog/sg"
"singapore","Stellar","Singapore 20GB 20Days + Free Stellar VPN","20","20","8.03","0.401","stellar feed"
"singapore","Stellar","Singapore 12GB 20Days + Free Stellar VPN","12","20","4.86","0.405","stellar feed"
"singapore","eSIM.dog","AMBER_SG_50GB_45D_683897861A","50","45","20.28","0.406","https://esim.dog/sg"
"singapore","eSIM.dog","BLACK_SG_9GB_10D","9","10","3.68","0.409","https://esim.dog/sg"
"singapore","eSIM.dog","AMBER_SG_9GB_20D_0FBD8FC84E","9","20","3.68","0.409","https://esim.dog/sg"
"singapore","Stellar","Singapore 9GB 20Days + Free Stellar VPN","9","20","3.69","0.41","stellar feed"
"singapore","eSIM.dog","BLACK_SG_50GB_1D","50","1","20.49","0.41","https://esim.dog/sg"
"singapore","Stellar","Singapore 6GB 30Days + Free Stellar VPN","6","30","2.58","0.43","stellar feed"
"singapore","eSIM.dog","BLACK_SG_9GB_25D","9","25","3.95","0.439","https://esim.dog/sg"
"singapore","eSIM.dog","BLACK_SG_7GB_1D","7","1","3.14","0.449","https://esim.dog/sg"
"singapore","eSIM.dog","BLACK_SG_8GB_3D","8","3","3.68","0.46","https://esim.dog/sg"
"singapore","eSIM.dog","BLACK_SG_8GB_5D","8","5","3.68","0.46","https://esim.dog/sg"
"singapore","eSIM.dog","BLACK_SG_8GB_7D","8","7","3.68","0.46","https://esim.dog/sg"
"singapore","eSIM.dog","BLACK_SG_8GB_9D","8","9","3.68","0.46","https://esim.dog/sg"
"singapore","eSIM.dog","BLACK_SG_8GB_10D","8","10","3.68","0.46","https://esim.dog/sg"
"singapore","eSIM.dog","AMBER_SG_8GB_12D_80B8DD1086","8","12","3.68","0.46","https://esim.dog/sg"
"singapore","eSIM.dog","AMBER_SG_8GB_14D_B5B264A941","8","14","3.68","0.46","https://esim.dog/sg"
"singapore","eSIM.dog","AMBER_SG_8GB_15D_3C6C6997C8","8","15","3.68","0.46","https://esim.dog/sg"
"singapore","eSIM.dog","AMBER_SG_8GB_20D_8177581192","8","20","3.68","0.46","https://esim.dog/sg"
"singapore","eSIM.dog","BLACK_SG_50GB_6D","50","6","22.99","0.46","https://esim.dog/sg"
"singapore","Stellar","Singapore 8GB 20Days + Free Stellar VPN","8","20","3.7","0.463","stellar feed"
"singapore","Stellar","Singapore 6GB 20Days + Free Stellar VPN","6","20","2.87","0.478","stellar feed"
"singapore","Stellar","Singapore 3GB 5Days + Free Stellar VPN","3","5","1.46","0.487","stellar feed"
"singapore","Stellar","Singapore 3GB 15Days (nonhkip) + Free Stellar VPN","3","15","1.47","0.49","stellar feed"
"singapore","Stellar","Singapore 3GB 15Days + Free Stellar VPN","3","15","1.47","0.49","stellar feed"
"singapore","eSIM.dog","PINK_SG_94BCBA4381","3","3","1.47","0.49","https://esim.dog/sg"
"singapore","eSIM.dog","PINK_SG_A72292E78D","3","5","1.47","0.49","https://esim.dog/sg"
"singapore","eSIM.dog","BLACK_SG_4GB_1D","4","1","1.97","0.492","https://esim.dog/sg"
"singapore","eSIM.dog","BLACK_SG_4GB_10D","4","10","1.97","0.492","https://esim.dog/sg"
"singapore","eSIM.dog","AMBER_SG_4GB_20D_D34905FFFD","4","20","1.97","0.492","https://esim.dog/sg"
"singapore","eSIM.dog","AMBER_SG_4GB_30D_1D814B2D4D","4","30","1.97","0.492","https://esim.dog/sg"
"singapore","eSIM.dog","PINK_SG_374E295B7D","3","7","1.48","0.493","https://esim.dog/sg"
"singapore","eSIM.dog","BLACK_SG_3GB_10D","3","10","1.48","0.493","https://esim.dog/sg"
"singapore","eSIM.dog","JC039","3","15","1.48","0.493","https://esim.dog/sg"
"singapore","eSIM.dog","BLACK_SG_20GB_1D","20","1","9.99","0.499","https://esim.dog/sg"
"singapore","Stellar","Singapore 5GB 15Days + Free Stellar VPN","5","15","2.51","0.502","stellar feed"
"singapore","eSIM.dog","BLACK_SG_40GB_45D","40","45","20.28","0.507","https://esim.dog/sg"
"singapore","Stellar","Singapore 7GB 20Days + Free Stellar VPN","7","20","3.64","0.52","stellar feed"
"singapore","eSIM.dog","BLACK_SG_7GB_20D","7","20","3.65","0.521","https://esim.dog/sg"
"singapore","Stellar","Singapore 5GB 30Days (nonhkip) + Free Stellar VPN","5","30","2.71","0.542","stellar feed"
"singapore","Stellar","Singapore 5GB 30Days + Free Stellar VPN","5","30","2.71","0.542","stellar feed"
"singapore","Stellar","Singapore 5GB 20Days + Free Stellar VPN","5","20","2.72","0.544","stellar feed"
"singapore","eSIM.dog","PINK_SG_93DF635719","20","12","10.99","0.549","https://esim.dog/sg"
"singapore","eSIM.dog","BLACK_SG_20GB_14D","20","14","10.99","0.549","https://esim.dog/sg"
"singapore","Stellar","Singapore 4GB 20Days + Free Stellar VPN","4","20","2.21","0.552","stellar feed"
"singapore","Stellar","Singapore 3GB 20Days + Free Stellar VPN","3","20","1.67","0.557","stellar feed"
"singapore","Stellar","Singapore 1GB 7Days (nonhkip) + Free Stellar VPN","1","7","0.56","0.56","stellar feed"
"singapore","Stellar","Singapore 1GB 7Days + Free Stellar VPN","1","7","0.56","0.56","stellar feed"
"singapore","Stellar","Singapore 5GB 10Days + Free Stellar VPN","5","10","2.81","0.562","stellar feed"
"singapore","Stellar","Singapore 7GB 30Days + Free Stellar VPN","7","30","3.94","0.563","stellar feed"
"singapore","eSIM.dog","BLACK_SG_3GB_20D","3","20","1.69","0.563","https://esim.dog/sg"
"singapore","eSIM.dog","BLACK_SG_7GB_30D","7","30","3.95","0.564","https://esim.dog/sg"
"singapore","eSIM.dog","BLACK_SG_50GB_80D","50","80","28.42","0.568","https://esim.dog/sg"
"singapore","eSIM.dog","BLACK_SG_50GB_90D","50","90","28.42","0.568","https://esim.dog/sg"
"singapore","eSIM.dog","PINK_SG_02C8392439","1","1","0.57","0.57","https://esim.dog/sg"
"singapore","eSIM.dog","JC038","1","7","0.57","0.57","https://esim.dog/sg"
"singapore","Stellar","Singapore 4GB 30Days + Free Stellar VPN","4","30","2.29","0.573","stellar feed"
"singapore","eSIM.dog","BLACK_SG_20GB_21D","20","21","11.49","0.575","https://esim.dog/sg"
"singapore","eSIM.dog","BLACK_SG_20GB_25D","20","25","11.49","0.575","https://esim.dog/sg"
"singapore","Stellar","Singapore 10GB 20Days + Free Stellar VPN","10","20","5.97","0.597","stellar feed"
"singapore","eSIM.dog","PINK_SG_5145CF09FE","10","6","5.99","0.599","https://esim.dog/sg"
"singapore","eSIM.dog","BLACK_SG_10GB_14D","10","14","5.99","0.599","https://esim.dog/sg"
"singapore","eSIM.dog","BLACK_SG_10GB_21D","10","21","5.99","0.599","https://esim.dog/sg"
"singapore","eSIM.dog","PINK_SG_13AD186B79","10","25","5.99","0.599","https://esim.dog/sg"
"singapore","eSIM.dog","YELLOW_SG_5C49188582","100","180","59.89","0.599","https://esim.dog/sg"
"singapore","Stellar","Singapore 9GB 30Days + Free Stellar VPN","9","30","5.48","0.609","stellar feed"
"singapore","Stellar","Singapore 3GB 30Days (nonhkip) + Free Stellar VPN","3","30","1.84","0.613","stellar feed"
"singapore","Stellar","Singapore 3GB 30Days + Free Stellar VPN","3","30","1.84","0.613","stellar feed"
"singapore","eSIM.dog","BLACK_SG_3GB_21D","3","21","1.86","0.62","https://esim.dog/sg"
"singapore","eSIM.dog","BLACK_SG_3GB_25D","3","25","1.86","0.62","https://esim.dog/sg"
"singapore","eSIM.dog","PR2GUXUD5","3","30","1.86","0.62","https://esim.dog/sg"
"singapore","Stellar","Singapore 2GB 15Days + Free Stellar VPN","2","15","1.25","0.625","stellar feed"
"singapore","eSIM.dog","BLACK_SG_20GB_80D","20","80","12.49","0.625","https://esim.dog/sg"
"singapore","eSIM.dog","BLACK_SG_20GB_90D","20","90","12.49","0.625","https://esim.dog/sg"
"singapore","eSIM.dog","BLACK_SG_2GB_14D","2","14","1.26","0.63","https://esim.dog/sg"
"singapore","eSIM.dog","BLACK_SG_2GB_15D","2","15","1.26","0.63","https://esim.dog/sg"
"singapore","eSIM.dog","PINK_SG_B9987E3BBE","10","12","6.49","0.649","https://esim.dog/sg"
"singapore","Stellar","Singapore 750MB 7Days + Free Stellar VPN","1","7","0.65","0.65","stellar feed"
"singapore","Stellar","Singapore 500MB 7Days + Free Stellar VPN","1","7","0.65","0.65","stellar feed"
"singapore","Stellar","Singapore 100MB 7Days + Free Stellar VPN","1","7","0.65","0.65","stellar feed"
"singapore","Stellar","Singapore 8GB 30Days + Free Stellar VPN","8","30","5.28","0.66","stellar feed"
"singapore","eSIM.dog","BLACK_SG_9GB_30D","9","30","5.99","0.666","https://esim.dog/sg"
"singapore","eSIM.dog","PINK_SG_B5A7055263","5","1","3.49","0.698","https://esim.dog/sg"
"singapore","eSIM.dog","BLACK_SG_40GB_90D","40","90","28.42","0.711","https://esim.dog/sg"
"singapore","eSIM.dog","BLACK_SG_1GB_3D","1","3","0.73","0.73","https://esim.dog/sg"
"singapore","eSIM.dog","BLACK_SG_1GB_4D","1","4","0.73","0.73","https://esim.dog/sg"
"singapore","eSIM.dog","BLACK_SG_1GB_5D","1","5","0.73","0.73","https://esim.dog/sg"
"singapore","eSIM.dog","BLACK_SG_1GB_6D","1","6","0.73","0.73","https://esim.dog/sg"
"singapore","eSIM.dog","BLACK_SG_8GB_30D","8","30","5.99","0.749","https://esim.dog/sg"
"singapore","Stellar","Singapore 40GB 20Days + Free Stellar VPN","40","20","30.33","0.758","stellar feed"
"singapore","Stellar","Singapore 2GB 20Days + Free Stellar VPN","2","20","1.57","0.785","stellar feed"
"singapore","eSIM.dog","BLACK_SG_2GB_20D","2","20","1.58","0.79","https://esim.dog/sg"
"singapore","eSIM.dog","BLACK_SG_10GB_90D","10","90","7.94","0.794","https://esim.dog/sg"
"singapore","Stellar","Singapore 2GB 30Days + Free Stellar VPN","2","30","1.59","0.795","stellar feed"
"singapore","Stellar","Singapore 5GB 21Days + Free Stellar VPN","5","21","3.98","0.796","stellar feed"
"singapore","eSIM.dog","BLACK_SG_2GB_30D","2","30","1.61","0.805","https://esim.dog/sg"
"singapore","Stellar","Singapore 1GB 30Days (nonhkip) + Free Stellar VPN","1","30","0.82","0.82","stellar feed"
"singapore","eSIM.dog","BLACK_SG_1GB_10D","1","10","0.82","0.82","https://esim.dog/sg"
"singapore","eSIM.dog","BLACK_SG_1GB_25D","1","25","0.83","0.83","https://esim.dog/sg"
"singapore","eSIM.dog","BLACK_SG_1GB_30D","1","30","0.83","0.83","https://esim.dog/sg"
"singapore","eSIM.dog","BLACK_SG_15GB_90D","15","90","12.49","0.833","https://esim.dog/sg"
"singapore","eSIM.dog","BLACK_SG_30GB_90D","30","90","26.62","0.887","https://esim.dog/sg"
"singapore","eSIM.dog","BLUE_SG_65D710DD04","50","180","44.98","0.9","https://esim.dog/sg"
"singapore","eSIM.dog","PINK_SG_D8763A7ADE","30","180","28.42","0.947","https://esim.dog/sg"
"singapore","Airalo","connect-lah-in-30days-50gb","50","30","48","0.96","https://www.airalo.com/singapore-esim"
"singapore","eSIM.dog","BLACK_SG_3GB_12D","3","12","2.99","0.997","https://esim.dog/sg"
"singapore","eSIM.dog","BLACK_SG_3GB_14D","3","14","2.99","0.997","https://esim.dog/sg"
"singapore","Stellar","Singapore 12GB 30Days + Free Stellar VPN","12","30","11.97","0.998","stellar feed"
"singapore","eSIM.dog","BLACK_SG_5GB_45D","5","45","5.1","1.02","https://esim.dog/sg"
"singapore","eSIM.dog","BLACK_SG_5GB_60D","5","60","5.1","1.02","https://esim.dog/sg"
"singapore","eSIM.dog","BLACK_SG_5GB_90D","5","90","5.1","1.02","https://esim.dog/sg"
"singapore","Airalo","connect-lah-in-15days-20gb","20","15","22","1.1","https://www.airalo.com/singapore-esim"
"singapore","eSIM.dog","BLACK_SG_500MB_7D","0.5","7","0.55","1.1","https://esim.dog/sg"
"singapore","eSIM.dog","PXJ279C0P","0.49","7","0.55","1.122","https://esim.dog/sg"
"singapore","Airalo","connect-lah-in-30days-20gb","20","30","23","1.15","https://www.airalo.com/singapore-esim"
"singapore","eSIM.dog","GREEN_SG_07256E195B","80","365","105.36","1.317","https://esim.dog/sg"
"singapore","Airalo","connect-lah-in-7days-10gb","10","7","15","1.5","https://www.airalo.com/singapore-esim"
"singapore","eSIM.dog","BLACK_SG_3GB_90D","3","90","4.53","1.51","https://esim.dog/sg"
"singapore","Airalo","connect-lah-in-15days-10gb","10","15","15.5","1.55","https://www.airalo.com/singapore-esim"
"singapore","Airalo","connect-lah-in-30days-10gb","10","30","16","1.6","https://www.airalo.com/singapore-esim"
"singapore","eSIM.dog","GREEN_SG_2134DB6EE3","40","180","64.99","1.625","https://esim.dog/sg"
"singapore","eSIM.dog","BLACK_SG_500MB_30D","0.5","30","0.83","1.66","https://esim.dog/sg"
"singapore","Airalo","connect-lah-in-7days-5gb","5","7","9","1.8","https://www.airalo.com/singapore-esim"
"singapore","Airalo","connect-lah-in-15days-5gb","5","15","9.5","1.9","https://www.airalo.com/singapore-esim"
"singapore","eSIM.dog","BLACK_SG_1GB_90D","1","90","1.94","1.94","https://esim.dog/sg"
"singapore","eSIM.dog","BLACK_SG_2GB_90D","2","90","3.89","1.945","https://esim.dog/sg"
"singapore","eSIM.dog","GREEN_SG_1B74131080","5","365","9.74","1.948","https://esim.dog/sg"
"singapore","Airalo","connect-lah-in-30days-5gb","5","30","10","2","https://www.airalo.com/singapore-esim"
"singapore","Airalo","connect-lah-in-3days-3gb","3","3","6.5","2.167","https://www.airalo.com/singapore-esim"
"singapore","eSIM.dog","GREEN_SG_2CEB5BCACE","40","365","89.49","2.237","https://esim.dog/sg"
"singapore","eSIM.dog","GREEN_SG_4A945E7862","10","365","22.49","2.249","https://esim.dog/sg"
"singapore","eSIM.dog","GREEN_SG_B2B759680B","20","365","44.99","2.25","https://esim.dog/sg"
"singapore","Airalo","connect-lah-in-7days-3gb","3","7","7","2.333","https://www.airalo.com/singapore-esim"
"singapore","eSIM.dog","YELLOW_SG_920A33F8ED","60","125","197.49","3.292","https://esim.dog/sg"
"singapore","eSIM.dog","BLACK_SG_500MB_1D","0.5","1","1.99","3.98","https://esim.dog/sg"
"singapore","Airalo","connect-lah-in-3days-1gb","1","3","4","4","https://www.airalo.com/singapore-esim"
"singapore","eSIM.dog","PINK_SG_5678472E08","0.49","1","1.99","4.061","https://esim.dog/sg"
"singapore","eSIM.dog","BLACK_SG_1GB_2D","1","2","4.99","4.99","https://esim.dog/sg"
"singapore","eSIM.dog","YELLOW_SG_0B077D362D","0.49","3","2.99","6.102","https://esim.dog/sg"
"singapore","eSIM.dog","YELLOW_SG_9CD5E9D9E9","10","180","66.49","6.649","https://esim.dog/sg"
"singapore","eSIM.dog","BLUE_SG_119989D2CB","1","365","7.99","7.99","https://esim.dog/sg"
"singapore","eSIM.dog","BLACK_SG_100MB_30D","0.1","30","0.83","8.3","https://esim.dog/sg"
"singapore","eSIM.dog","YELLOW_SG_738BA95150","0.29","3","2.49","8.586","https://esim.dog/sg"
"singapore","eSIM.dog","BLACK_SG_100MB_90D","0.1","90","0.98","9.8","https://esim.dog/sg"
"singapore","eSIM.dog","BLACK_SG_100MB_1D","0.1","1","1.49","14.9","https://esim.dog/sg"
"singapore","eSIM.dog","YELLOW_SG_FF03C4CC66","0.2","30","2.99","14.95","https://esim.dog/sg"
"spain","eSIM.dog","BLACK_ES_6GB_1D","6","1","1.12","0.187","https://esim.dog/es"
"spain","eSIM.dog","AMBER_ES_6GB_20D_5601D86B29","6","20","1.12","0.187","https://esim.dog/es"
"spain","eSIM.dog","AMBER_ES_6GB_30D_2072D9C232","6","30","1.12","0.187","https://esim.dog/es"
"spain","Stellar","Spain 6GB 30Days + Free Stellar VPN","6","30","1.13","0.188","stellar feed"
"spain","eSIM.dog","BLACK_ES_50GB_1D","50","1","10.78","0.216","https://esim.dog/es"
"spain","eSIM.dog","PINK_ES_681193E4F3","50","3","10.78","0.216","https://esim.dog/es"
"spain","eSIM.dog","BLACK_ES_50GB_5D","50","5","10.78","0.216","https://esim.dog/es"
"spain","eSIM.dog","BLACK_ES_50GB_6D","50","6","10.78","0.216","https://esim.dog/es"
"spain","eSIM.dog","BLACK_ES_50GB_7D","50","7","10.78","0.216","https://esim.dog/es"
"spain","eSIM.dog","AMBER_ES_50GB_12D_B77C6371C7","50","12","10.78","0.216","https://esim.dog/es"
"spain","eSIM.dog","AMBER_ES_50GB_14D_45864BD192","50","14","10.78","0.216","https://esim.dog/es"
"spain","eSIM.dog","AMBER_ES_50GB_15D_334AB47B60","50","15","10.78","0.216","https://esim.dog/es"
"spain","eSIM.dog","AMBER_ES_50GB_20D_0F3A4EE633","50","20","10.78","0.216","https://esim.dog/es"
"spain","eSIM.dog","AMBER_ES_50GB_21D_264DEA5433","50","21","11.02","0.22","https://esim.dog/es"
"spain","eSIM.dog","AMBER_ES_50GB_25D_17C15003D6","50","25","11.02","0.22","https://esim.dog/es"
"spain","eSIM.dog","BLACK_ES_5GB_1D","5","1","1.12","0.224","https://esim.dog/es"
"spain","eSIM.dog","AMBER_ES_5GB_3D_5CBD1F190E","5","3","1.12","0.224","https://esim.dog/es"
"spain","eSIM.dog","AMBER_ES_5GB_5D_0F028DDB3C","5","5","1.12","0.224","https://esim.dog/es"
"spain","eSIM.dog","AMBER_ES_5GB_6D_8FFDF1AAF4","5","6","1.12","0.224","https://esim.dog/es"
"spain","eSIM.dog","AMBER_ES_5GB_7D_E3365C6566","5","7","1.12","0.224","https://esim.dog/es"
"spain","eSIM.dog","AMBER_ES_5GB_10D_59CD998565","5","10","1.12","0.224","https://esim.dog/es"
"spain","eSIM.dog","AMBER_ES_5GB_12D_3E2B0DEEFF","5","12","1.12","0.224","https://esim.dog/es"
"spain","eSIM.dog","AMBER_ES_5GB_14D_6ACF9DEA8F","5","14","1.12","0.224","https://esim.dog/es"
"spain","eSIM.dog","AMBER_ES_5GB_15D_94A5867E8C","5","15","1.12","0.224","https://esim.dog/es"
"spain","eSIM.dog","AMBER_ES_5GB_20D_425396853D","5","20","1.12","0.224","https://esim.dog/es"
"spain","eSIM.dog","AMBER_ES_5GB_21D_D6D9ED2605","5","21","1.12","0.224","https://esim.dog/es"
"spain","eSIM.dog","AMBER_ES_5GB_25D_E12F7A57C9","5","25","1.12","0.224","https://esim.dog/es"
"spain","eSIM.dog","AMBER_ES_5GB_30D_24B63D424C","5","30","1.12","0.224","https://esim.dog/es"
"spain","eSIM.dog","BLACK_ES_30GB_1D","30","1","8.08","0.269","https://esim.dog/es"
"spain","eSIM.dog","PINK_ES_C515D4E583","30","3","8.08","0.269","https://esim.dog/es"
"spain","eSIM.dog","PINK_ES_C15A724BA8","30","5","8.08","0.269","https://esim.dog/es"
"spain","eSIM.dog","PINK_ES_8514B34999","30","7","8.08","0.269","https://esim.dog/es"
"spain","eSIM.dog","PINK_ES_60094E147B","30","12","8.08","0.269","https://esim.dog/es"
"spain","eSIM.dog","BLACK_ES_30GB_14D","30","14","8.08","0.269","https://esim.dog/es"
"spain","eSIM.dog","PINK_ES_097B0F78B3","30","15","8.08","0.269","https://esim.dog/es"
"spain","eSIM.dog","BLACK_ES_30GB_20D","30","20","8.08","0.269","https://esim.dog/es"
"spain","eSIM.dog","BLACK_ES_30GB_21D","30","21","8.08","0.269","https://esim.dog/es"
"spain","eSIM.dog","BLACK_ES_40GB_1D","40","1","10.78","0.269","https://esim.dog/es"
"spain","eSIM.dog","BLACK_ES_40GB_20D","40","20","10.78","0.269","https://esim.dog/es"
"spain","eSIM.dog","BLACK_ES_7GB_1D","7","1","1.9","0.271","https://esim.dog/es"
"spain","eSIM.dog","BLACK_ES_7GB_10D","7","10","1.9","0.271","https://esim.dog/es"
"spain","Stellar","Spain 7GB 20Days + Free Stellar VPN","7","20","1.91","0.273","stellar feed"
"spain","eSIM.dog","BLACK_ES_40GB_25D","40","25","11.02","0.275","https://esim.dog/es"
"spain","eSIM.dog","BLACK_ES_4GB_1D","4","1","1.12","0.28","https://esim.dog/es"
"spain","eSIM.dog","BLACK_ES_4GB_3D","4","3","1.12","0.28","https://esim.dog/es"
"spain","eSIM.dog","AMBER_ES_4GB_10D_9611A553C8","4","10","1.12","0.28","https://esim.dog/es"
"spain","eSIM.dog","AMBER_ES_4GB_20D_B4766879BF","4","20","1.12","0.28","https://esim.dog/es"
"spain","eSIM.dog","AMBER_ES_4GB_30D_B584A1FCD0","4","30","1.12","0.28","https://esim.dog/es"
"spain","eSIM.dog","BLACK_ES_20GB_1D","20","1","5.77","0.288","https://esim.dog/es"
"spain","eSIM.dog","PINK_ES_0D5E3B12F5","20","3","5.77","0.288","https://esim.dog/es"
"spain","eSIM.dog","PINK_ES_DF5540E741","20","5","5.77","0.288","https://esim.dog/es"
"spain","eSIM.dog","PINK_ES_02ED9818B7","20","7","5.77","0.288","https://esim.dog/es"
"spain","eSIM.dog","PINK_ES_753187FBFF","20","12","5.77","0.288","https://esim.dog/es"
"spain","eSIM.dog","BLACK_ES_20GB_14D","20","14","5.77","0.288","https://esim.dog/es"
"spain","eSIM.dog","PINK_ES_2E9D81019D","20","15","5.77","0.288","https://esim.dog/es"
"spain","eSIM.dog","BLACK_ES_20GB_20D","20","20","5.77","0.288","https://esim.dog/es"
"spain","eSIM.dog","BLACK_ES_20GB_21D","20","21","5.77","0.288","https://esim.dog/es"
"spain","eSIM.dog","BLACK_ES_20GB_25D","20","25","5.77","0.288","https://esim.dog/es"
"spain","eSIM.dog","YELLOW_ES_guay-mobile-in-30days-20gb","20","30","5.77","0.288","https://esim.dog/es"
"spain","Stellar","Spain 20GB 20Days + Free Stellar VPN","20","20","5.78","0.289","stellar feed"
"spain","Stellar","Spain 50GB 20Days + Free Stellar VPN","50","20","14.46","0.289","stellar feed"
"spain","Stellar","Spain 50GB 15Days + Free Stellar VPN","50","15","14.46","0.289","stellar feed"
"spain","Stellar","Spain 20GB 30Days + Free Stellar VPN","20","30","5.78","0.289","stellar feed"
"spain","eSIM.dog","BLACK_ES_10GB_1D","10","1","2.98","0.298","https://esim.dog/es"
"spain","eSIM.dog","PINK_ES_6A10408E67","100","30","30.08","0.301","https://esim.dog/es"
"spain","eSIM.dog","BLACK_ES_9GB_1D","9","1","2.98","0.331","https://esim.dog/es"
"spain","eSIM.dog","PINK_ES_827910428C","3","1","1","0.333","https://esim.dog/es"
"spain","eSIM.dog","PINK_ES_323BDE870C","3","3","1","0.333","https://esim.dog/es"
"spain","eSIM.dog","PINK_ES_07001977C0","3","5","1","0.333","https://esim.dog/es"
"spain","eSIM.dog","BLACK_ES_7GB_30D","7","30","2.33","0.333","https://esim.dog/es"
"spain","Stellar","Spain 7GB 30Days + Free Stellar VPN","7","30","2.34","0.334","stellar feed"
"spain","Stellar","Spain 3GB 5Days + Free Stellar VPN","3","5","1.01","0.337","stellar feed"
"spain","Stellar","Spain 1GB 7Days + Free Stellar VPN","1","7","0.34","0.34","stellar feed"
"spain","Stellar","Spain 100GB 60Days + Free Stellar VPN","100","60","34.37","0.344","stellar feed"
"spain","Stellar","Spain 50GB 30Days + Free Stellar VPN","50","30","17.31","0.346","stellar feed"
"spain","eSIM.dog","CKH508","50","30","17.3","0.346","https://esim.dog/es"
"spain","eSIM.dog","PINK_ES_154F3F2BDB","3","7","1.05","0.35","https://esim.dog/es"
"spain","eSIM.dog","BLACK_ES_3GB_10D","3","10","1.05","0.35","https://esim.dog/es"
"spain","eSIM.dog","AMBER_ES_3GB_12D_6BE0C97785","3","12","1.05","0.35","https://esim.dog/es"
"spain","eSIM.dog","AMBER_ES_3GB_15D_7BAD2696D9","3","15","1.05","0.35","https://esim.dog/es"
"spain","eSIM.dog","AMBER_ES_3GB_20D_BAFA5D0E72","3","20","1.05","0.35","https://esim.dog/es"
"spain","eSIM.dog","AMBER_ES_3GB_21D_925CD9FB72","3","21","1.05","0.35","https://esim.dog/es"
"spain","eSIM.dog","AMBER_ES_3GB_25D_0714DE41F7","3","25","1.05","0.35","https://esim.dog/es"
"spain","eSIM.dog","AMBER_ES_3GB_30D_A80655EF87","3","30","1.05","0.35","https://esim.dog/es"
"spain","eSIM.dog","BLACK_ES_8GB_1D","8","1","2.86","0.357","https://esim.dog/es"
"spain","eSIM.dog","BLACK_ES_8GB_9D","8","9","2.86","0.357","https://esim.dog/es"
"spain","eSIM.dog","BLACK_ES_8GB_10D","8","10","2.86","0.357","https://esim.dog/es"
"spain","eSIM.dog","BLACK_ES_8GB_14D","8","14","2.86","0.357","https://esim.dog/es"
"spain","eSIM.dog","BLACK_ES_8GB_15D","8","15","2.86","0.357","https://esim.dog/es"
"spain","eSIM.dog","BLACK_ES_8GB_20D","8","20","2.86","0.357","https://esim.dog/es"
"spain","eSIM.dog","BLACK_ES_8GB_25D","8","25","2.86","0.357","https://esim.dog/es"
"spain","eSIM.dog","BLACK_ES_8GB_30D","8","30","2.86","0.357","https://esim.dog/es"
"spain","Stellar","Spain 8GB 20Days + Free Stellar VPN","8","20","2.87","0.359","stellar feed"
"spain","Stellar","Spain 8GB 30Days + Free Stellar VPN","8","30","2.87","0.359","stellar feed"
"spain","eSIM.dog","BLACK_ES_9GB_30D","9","30","3.28","0.364","https://esim.dog/es"
"spain","Stellar","Spain 9GB 30Days + Free Stellar VPN","9","30","3.29","0.366","stellar feed"
"spain","eSIM.dog","PINK_ES_6E144BB641","10","3","3.78","0.378","https://esim.dog/es"
"spain","eSIM.dog","PINK_ES_5CDE17D930","10","5","3.78","0.378","https://esim.dog/es"
"spain","eSIM.dog","BLACK_ES_10GB_6D","10","6","3.78","0.378","https://esim.dog/es"
"spain","eSIM.dog","PINK_ES_59BA348CBE","10","7","3.78","0.378","https://esim.dog/es"
"spain","eSIM.dog","PINK_ES_17FE898421","10","12","3.78","0.378","https://esim.dog/es"
"spain","eSIM.dog","BLACK_ES_10GB_14D","10","14","3.78","0.378","https://esim.dog/es"
"spain","eSIM.dog","PINK_ES_0F9A7A1078","10","15","3.78","0.378","https://esim.dog/es"
"spain","eSIM.dog","BLACK_ES_10GB_20D","10","20","3.78","0.378","https://esim.dog/es"
"spain","eSIM.dog","BLACK_ES_10GB_21D","10","21","3.78","0.378","https://esim.dog/es"
"spain","eSIM.dog","BLACK_ES_10GB_25D","10","25","3.78","0.378","https://esim.dog/es"
"spain","eSIM.dog","CKH506","10","30","3.78","0.378","https://esim.dog/es"
"spain","Stellar","Spain 10GB 20Days + Free Stellar VPN","10","20","3.79","0.379","stellar feed"
"spain","Stellar","Spain 10GB 30Days + Free Stellar VPN","10","30","3.79","0.379","stellar feed"
"spain","eSIM.dog","BLACK_ES_15GB_1D","15","1","5.77","0.385","https://esim.dog/es"
"spain","eSIM.dog","BLACK_ES_15GB_20D","15","20","5.77","0.385","https://esim.dog/es"
"spain","eSIM.dog","PINK_ES_674CEC5B00","15","30","5.77","0.385","https://esim.dog/es"
"spain","eSIM.dog","PINK_ES_9B1BE6CF95","30","30","11.74","0.391","https://esim.dog/es"
"spain","eSIM.dog","BLACK_ES_12GB_1D","12","1","4.72","0.393","https://esim.dog/es"
"spain","eSIM.dog","BLACK_ES_12GB_30D","12","30","4.72","0.393","https://esim.dog/es"
"spain","eSIM.dog","BLUE_ES_FCD2725BD6","50","31","20.28","0.406","https://esim.dog/es"
"spain","eSIM.dog","BLACK_ES_50GB_45D","50","45","20.28","0.406","https://esim.dog/es"
"spain","Stellar","Spain 50GB 180Days + Free Stellar VPN","50","180","20.46","0.409","stellar feed"
"spain","eSIM.dog","BLACK_ES_50GB_60D","50","60","20.45","0.409","https://esim.dog/es"
"spain","eSIM.dog","BLACK_ES_50GB_80D","50","80","20.45","0.409","https://esim.dog/es"
"spain","eSIM.dog","BLACK_ES_40GB_30D","40","30","17.3","0.432","https://esim.dog/es"
"spain","eSIM.dog","PSUZGLKSQ","50","180","22.34","0.447","https://esim.dog/es"
"spain","eSIM.dog","BLUE_ES_18906CFA4D","20","31","9.42","0.471","https://esim.dog/es"
"spain","eSIM.dog","BLACK_ES_20GB_80D","20","80","9.49","0.475","https://esim.dog/es"
"spain","eSIM.dog","BLACK_ES_20GB_90D","20","90","9.49","0.475","https://esim.dog/es"
"spain","eSIM.dog","BLUE_ES_E8774E9531","10","31","4.89","0.489","https://esim.dog/es"
"spain","Stellar","Spain 6GB 20Days + Free Stellar VPN","6","20","2.94","0.49","stellar feed"
"spain","Stellar","Spain 5GB 10Days + Free Stellar VPN","5","10","2.47","0.494","stellar feed"
"spain","eSIM.dog","BLACK_ES_2GB_5D","2","5","1","0.5","https://esim.dog/es"
"spain","eSIM.dog","BLACK_ES_40GB_90D","40","90","20.45","0.511","https://esim.dog/es"
"spain","eSIM.dog","BLACK_ES_2GB_14D","2","14","1.05","0.525","https://esim.dog/es"
"spain","eSIM.dog","BLACK_ES_2GB_15D","2","15","1.05","0.525","https://esim.dog/es"
"spain","eSIM.dog","BLACK_ES_2GB_30D","2","30","1.05","0.525","https://esim.dog/es"
"spain","Stellar","Spain 5GB 15Days + Free Stellar VPN","5","15","2.64","0.528","stellar feed"
"spain","Stellar","Spain 5GB 30Days + Free Stellar VPN","5","30","2.78","0.556","stellar feed"
"spain","eSIM.dog","CKH245","1","7","0.57","0.57","https://esim.dog/es"
"spain","eSIM.dog","BLACK_ES_30GB_45D","30","45","17.16","0.572","https://esim.dog/es"
"spain","eSIM.dog","BLACK_ES_30GB_60D","30","60","17.16","0.572","https://esim.dog/es"
"spain","eSIM.dog","BLACK_ES_30GB_80D","30","80","17.16","0.572","https://esim.dog/es"
"spain","Stellar","Spain 3GB 15Days + Free Stellar VPN","3","15","1.73","0.577","stellar feed"
"spain","Stellar","Spain 3GB 30Days + Free Stellar VPN","3","30","1.73","0.577","stellar feed"
"spain","Stellar","Spain 5GB 20Days + Free Stellar VPN","5","20","2.95","0.59","stellar feed"
"spain","eSIM.dog","BLACK_ES_10GB_90D","10","90","5.99","0.599","https://esim.dog/es"
"spain","eSIM.dog","BLACK_ES_15GB_90D","15","90","9.49","0.633","https://esim.dog/es"
"spain","Stellar","Spain 9GB 20Days + Free Stellar VPN","9","20","6.01","0.668","stellar feed"
"spain","eSIM.dog","BLUE_ES_13001D410C","100","180","68.25","0.682","https://esim.dog/es"
"spain","Airalo","guay-mobile-in-30days-50gb","50","30","39","0.78","https://www.airalo.com/spain-esim"
"spain","Stellar","Spain 5GB 21Days + Free Stellar VPN","5","21","3.94","0.788","stellar feed"
"spain","Stellar","Spain 3GB 20Days + Free Stellar VPN","3","20","2.43","0.81","stellar feed"
"spain","eSIM.dog","BLACK_ES_1GB_9D","1","9","0.82","0.82","https://esim.dog/es"
"spain","eSIM.dog","BLACK_ES_1GB_12D","1","12","0.83","0.83","https://esim.dog/es"
"spain","eSIM.dog","BLACK_ES_1GB_14D","1","14","0.83","0.83","https://esim.dog/es"
"spain","eSIM.dog","BLACK_ES_1GB_15D","1","15","0.83","0.83","https://esim.dog/es"
"spain","eSIM.dog","BLACK_ES_1GB_20D","1","20","0.83","0.83","https://esim.dog/es"
"spain","eSIM.dog","BLACK_ES_1GB_21D","1","21","0.83","0.83","https://esim.dog/es"
"spain","eSIM.dog","BLACK_ES_1GB_25D","1","25","0.83","0.83","https://esim.dog/es"
"spain","eSIM.dog","BLACK_ES_1GB_30D","1","30","0.83","0.83","https://esim.dog/es"
"spain","Stellar","Spain 1GB 30Days + Free Stellar VPN","1","30","0.84","0.84","stellar feed"
"spain","eSIM.dog","BLACK_ES_5GB_45D","5","45","4.44","0.888","https://esim.dog/es"
"spain","Stellar","Spain 5GB 45Days + Free Stellar VPN","5","45","4.45","0.89","stellar feed"
"spain","Airalo","guay-mobile-in-15days-20gb","20","15","19","0.95","https://www.airalo.com/spain-esim"
"spain","eSIM.dog","BLACK_ES_5GB_60D","5","60","4.93","0.986","https://esim.dog/es"
"spain","Stellar","Spain 5GB 60Days + Free Stellar VPN","5","60","4.94","0.988","stellar feed"
"spain","eSIM.dog","BLACK_ES_5GB_90D","5","90","4.99","0.998","https://esim.dog/es"
"spain","Airalo","guay-mobile-in-30days-20gb","20","30","20","1","https://www.airalo.com/spain-esim"
"spain","eSIM.dog","PINK_ES_F81D2A078B","10","365","11.49","1.149","https://esim.dog/es"
"spain","eSIM.dog","BLACK_ES_4GB_60D","4","60","4.93","1.232","https://esim.dog/es"
"spain","Airalo","guay-mobile-in-7days-10gb","10","7","13","1.3","https://www.airalo.com/spain-esim"
"spain","Airalo","guay-mobile-in-15days-10gb","10","15","13.5","1.35","https://www.airalo.com/spain-esim"
"spain","Airalo","guay-mobile-in-30days-10gb","10","30","14","1.4","https://www.airalo.com/spain-esim"
"spain","eSIM.dog","GREEN_ES_DD332CDB51","80","365","119.49","1.494","https://esim.dog/es"
"spain","eSIM.dog","BLACK_ES_1GB_60D","1","60","1.53","1.53","https://esim.dog/es"
"spain","Airalo","guay-mobile-in-7days-5gb","5","7","8","1.6","https://www.airalo.com/spain-esim"
"spain","eSIM.dog","GREEN_ES_39C6CB4035","40","180","64.99","1.625","https://esim.dog/es"
"spain","Stellar","Spain 3GB 1Days + Free Stellar VPN","3","1","4.89","1.63","stellar feed"
"spain","eSIM.dog","BLACK_ES_500MB_10D","0.5","10","0.82","1.64","https://esim.dog/es"
"spain","eSIM.dog","BLACK_ES_500MB_30D","0.5","30","0.83","1.66","https://esim.dog/es"
"spain","Airalo","guay-mobile-in-15days-5gb","5","15","8.5","1.7","https://www.airalo.com/spain-esim"
"spain","Airalo","guay-mobile-in-30days-5gb","5","30","9","1.8","https://www.airalo.com/spain-esim"
"spain","Airalo","guay-mobile-in-3days-3gb","3","3","5.5","1.833","https://www.airalo.com/spain-esim"
"spain","eSIM.dog","BLACK_ES_1GB_90D","1","90","1.94","1.94","https://esim.dog/es"
"spain","eSIM.dog","BLACK_ES_2GB_90D","2","90","3.89","1.945","https://esim.dog/es"
"spain","eSIM.dog","GREEN_ES_F395B021BD","5","365","9.74","1.948","https://esim.dog/es"
"spain","eSIM.dog","PINK_ES_CF6C192C59","1","1","1.99","1.99","https://esim.dog/es"
"spain","eSIM.dog","PINK_ES_E0DA6CB607","1","3","1.99","1.99","https://esim.dog/es"
"spain","eSIM.dog","BLACK_ES_1GB_4D","1","4","1.99","1.99","https://esim.dog/es"
"spain","eSIM.dog","BLACK_ES_1GB_5D","1","5","1.99","1.99","https://esim.dog/es"
"spain","eSIM.dog","BLACK_ES_1GB_6D","1","6","1.99","1.99","https://esim.dog/es"
"spain","Airalo","guay-mobile-in-7days-3gb","3","7","6","2","https://www.airalo.com/spain-esim"
"spain","eSIM.dog","PINK_ES_DFE48E0400","30","180","60.49","2.016","https://esim.dog/es"
"spain","eSIM.dog","GREEN_ES_326373CF48","40","365","89.49","2.237","https://esim.dog/es"
"spain","eSIM.dog","GREEN_ES_ABC25CCB5F","20","365","44.99","2.25","https://esim.dog/es"
"spain","eSIM.dog","BLACK_ES_500MB_1D","0.5","1","1.49","2.98","https://esim.dog/es"
"spain","eSIM.dog","BLACK_ES_500MB_7D","0.5","7","1.49","2.98","https://esim.dog/es"
"spain","eSIM.dog","P6WL2RRH5","0.49","1","1.49","3.041","https://esim.dog/es"
"spain","eSIM.dog","YELLOW_ES_15F37B843D","60","125","197.49","3.292","https://esim.dog/es"
"spain","Airalo","guay-mobile-in-3days-1gb","1","3","4","4","https://www.airalo.com/spain-esim"
"spain","eSIM.dog","YELLOW_ES_468EE0F396","0.49","3","2.49","5.082","https://esim.dog/es"
"spain","eSIM.dog","YELLOW_ES_17374EE64D","10","180","66.49","6.649","https://esim.dog/es"
"spain","eSIM.dog","BLUE_ES_EF0306C9A9","1","365","7.99","7.99","https://esim.dog/es"
"spain","eSIM.dog","BLACK_ES_100MB_30D","0.1","30","0.83","8.3","https://esim.dog/es"
"spain","eSIM.dog","YELLOW_ES_65A952D5D4","0.29","3","2.49","8.586","https://esim.dog/es"
"spain","eSIM.dog","BLACK_ES_100MB_90D","0.1","90","0.98","9.8","https://esim.dog/es"
"spain","eSIM.dog","BLACK_ES_100MB_1D","0.1","1","1.49","14.9","https://esim.dog/es"
"spain","eSIM.dog","YELLOW_ES_0AF25FD9CD","0.2","30","2.99","14.95","https://esim.dog/es"
"thailand","eSIM.dog","PINK_1766557773338553_1","50","1","5.56","0.111","https://esim.dog/th"
"thailand","eSIM.dog","PINK_1766557879879815_4","50","4","6.12","0.122","https://esim.dog/th"
"thailand","Stellar","Thailand 50GB 10Days + Free Stellar VPN","50","10","6.13","0.123","stellar feed"
"thailand","eSIM.dog","PMNNJOETO","50","10","6.94","0.139","https://esim.dog/th"
"thailand","eSIM.dog","AMBER_TH_40GB_5D_C4432F08EF","40","5","6.12","0.153","https://esim.dog/th"
"thailand","eSIM.dog","AMBER_TH_40GB_9D_C50D4FB3CF","40","9","6.12","0.153","https://esim.dog/th"
"thailand","eSIM.dog","AMBER_TH_40GB_10D_8E1E7F4795","40","10","6.19","0.155","https://esim.dog/th"
"thailand","eSIM.dog","PINK_1766557845335864_1","30","1","5.56","0.185","https://esim.dog/th"
"thailand","eSIM.dog","PINK_1766557879879815_5","50","5","9.99","0.2","https://esim.dog/th"
"thailand","eSIM.dog","AMBER_TH_30GB_5D_4E2AE6CD36","30","5","6.12","0.204","https://esim.dog/th"
"thailand","eSIM.dog","AMBER_TH_30GB_7D_039D0A7DF1","30","7","6.12","0.204","https://esim.dog/th"
"thailand","eSIM.dog","AMBER_TH_30GB_10D_FF7F228241","30","10","6.12","0.204","https://esim.dog/th"
"thailand","eSIM.dog","AMBER_TH_12GB_1D_44049BEFAE","12","1","2.52","0.21","https://esim.dog/th"
"thailand","eSIM.dog","AMBER_TH_12GB_9D_447479C984","12","9","2.52","0.21","https://esim.dog/th"
"thailand","eSIM.dog","AMBER_TH_12GB_10D_C76BDDF621","12","10","2.52","0.21","https://esim.dog/th"
"thailand","eSIM.dog","AMBER_TH_12GB_30D_C786207CB2","12","30","2.52","0.21","https://esim.dog/th"
"thailand","Stellar","Thailand 12GB 30Days + Free Stellar VPN","12","30","2.53","0.211","stellar feed"
"thailand","eSIM.dog","AMBER_TH_15GB_1D_31DED9C737","15","1","3.29","0.219","https://esim.dog/th"
"thailand","eSIM.dog","AMBER_TH_15GB_12D_29C7CC0B98","15","12","3.29","0.219","https://esim.dog/th"
"thailand","eSIM.dog","AMBER_TH_15GB_14D_614051F2B8","15","14","3.29","0.219","https://esim.dog/th"
"thailand","eSIM.dog","AMBER_TH_15GB_21D_A6DFF22F86","15","21","3.29","0.219","https://esim.dog/th"
"thailand","eSIM.dog","AMBER_TH_15GB_30D_52AD78859A","15","30","3.29","0.219","https://esim.dog/th"
"thailand","Stellar","Thailand 15GB 30Days + Free Stellar VPN","15","30","3.3","0.22","stellar feed"
"thailand","eSIM.dog","PINK_1766557879879815_6","50","6","11.49","0.23","https://esim.dog/th"
"thailand","Stellar","Thailand 100GB 60Days + Free Stellar VPN","100","60","25.18","0.252","stellar feed"
"thailand","Stellar","Thailand 100GB 60Days (nonhkip) + Free Stellar VPN","100","60","25.18","0.252","stellar feed"
"thailand","eSIM.dog","AMBER_TH_10GB_1D_97672E74C2","10","1","2.52","0.252","https://esim.dog/th"
"thailand","eSIM.dog","AMBER_TH_10GB_3D_AFD02E4F9D","10","3","2.52","0.252","https://esim.dog/th"
"thailand","eSIM.dog","AMBER_TH_10GB_5D_D0BE086F10","10","5","2.52","0.252","https://esim.dog/th"
"thailand","eSIM.dog","AMBER_TH_10GB_6D_D18A7F82B6","10","6","2.52","0.252","https://esim.dog/th"
"thailand","eSIM.dog","AMBER_TH_10GB_7D_83CC48C9F8","10","7","2.52","0.252","https://esim.dog/th"
"thailand","eSIM.dog","AMBER_TH_10GB_10D_1EB1A5297A","10","10","2.52","0.252","https://esim.dog/th"
"thailand","eSIM.dog","AMBER_TH_10GB_12D_B29322E85B","10","12","2.52","0.252","https://esim.dog/th"
"thailand","eSIM.dog","AMBER_TH_10GB_14D_4F20F15B82","10","14","2.52","0.252","https://esim.dog/th"
"thailand","eSIM.dog","AMBER_TH_10GB_15D_15E4B9F36C","10","15","2.52","0.252","https://esim.dog/th"
"thailand","eSIM.dog","AMBER_TH_10GB_20D_032E83B8B8","10","20","2.52","0.252","https://esim.dog/th"
"thailand","eSIM.dog","AMBER_TH_10GB_21D_CBC7D229F8","10","21","2.52","0.252","https://esim.dog/th"
"thailand","eSIM.dog","AMBER_TH_10GB_25D_EC3EED7A8C","10","25","2.52","0.252","https://esim.dog/th"
"thailand","eSIM.dog","AMBER_TH_10GB_30D_356C61E3E8","10","30","2.52","0.252","https://esim.dog/th"
"thailand","eSIM.dog","PINK_1766557879879815_7","50","7","13.49","0.27","https://esim.dog/th"
"thailand","eSIM.dog","AMBER_TH_9GB_1D_41EBD87B09","9","1","2.52","0.28","https://esim.dog/th"
"thailand","eSIM.dog","AMBER_TH_9GB_9D_31DE1A30EF","9","9","2.52","0.28","https://esim.dog/th"
"thailand","eSIM.dog","AMBER_TH_9GB_20D_005AD7A8FF","9","20","2.52","0.28","https://esim.dog/th"
"thailand","eSIM.dog","AMBER_TH_9GB_30D_5E7FB82EB0","9","30","2.52","0.28","https://esim.dog/th"
"thailand","Stellar","Thailand 18GB 30Days + Free Stellar VPN","18","30","5.44","0.302","stellar feed"
"thailand","Stellar","Thailand 16GB 30Days + Free Stellar VPN","16","30","4.87","0.304","stellar feed"
"thailand","eSIM.dog","PINK_TH_ABA0C95114","20","3","6.12","0.306","https://esim.dog/th"
"thailand","eSIM.dog","PINK_TH_EE35F646C9","20","5","6.12","0.306","https://esim.dog/th"
"thailand","eSIM.dog","PINK_TH_12C572318D","20","7","6.12","0.306","https://esim.dog/th"
"thailand","eSIM.dog","AMBER_TH_20GB_10D_EF2F4F7E7F","20","10","6.12","0.306","https://esim.dog/th"
"thailand","Stellar","Thailand 14GB 30Days + Free Stellar VPN","14","30","4.32","0.309","stellar feed"
"thailand","eSIM.dog","AMBER_TH_2GB_1D_3652C6E703","2","1","0.62","0.31","https://esim.dog/th"
"thailand","eSIM.dog","AMBER_TH_2GB_5D_D6CBD50C8E","2","5","0.62","0.31","https://esim.dog/th"
"thailand","eSIM.dog","AMBER_TH_2GB_14D_477214E379","2","14","0.62","0.31","https://esim.dog/th"
"thailand","eSIM.dog","AMBER_TH_2GB_15D_BB91815FDE","2","15","0.62","0.31","https://esim.dog/th"
"thailand","eSIM.dog","PINK_1766557879879815_8","50","8","15.49","0.31","https://esim.dog/th"
"thailand","eSIM.dog","BLACK_TH_40GB_1D","40","1","12.49","0.312","https://esim.dog/th"
"thailand","Stellar","Thailand 2GB 15Days + Free Stellar VPN","2","15","0.63","0.315","stellar feed"
"thailand","eSIM.dog","AMBER_TH_8GB_1D_50DC7E8082","8","1","2.52","0.315","https://esim.dog/th"
"thailand","eSIM.dog","AMBER_TH_8GB_3D_51A331D9C3","8","3","2.52","0.315","https://esim.dog/th"
"thailand","eSIM.dog","AMBER_TH_8GB_5D_3A0414E110","8","5","2.52","0.315","https://esim.dog/th"
"thailand","eSIM.dog","AMBER_TH_8GB_12D_EB747C1C75","8","12","2.52","0.315","https://esim.dog/th"
"thailand","eSIM.dog","AMBER_TH_8GB_15D_3D6A81D1CA","8","15","2.52","0.315","https://esim.dog/th"
"thailand","eSIM.dog","AMBER_TH_8GB_20D_DED8F5283C","8","20","2.52","0.315","https://esim.dog/th"
"thailand","eSIM.dog","AMBER_TH_8GB_30D_5724EAFBA6","8","30","2.52","0.315","https://esim.dog/th"
"thailand","Stellar","Thailand 12GB 20Days + Free Stellar VPN","12","20","4.03","0.336","stellar feed"
"thailand","Stellar","Thailand 20GB 30Days (nonhkip) + Free Stellar VPN","20","30","6.74","0.337","stellar feed"
"thailand","Stellar","Thailand 20GB 30Days + Free Stellar VPN","20","30","6.74","0.337","stellar feed"
"thailand","eSIM.dog","AMBER_TH_20GB_12D_D355E1DAD3","20","12","6.73","0.337","https://esim.dog/th"
"thailand","eSIM.dog","AMBER_TH_20GB_14D_EC016AB498","20","14","6.73","0.337","https://esim.dog/th"
"thailand","eSIM.dog","AMBER_TH_20GB_15D_FD70DC58B3","20","15","6.73","0.337","https://esim.dog/th"
"thailand","eSIM.dog","AMBER_TH_20GB_20D_B6A7C0D6F2","20","20","6.73","0.337","https://esim.dog/th"
"thailand","eSIM.dog","AMBER_TH_20GB_21D_1082AC0C8C","20","21","6.73","0.337","https://esim.dog/th"
"thailand","eSIM.dog","AMBER_TH_20GB_25D_097FE6DF98","20","25","6.73","0.337","https://esim.dog/th"
"thailand","eSIM.dog","AMBER_TH_20GB_30D_2CE4B11FFF","20","30","6.73","0.337","https://esim.dog/th"
"thailand","eSIM.dog","PINK_1766557879879815_9","50","9","16.99","0.34","https://esim.dog/th"
"thailand","Stellar","Thailand 50GB 15Days + Free Stellar VPN","50","15","17.35","0.347","stellar feed"
"thailand","Stellar","Thailand 50GB 15Days (nonhkip) + Free Stellar VPN","50","15","17.35","0.347","stellar feed"
"thailand","eSIM.dog","PINK_TH_4894BB87F2","50","15","17.34","0.347","https://esim.dog/th"
"thailand","eSIM.dog","AMBER_TH_50GB_20D_AEB8089D96","50","20","17.48","0.35","https://esim.dog/th"
"thailand","eSIM.dog","AMBER_TH_50GB_21D_C71CB8D108","50","21","17.48","0.35","https://esim.dog/th"
"thailand","eSIM.dog","AMBER_TH_50GB_25D_E96B1FE3C2","50","25","17.48","0.35","https://esim.dog/th"
"thailand","eSIM.dog","AMBER_TH_50GB_30D_B3483F6298","50","30","17.48","0.35","https://esim.dog/th"
"thailand","eSIM.dog","BLACK_TH_7GB_1D","7","1","2.52","0.36","https://esim.dog/th"
"thailand","eSIM.dog","AMBER_TH_7GB_10D_9C985B77EA","7","10","2.52","0.36","https://esim.dog/th"
"thailand","eSIM.dog","AMBER_TH_7GB_20D_3628A52037","7","20","2.52","0.36","https://esim.dog/th"
"thailand","eSIM.dog","AMBER_TH_7GB_30D_DA1933384E","7","30","2.52","0.36","https://esim.dog/th"
"thailand","eSIM.dog","BLACK_TH_40GB_2D","40","2","14.49","0.362","https://esim.dog/th"
"thailand","eSIM.dog","PINK_TH_D899E341E3","30","3","10.99","0.366","https://esim.dog/th"
"thailand","Stellar","Thailand 35GB 20Days + Free Stellar VPN","35","20","12.93","0.369","stellar feed"
"thailand","eSIM.dog","BLACK_TH_6GB_1D","6","1","2.24","0.373","https://esim.dog/th"
"thailand","eSIM.dog","BLACK_TH_6GB_15D","6","15","2.24","0.373","https://esim.dog/th"
"thailand","eSIM.dog","BLACK_TH_30GB_12D","30","12","11.23","0.374","https://esim.dog/th"
"thailand","eSIM.dog","BLACK_TH_30GB_14D","30","14","11.23","0.374","https://esim.dog/th"
"thailand","eSIM.dog","PINK_TH_8151AB32D4","30","15","11.23","0.374","https://esim.dog/th"
"thailand","eSIM.dog","PINK_TH_F8574CF1E5","30","30","11.23","0.374","https://esim.dog/th"
"thailand","Stellar","Thailand 6GB 20Days + Free Stellar VPN","6","20","2.25","0.375","stellar feed"
"thailand","Stellar","Thailand 50GB 30Days + Free Stellar VPN","50","30","18.73","0.375","stellar feed"
"thailand","Stellar","Thailand 50GB 30Days (nonhkip) + Free Stellar VPN","50","30","18.73","0.375","stellar feed"
"thailand","Stellar","Thailand 30GB 30Days + Free Stellar VPN","30","30","11.24","0.375","stellar feed"
"thailand","eSIM.dog","BLACK_TH_4GB_1D","4","1","1.5","0.375","https://esim.dog/th"
"thailand","eSIM.dog","AMBER_TH_4GB_20D_013AA754D8","4","20","1.5","0.375","https://esim.dog/th"
"thailand","eSIM.dog","AMBER_TH_4GB_30D_3D041C8047","4","30","1.5","0.375","https://esim.dog/th"
"thailand","eSIM.dog","BLACK_TH_40GB_3D","40","3","14.99","0.375","https://esim.dog/th"
"thailand","Stellar","Thailand 32GB 20Days + Free Stellar VPN","32","20","12.06","0.377","stellar feed"
"thailand","Stellar","Thailand 38GB 30Days + Free Stellar VPN","38","30","14.36","0.378","stellar feed"
"thailand","Stellar","Thailand 4GB 20Days + Free Stellar VPN","4","20","1.51","0.378","stellar feed"
"thailand","Stellar","Thailand 38GB 20Days + Free Stellar VPN","38","20","14.36","0.378","stellar feed"
"thailand","Stellar","Thailand 4GB 30Days + Free Stellar VPN","4","30","1.51","0.378","stellar feed"
"thailand","Stellar","Thailand 32GB 30Days + Free Stellar VPN","32","30","12.16","0.38","stellar feed"
"thailand","eSIM.dog","BLACK_TH_30GB_20D","30","20","11.57","0.386","https://esim.dog/th"
"thailand","eSIM.dog","BLACK_TH_30GB_21D","30","21","11.57","0.386","https://esim.dog/th"
"thailand","Stellar","Thailand 35GB 30Days + Free Stellar VPN","35","30","13.56","0.387","stellar feed"
"thailand","Stellar","Thailand 42GB 20Days + Free Stellar VPN","42","20","16.29","0.388","stellar feed"
"thailand","Stellar","Thailand 42GB 30Days + Free Stellar VPN","42","30","16.44","0.391","stellar feed"
"thailand","Stellar","Thailand 18GB 20Days + Free Stellar VPN","18","20","7.07","0.393","stellar feed"
"thailand","Stellar","Thailand 45GB 20Days + Free Stellar VPN","45","20","17.76","0.395","stellar feed"
"thailand","Stellar","Thailand 45GB 30Days + Free Stellar VPN","45","30","17.76","0.395","stellar feed"
"thailand","Stellar","Thailand 15GB 20Days + Free Stellar VPN","15","20","5.94","0.396","stellar feed"
"thailand","Stellar","Thailand 16GB 20Days + Free Stellar VPN","16","20","6.33","0.396","stellar feed"
"thailand","eSIM.dog","BLACK_TH_40GB_30D","40","30","15.86","0.396","https://esim.dog/th"
"thailand","Stellar","Thailand 40GB 30Days + Free Stellar VPN","40","30","15.87","0.397","stellar feed"
"thailand","Stellar","Thailand 14GB 20Days + Free Stellar VPN","14","20","5.61","0.401","stellar feed"
"thailand","Stellar","Thailand 48GB 20Days + Free Stellar VPN","48","20","19.24","0.401","stellar feed"
"thailand","Stellar","Thailand 48GB 30Days + Free Stellar VPN","48","30","19.24","0.401","stellar feed"
"thailand","eSIM.dog","BLACK_TH_6GB_25D","6","25","2.45","0.408","https://esim.dog/th"
"thailand","eSIM.dog","AMBER_TH_6GB_30D_1474F63842","6","30","2.45","0.408","https://esim.dog/th"
"thailand","Stellar","Thailand 6GB 30Days + Free Stellar VPN","6","30","2.46","0.41","stellar feed"
"thailand","eSIM.dog","BLACK_TH_5GB_1D","5","1","2.08","0.416","https://esim.dog/th"
"thailand","eSIM.dog","PINK_TH_903ADFE733","3","1","1.28","0.427","https://esim.dog/th"
"thailand","eSIM.dog","PINK_TH_4D053378F3","3","3","1.28","0.427","https://esim.dog/th"
"thailand","eSIM.dog","PINK_TH_9780E7E564","3","5","1.28","0.427","https://esim.dog/th"
"thailand","eSIM.dog","AMBER_TH_3GB_7D_7D60E1E384","3","7","1.28","0.427","https://esim.dog/th"
"thailand","eSIM.dog","AMBER_TH_3GB_10D_A387677B23","3","10","1.28","0.427","https://esim.dog/th"
"thailand","eSIM.dog","AMBER_TH_3GB_12D_925789DEBD","3","12","1.28","0.427","https://esim.dog/th"
"thailand","eSIM.dog","AMBER_TH_3GB_15D_50F44C69A2","3","15","1.28","0.427","https://esim.dog/th"
"thailand","Stellar","Thailand 3GB 15Days (nonhkip) + Free Stellar VPN","3","15","1.29","0.43","stellar feed"
"thailand","Stellar","Thailand 3GB 15Days + Free Stellar VPN","3","15","1.29","0.43","stellar feed"
"thailand","eSIM.dog","BLACK_TH_40GB_45D","40","45","17.48","0.437","https://esim.dog/th"
"thailand","Stellar","Thailand 30GB 20Days + Free Stellar VPN","30","20","13.18","0.439","stellar feed"
"thailand","eSIM.dog","PINK_TH_6533B83CCF","5","3","2.24","0.448","https://esim.dog/th"
"thailand","eSIM.dog","PINK_TH_DB7D7B006F","5","5","2.24","0.448","https://esim.dog/th"
"thailand","eSIM.dog","BLACK_TH_5GB_6D","5","6","2.24","0.448","https://esim.dog/th"
"thailand","eSIM.dog","PINK_TH_4CBB9D8FDD","5","7","2.24","0.448","https://esim.dog/th"
"thailand","eSIM.dog","PINK_TH_4CF87442CA","5","10","2.24","0.448","https://esim.dog/th"
"thailand","eSIM.dog","BLACK_TH_5GB_12D","5","12","2.24","0.448","https://esim.dog/th"
"thailand","eSIM.dog","BLACK_TH_5GB_15D","5","15","2.24","0.448","https://esim.dog/th"
"thailand","eSIM.dog","AMBER_TH_5GB_20D_87797ECAAB","5","20","2.24","0.448","https://esim.dog/th"
"thailand","Stellar","Thailand 50GB 20Days + Free Stellar VPN","50","20","23.01","0.46","stellar feed"
"thailand","Stellar","Thailand 100MB 7Days + Free Stellar VPN","1","7","0.48","0.48","stellar feed"
"thailand","Stellar","Thailand 500MB 7Days + Free Stellar VPN","1","7","0.48","0.48","stellar feed"
"thailand","eSIM.dog","BLACK_TH_50GB_12D","50","12","23.99","0.48","https://esim.dog/th"
"thailand","eSIM.dog","BLACK_TH_50GB_14D","50","14","23.99","0.48","https://esim.dog/th"
"thailand","eSIM.dog","BLACK_TH_5GB_21D","5","21","2.41","0.482","https://esim.dog/th"
"thailand","eSIM.dog","BLACK_TH_5GB_25D","5","25","2.41","0.482","https://esim.dog/th"
"thailand","eSIM.dog","JC014","5","30","2.41","0.482","https://esim.dog/th"
"thailand","Stellar","Thailand 5GB 30Days (nonhkip) + Free Stellar VPN","5","30","2.42","0.484","stellar feed"
"thailand","Stellar","Thailand 5GB 30Days + Free Stellar VPN","5","30","2.42","0.484","stellar feed"
"thailand","eSIM.dog","AMBER_TH_2GB_30D_FC24929656","2","30","0.98","0.49","https://esim.dog/th"
"thailand","Stellar","Thailand 2GB 30Days + Free Stellar VPN","2","30","0.99","0.495","stellar feed"
"thailand","eSIM.dog","AMBER_TH_3GB_20D_F7F67AE177","3","20","1.5","0.5","https://esim.dog/th"
"thailand","eSIM.dog","AMBER_TH_3GB_21D_C2288F7918","3","21","1.5","0.5","https://esim.dog/th"
"thailand","eSIM.dog","AMBER_TH_3GB_25D_91076046C3","3","25","1.5","0.5","https://esim.dog/th"
"thailand","eSIM.dog","AMBER_TH_3GB_30D_2B2B11AC48","3","30","1.5","0.5","https://esim.dog/th"
"thailand","eSIM.dog","BLACK_TH_50GB_60D","50","60","25.17","0.503","https://esim.dog/th"
"thailand","Stellar","Thailand 10GB 30Days + Free Stellar VPN","10","30","5.2","0.52","stellar feed"
"thailand","Stellar","Thailand 10GB 30Days (nonhkip) + Free Stellar VPN","10","30","5.2","0.52","stellar feed"
"thailand","Stellar","Thailand 50GB 180Days + Free Stellar VPN","50","180","26.34","0.527","stellar feed"
"thailand","eSIM.dog","BLACK_TH_50GB_80D","50","80","26.33","0.527","https://esim.dog/th"
"thailand","eSIM.dog","BLACK_TH_50GB_90D","50","90","26.33","0.527","https://esim.dog/th"
"thailand","Stellar","Thailand 3GB 5Days + Free Stellar VPN","3","5","1.6","0.533","stellar feed"
"thailand","Stellar","Thailand 20GB 20Days + Free Stellar VPN","20","20","10.85","0.542","stellar feed"
"thailand","Airalo","maew-in-30days-50gb","50","30","27.5","0.55","https://www.airalo.com/thailand-esim"
"thailand","Stellar","Thailand 5GB 10Days + Free Stellar VPN","5","10","2.83","0.566","stellar feed"
"thailand","eSIM.dog","PINK_TH_3C2EE099BC","1","1","0.58","0.58","https://esim.dog/th"
"thailand","Stellar","Thailand 10GB 20Days + Free Stellar VPN","10","20","5.92","0.592","stellar feed"
"thailand","eSIM.dog","YELLOW_TH_C1D31B35B7","100","180","59.89","0.599","https://esim.dog/th"
"thailand","Stellar","Thailand 9GB 30Days + Free Stellar VPN","9","30","5.42","0.602","stellar feed"
"thailand","eSIM.dog","BLACK_TH_1GB_2D","1","2","0.62","0.62","https://esim.dog/th"
"thailand","eSIM.dog","BLACK_TH_1GB_3D","1","3","0.62","0.62","https://esim.dog/th"
"thailand","eSIM.dog","JC045","1","7","0.62","0.62","https://esim.dog/th"
"thailand","eSIM.dog","BLACK_TH_20GB_80D","20","80","12.49","0.625","https://esim.dog/th"
"thailand","eSIM.dog","BLACK_TH_20GB_90D","20","90","12.49","0.625","https://esim.dog/th"
"thailand","Stellar","Thailand 3GB 30Days + Free Stellar VPN","3","30","1.97","0.657","stellar feed"
"thailand","Stellar","Thailand 3GB 30Days (nonhkip) + Free Stellar VPN","3","30","1.97","0.657","stellar feed"
"thailand","eSIM.dog","BLACK_TH_40GB_90D","40","90","26.33","0.658","https://esim.dog/th"
"thailand","Stellar","Thailand 8GB 30Days + Free Stellar VPN","8","30","5.28","0.66","stellar feed"
"thailand","Stellar","Thailand 9GB 20Days + Free Stellar VPN","9","20","5.95","0.661","stellar feed"
"thailand","eSIM.dog","PNJW9PBXH","50","180","33.24","0.665","https://esim.dog/th"
"thailand","Stellar","Thailand 45GB 180Days + Free Stellar VPN","45","180","30.11","0.669","stellar feed"
"thailand","Stellar","Thailand 8GB 20Days + Free Stellar VPN","8","20","5.43","0.679","stellar feed"
"thailand","Stellar","Thailand 5GB 15Days + Free Stellar VPN","5","15","3.4","0.68","stellar feed"
"thailand","eSIM.dog","BLACK_TH_1GB_6D","1","6","0.7","0.7","https://esim.dog/th"
"thailand","Stellar","Thailand 40GB 180Days + Free Stellar VPN","40","180","28.21","0.705","stellar feed"
"thailand","Stellar","Thailand 7GB 20Days + Free Stellar VPN","7","20","4.97","0.71","stellar feed"
"thailand","Stellar","Thailand 1GB 7Days + Free Stellar VPN","1","7","0.71","0.71","stellar feed"
"thailand","Stellar","Thailand 1GB 7Days (nonhkip) + Free Stellar VPN","1","7","0.71","0.71","stellar feed"
"thailand","Stellar","Thailand 7GB 30Days + Free Stellar VPN","7","30","5.13","0.733","stellar feed"
"thailand","Stellar","Thailand 40GB 20Days + Free Stellar VPN","40","20","30.33","0.758","stellar feed"
"thailand","Stellar","Thailand 35GB 180Days + Free Stellar VPN","35","180","27.1","0.774","stellar feed"
"thailand","Stellar","Thailand 5GB 20Days + Free Stellar VPN","5","20","3.94","0.788","stellar feed"
"thailand","Stellar","Thailand 5GB 21Days + Free Stellar VPN","5","21","3.95","0.79","stellar feed"
"thailand","eSIM.dog","BLACK_TH_1GB_25D","1","25","0.79","0.79","https://esim.dog/th"
"thailand","eSIM.dog","BLACK_TH_1GB_30D","1","30","0.79","0.79","https://esim.dog/th"
"thailand","eSIM.dog","BLACK_TH_10GB_90D","10","90","7.94","0.794","https://esim.dog/th"
"thailand","Stellar","Thailand 1GB 30Days + Free Stellar VPN","1","30","0.8","0.8","stellar feed"
"thailand","Stellar","Thailand 3GB 20Days + Free Stellar VPN","3","20","2.43","0.81","stellar feed"
"thailand","Stellar","Thailand 2GB 20Days + Free Stellar VPN","2","20","1.64","0.82","stellar feed"
"thailand","eSIM.dog","BLACK_TH_15GB_90D","15","90","12.49","0.833","https://esim.dog/th"
"thailand","eSIM.dog","BLACK_TH_30GB_90D","30","90","25.4","0.847","https://esim.dog/th"
"thailand","Stellar","Thailand 30GB 180Days + Free Stellar VPN","30","180","25.9","0.863","stellar feed"
"thailand","Airalo","maew-in-15days-20gb","20","15","17.5","0.875","https://www.airalo.com/thailand-esim"
"thailand","Airalo","maew-in-30days-20gb","20","30","18","0.9","https://www.airalo.com/thailand-esim"
"thailand","Saily","20GB / 30d","20","30","19.99","0.999","https://saily.com/esim-thailand/"
"thailand","Airalo","maew-in-7days-10gb","10","7","10","1","https://www.airalo.com/thailand-esim"
"thailand","eSIM.dog","BLACK_TH_5GB_45D","5","45","5.1","1.02","https://esim.dog/th"
"thailand","eSIM.dog","BLACK_TH_5GB_60D","5","60","5.1","1.02","https://esim.dog/th"
"thailand","eSIM.dog","BLACK_TH_5GB_90D","5","90","5.1","1.02","https://esim.dog/th"
"thailand","Airalo","maew-in-15days-10gb","10","15","10.5","1.05","https://www.airalo.com/thailand-esim"
"thailand","Saily","10GB / 30d","10","30","10.99","1.099","https://saily.com/esim-thailand/"
"thailand","Airalo","maew-in-30days-10gb","10","30","11","1.1","https://www.airalo.com/thailand-esim"
"thailand","eSIM.dog","BLACK_TH_500MB_7D","0.5","7","0.55","1.1","https://esim.dog/th"
"thailand","eSIM.dog","PLBDYMED4","0.49","7","0.55","1.122","https://esim.dog/th"
"thailand","eSIM.dog","BLACK_TH_500MB_15D","0.5","15","0.62","1.24","https://esim.dog/th"
"thailand","eSIM.dog","GREEN_TH_2F5DAEAC82","80","365","105.36","1.317","https://esim.dog/th"
"thailand","Airalo","maew-in-7days-5gb","5","7","7","1.4","https://www.airalo.com/thailand-esim"
"thailand","Airalo","maew-in-15days-5gb","5","15","7.5","1.5","https://www.airalo.com/thailand-esim"
"thailand","eSIM.dog","BLACK_TH_3GB_90D","3","90","4.53","1.51","https://esim.dog/th"
"thailand","eSIM.dog","BLACK_TH_500MB_30D","0.5","30","0.79","1.58","https://esim.dog/th"
"thailand","Saily","5GB / 30d","5","30","7.99","1.598","https://saily.com/esim-thailand/"
"thailand","Airalo","maew-in-30days-5gb","5","30","8","1.6","https://www.airalo.com/thailand-esim"
"thailand","eSIM.dog","GREEN_TH_D5E36ABE8C","40","180","64.99","1.625","https://esim.dog/th"
"thailand","Stellar","Thailand 3GB 1Days + Free Stellar VPN","3","1","5.02","1.673","stellar feed"
"thailand","Airalo","maew-in-3days-3gb","3","3","5.5","1.833","https://www.airalo.com/thailand-esim"
"thailand","Stellar","Thailand 5GB 45Days + Free Stellar VPN","5","45","9.18","1.836","stellar feed"
"thailand","eSIM.dog","BLACK_TH_1GB_4D","1","4","1.99","1.99","https://esim.dog/th"
"thailand","eSIM.dog","BLACK_TH_1GB_5D","1","5","1.99","1.99","https://esim.dog/th"
"thailand","Saily","3GB / 30d","3","30","5.99","1.997","https://saily.com/esim-thailand/"
"thailand","eSIM.dog","GREEN_TH_8F741D2C7C","5","365","9.99","1.998","https://esim.dog/th"
"thailand","Airalo","maew-in-7days-3gb","3","7","6","2","https://www.airalo.com/thailand-esim"
"thailand","eSIM.dog","GREEN_TH_06CC064F4E","40","365","89.49","2.237","https://esim.dog/th"
"thailand","eSIM.dog","BLACK_TH_2GB_90D","2","90","4.49","2.245","https://esim.dog/th"
"thailand","eSIM.dog","GREEN_TH_819050E6BB","10","365","22.49","2.249","https://esim.dog/th"
"thailand","eSIM.dog","GREEN_TH_997942C2B6","20","365","44.99","2.25","https://esim.dog/th"
"thailand","eSIM.dog","BLACK_TH_1GB_90D","1","90","2.41","2.41","https://esim.dog/th"
"thailand","Stellar","Thailand 5GB 60Days + Free Stellar VPN","5","60","12.97","2.594","stellar feed"
"thailand","Saily","1GB / 7d","1","7","2.99","2.99","https://saily.com/esim-thailand/"
"thailand","eSIM.dog","YELLOW_TH_968CB5EC4F","60","125","197.49","3.292","https://esim.dog/th"
"thailand","eSIM.dog","BLACK_TH_500MB_1D","0.5","1","1.99","3.98","https://esim.dog/th"
"thailand","Airalo","maew-in-3days-1gb","1","3","4","4","https://www.airalo.com/thailand-esim"
"thailand","eSIM.dog","PINK_TH_AE253FDD01","0.49","1","1.99","4.061","https://esim.dog/th"
"thailand","eSIM.dog","YELLOW_TH_C90CAA9A32","0.49","3","2.99","6.102","https://esim.dog/th"
"thailand","eSIM.dog","YELLOW_TH_83FC166C15","10","180","66.49","6.649","https://esim.dog/th"
"thailand","eSIM.dog","BLACK_TH_100MB_30D","0.1","30","0.79","7.9","https://esim.dog/th"
"thailand","eSIM.dog","BLUE_TH_0EDF95C3C3","1","365","7.99","7.99","https://esim.dog/th"
"thailand","eSIM.dog","YELLOW_TH_F95D34F0A6","0.29","3","2.49","8.586","https://esim.dog/th"
"thailand","eSIM.dog","BLACK_TH_100MB_90D","0.1","90","0.98","9.8","https://esim.dog/th"
"thailand","eSIM.dog","BLACK_TH_100MB_1D","0.1","1","1.49","14.9","https://esim.dog/th"
"thailand","eSIM.dog","YELLOW_TH_A2ED570A3D","0.2","30","2.99","14.95","https://esim.dog/th"
"turkey","eSIM.dog","AMBER_TR_4GB_1D_572E9E9998","4","1","0.57","0.142","https://esim.dog/tr"
"turkey","Stellar","Turkey 4GB 20Days + Free Stellar VPN","4","20","0.58","0.145","stellar feed"
"turkey","Stellar","Turkey 3GB 1Days + Free Stellar VPN","3","1","0.44","0.147","stellar feed"
"turkey","eSIM.dog","AMBER_TR_3GB_1D_08FA8233F2","3","1","0.57","0.19","https://esim.dog/tr"
"turkey","eSIM.dog","AMBER_TR_3GB_10D_B18F7828CC","3","10","0.57","0.19","https://esim.dog/tr"
"turkey","eSIM.dog","AMBER_TR_3GB_12D_CDC78C661A","3","12","0.57","0.19","https://esim.dog/tr"
"turkey","eSIM.dog","AMBER_TR_3GB_15D_D41CAEB651","3","15","0.57","0.19","https://esim.dog/tr"
"turkey","eSIM.dog","AMBER_TR_3GB_20D_AD89A4779D","3","20","0.57","0.19","https://esim.dog/tr"
"turkey","eSIM.dog","BLACK_TR_8GB_1D","8","1","1.65","0.206","https://esim.dog/tr"
"turkey","eSIM.dog","BLACK_TR_8GB_14D","8","14","1.65","0.206","https://esim.dog/tr"
"turkey","Stellar","Turkey 8GB 20Days + Free Stellar VPN","8","20","1.66","0.207","stellar feed"
"turkey","Stellar","Turkey 20GB 20Days + Free Stellar VPN","20","20","4.16","0.208","stellar feed"
"turkey","eSIM.dog","BLACK_TR_20GB_1D","20","1","4.15","0.208","https://esim.dog/tr"
"turkey","eSIM.dog","BLACK_TR_20GB_12D","20","12","4.15","0.208","https://esim.dog/tr"
"turkey","eSIM.dog","BLACK_TR_20GB_14D","20","14","4.15","0.208","https://esim.dog/tr"
"turkey","eSIM.dog","BLACK_TR_20GB_15D","20","15","4.15","0.208","https://esim.dog/tr"
"turkey","eSIM.dog","BLACK_TR_20GB_20D","20","20","4.15","0.208","https://esim.dog/tr"
"turkey","eSIM.dog","AMBER_TR_3GB_25D_FB33A75606","3","25","0.63","0.21","https://esim.dog/tr"
"turkey","eSIM.dog","AMBER_TR_3GB_30D_6ACCD06E52","3","30","0.63","0.21","https://esim.dog/tr"
"turkey","Stellar","Turkey 3GB 30Days Premium + Free Stellar VPN","3","30","0.64","0.213","stellar feed"
"turkey","eSIM.dog","BLACK_TR_15GB_1D","15","1","3.23","0.215","https://esim.dog/tr"
"turkey","eSIM.dog","BLACK_TR_15GB_7D","15","7","3.23","0.215","https://esim.dog/tr"
"turkey","eSIM.dog","BLACK_TR_15GB_10D","15","10","3.23","0.215","https://esim.dog/tr"
"turkey","eSIM.dog","BLACK_TR_15GB_12D","15","12","3.23","0.215","https://esim.dog/tr"
"turkey","eSIM.dog","BLACK_TR_15GB_14D","15","14","3.23","0.215","https://esim.dog/tr"
"turkey","eSIM.dog","BLACK_TR_15GB_20D","15","20","3.23","0.215","https://esim.dog/tr"
"turkey","Stellar","Turkey 15GB 20Days + Free Stellar VPN","15","20","3.24","0.216","stellar feed"
"turkey","Stellar","Turkey 50GB 15Days + Free Stellar VPN","50","15","11.1","0.222","stellar feed"
"turkey","eSIM.dog","PINK_1778557245655215_1","50","1","11.09","0.222","https://esim.dog/tr"
"turkey","eSIM.dog","PINK_1778557245655215_5","50","5","11.09","0.222","https://esim.dog/tr"
"turkey","eSIM.dog","BLACK_TR_50GB_6D","50","6","11.09","0.222","https://esim.dog/tr"
"turkey","eSIM.dog","BLACK_TR_50GB_7D","50","7","11.09","0.222","https://esim.dog/tr"
"turkey","eSIM.dog","BLACK_TR_50GB_12D","50","12","11.09","0.222","https://esim.dog/tr"
"turkey","eSIM.dog","BLACK_TR_50GB_14D","50","14","11.09","0.222","https://esim.dog/tr"
"turkey","eSIM.dog","BLACK_TR_50GB_15D","50","15","11.09","0.222","https://esim.dog/tr"
"turkey","eSIM.dog","BLACK_TR_7GB_15D","7","15","1.65","0.236","https://esim.dog/tr"
"turkey","eSIM.dog","AMBER_TR_7GB_20D_8660649CDC","7","20","1.65","0.236","https://esim.dog/tr"
"turkey","eSIM.dog","BLACK_TR_12GB_1D","12","1","3.23","0.269","https://esim.dog/tr"
"turkey","eSIM.dog","BLACK_TR_12GB_20D","12","20","3.23","0.269","https://esim.dog/tr"
"turkey","Stellar","Turkey 12GB 20Days + Free Stellar VPN","12","20","3.24","0.27","stellar feed"
"turkey","Stellar","Turkey 14GB 20Days + Free Stellar VPN","14","20","3.82","0.273","stellar feed"
"turkey","Stellar","Turkey 14GB 30Days + Free Stellar VPN","14","30","3.82","0.273","stellar feed"
"turkey","eSIM.dog","BLACK_TR_12GB_30D","12","30","3.29","0.274","https://esim.dog/tr"
"turkey","Stellar","Turkey 12GB 30Days + Free Stellar VPN","12","30","3.3","0.275","stellar feed"
"turkey","eSIM.dog","BLACK_TR_6GB_20D","6","20","1.65","0.275","https://esim.dog/tr"
"turkey","eSIM.dog","BLACK_TR_20GB_21D","20","21","5.52","0.276","https://esim.dog/tr"
"turkey","eSIM.dog","BLACK_TR_20GB_25D","20","25","5.52","0.276","https://esim.dog/tr"
"turkey","eSIM.dog","YELLOW_TR_merhaba-30days-20gb","20","30","5.52","0.276","https://esim.dog/tr"
"turkey","Stellar","Turkey 20GB 30Days + Free Stellar VPN","20","30","5.53","0.277","stellar feed"
"turkey","eSIM.dog","BLACK_TR_40GB_1D","40","1","11.09","0.277","https://esim.dog/tr"
"turkey","eSIM.dog","BLACK_TR_40GB_15D","40","15","11.09","0.277","https://esim.dog/tr"
"turkey","Stellar","Turkey 15GB 30Days + Free Stellar VPN","15","30","4.19","0.279","stellar feed"
"turkey","eSIM.dog","BLACK_TR_15GB_21D","15","21","4.18","0.279","https://esim.dog/tr"
"turkey","eSIM.dog","BLACK_TR_15GB_30D","15","30","4.18","0.279","https://esim.dog/tr"
"turkey","eSIM.dog","BLACK_TR_2GB_14D","2","14","0.57","0.285","https://esim.dog/tr"
"turkey","eSIM.dog","AMBER_TR_2GB_15D_EF322BD78C","2","15","0.57","0.285","https://esim.dog/tr"
"turkey","eSIM.dog","PINK_1778557245610209_1","30","1","8.54","0.285","https://esim.dog/tr"
"turkey","eSIM.dog","PINK_1778557245610209_3","30","3","8.54","0.285","https://esim.dog/tr"
"turkey","Stellar","Turkey 50GB 20Days + Free Stellar VPN","50","20","14.36","0.287","stellar feed"
"turkey","Stellar","Turkey 50GB 30Days + Free Stellar VPN","50","30","14.36","0.287","stellar feed"
"turkey","eSIM.dog","PINK_1778557245655215_20","50","20","14.35","0.287","https://esim.dog/tr"
"turkey","eSIM.dog","BLACK_TR_50GB_21D","50","21","14.35","0.287","https://esim.dog/tr"
"turkey","eSIM.dog","PINK_1778557245655215_25","50","25","14.35","0.287","https://esim.dog/tr"
"turkey","eSIM.dog","CKH739","50","30","14.35","0.287","https://esim.dog/tr"
"turkey","Stellar","Turkey 16GB 20Days + Free Stellar VPN","16","20","4.7","0.294","stellar feed"
"turkey","Stellar","Turkey 16GB 30Days + Free Stellar VPN","16","30","4.7","0.294","stellar feed"
"turkey","eSIM.dog","BLACK_TR_4GB_30D","4","30","1.21","0.302","https://esim.dog/tr"
"turkey","Stellar","Turkey 4GB 30Days + Free Stellar VPN","4","30","1.22","0.305","stellar feed"
"turkey","eSIM.dog","PINK_1778557245610209_5","30","5","9.14","0.305","https://esim.dog/tr"
"turkey","eSIM.dog","PINK_1778557245623211_1","10","1","3.09","0.309","https://esim.dog/tr"
"turkey","Stellar","Turkey 18GB 20Days + Free Stellar VPN","18","20","5.59","0.311","stellar feed"
"turkey","Stellar","Turkey 18GB 30Days + Free Stellar VPN","18","30","5.59","0.311","stellar feed"
"turkey","eSIM.dog","BLACK_TR_2GB_25D","2","25","0.63","0.315","https://esim.dog/tr"
"turkey","eSIM.dog","AMBER_TR_2GB_30D_95908AD1E2","2","30","0.63","0.315","https://esim.dog/tr"
"turkey","Stellar","Turkey 6GB 20Days + Free Stellar VPN","6","20","1.9","0.317","stellar feed"
"turkey","eSIM.dog","PINK_1778557245610209_12","30","12","9.52","0.317","https://esim.dog/tr"
"turkey","eSIM.dog","BLACK_TR_30GB_14D","30","14","9.52","0.317","https://esim.dog/tr"
"turkey","eSIM.dog","PINK_1778557245610209_20","30","20","9.52","0.317","https://esim.dog/tr"
"turkey","eSIM.dog","BLACK_TR_30GB_21D","30","21","9.52","0.317","https://esim.dog/tr"
"turkey","eSIM.dog","PINK_1778557245610209_30","30","30","9.52","0.317","https://esim.dog/tr"
"turkey","Stellar","Turkey 30GB 30Days + Free Stellar VPN","30","30","9.53","0.318","stellar feed"
"turkey","Stellar","Turkey 100GB 60Days + Free Stellar VPN","100","60","32.18","0.322","stellar feed"
"turkey","eSIM.dog","PINK_1778557245623211_12","10","12","3.23","0.323","https://esim.dog/tr"
"turkey","eSIM.dog","PINK_1778557245623211_15","10","15","3.23","0.323","https://esim.dog/tr"
"turkey","eSIM.dog","PINK_1778557245623211_20","10","20","3.23","0.323","https://esim.dog/tr"
"turkey","Stellar","Turkey 10GB 20Days + Free Stellar VPN","10","20","3.24","0.324","stellar feed"
"turkey","eSIM.dog","PINK_1778557245636213_1","5","1","1.63","0.326","https://esim.dog/tr"
"turkey","eSIM.dog","PINK_1778557245636213_6","5","6","1.63","0.326","https://esim.dog/tr"
"turkey","eSIM.dog","PINK_1778557245636213_7","5","7","1.63","0.326","https://esim.dog/tr"
"turkey","eSIM.dog","PINK_1778557245636213_9","5","9","1.63","0.326","https://esim.dog/tr"
"turkey","eSIM.dog","BLACK_TR_5GB_10D","5","10","1.63","0.326","https://esim.dog/tr"
"turkey","eSIM.dog","BLACK_TR_5GB_12D","5","12","1.63","0.326","https://esim.dog/tr"
"turkey","eSIM.dog","BLACK_TR_5GB_14D","5","14","1.63","0.326","https://esim.dog/tr"
"turkey","eSIM.dog","BLACK_TR_5GB_15D","5","15","1.63","0.326","https://esim.dog/tr"
"turkey","eSIM.dog","BLACK_TR_5GB_20D","5","20","1.63","0.326","https://esim.dog/tr"
"turkey","eSIM.dog","BLACK_TR_9GB_1D","9","1","2.93","0.326","https://esim.dog/tr"
"turkey","eSIM.dog","BLACK_TR_9GB_20D","9","20","2.93","0.326","https://esim.dog/tr"
"turkey","Stellar","Turkey 9GB 20Days + Free Stellar VPN","9","20","2.94","0.327","stellar feed"
"turkey","Stellar","Turkey 5GB 20Days + Free Stellar VPN","5","20","1.64","0.328","stellar feed"
"turkey","Stellar","Turkey 5GB 10Days + Free Stellar VPN","5","10","1.64","0.328","stellar feed"
"turkey","Stellar","Turkey 5GB 15Days + Free Stellar VPN","5","15","1.64","0.328","stellar feed"
"turkey","eSIM.dog","PINK_1778557245623211_25","10","25","3.29","0.329","https://esim.dog/tr"
"turkey","eSIM.dog","CKH268","10","30","3.29","0.329","https://esim.dog/tr"
"turkey","Stellar","Turkey 10GB 30Days + Free Stellar VPN","10","30","3.3","0.33","stellar feed"
"turkey","eSIM.dog","BLACK_TR_5GB_21D","5","21","1.67","0.334","https://esim.dog/tr"
"turkey","eSIM.dog","BLACK_TR_5GB_25D","5","25","1.67","0.334","https://esim.dog/tr"
"turkey","eSIM.dog","BLACK_TR_5GB_30D","5","30","1.67","0.334","https://esim.dog/tr"
"turkey","Stellar","Turkey 5GB 30Days + Free Stellar VPN","5","30","1.68","0.336","stellar feed"
"turkey","Stellar","Turkey 5GB 21Days + Free Stellar VPN","5","21","1.68","0.336","stellar feed"
"turkey","eSIM.dog","BLACK_TR_10GB_6D","10","6","3.49","0.349","https://esim.dog/tr"
"turkey","eSIM.dog","BLACK_TR_10GB_7D","10","7","3.49","0.349","https://esim.dog/tr"
"turkey","Stellar","Turkey 50GB 180Days + Free Stellar VPN","50","180","17.66","0.353","stellar feed"
"turkey","eSIM.dog","BLACK_TR_50GB_45D","50","45","17.65","0.353","https://esim.dog/tr"
"turkey","eSIM.dog","BLACK_TR_50GB_60D","50","60","17.65","0.353","https://esim.dog/tr"
"turkey","eSIM.dog","BLACK_TR_50GB_80D","50","80","17.65","0.353","https://esim.dog/tr"
"turkey","eSIM.dog","BLACK_TR_50GB_90D","50","90","17.65","0.353","https://esim.dog/tr"
"turkey","eSIM.dog","PAV5NMZ28","50","180","17.65","0.353","https://esim.dog/tr"
"turkey","Stellar","Turkey 40GB 30Days + Free Stellar VPN","40","30","14.36","0.359","stellar feed"
"turkey","eSIM.dog","BLACK_TR_40GB_30D","40","30","14.35","0.359","https://esim.dog/tr"
"turkey","Stellar","Turkey 2GB 30Days + Free Stellar VPN","2","30","0.73","0.365","stellar feed"
"turkey","eSIM.dog","BLACK_TR_9GB_30D","9","30","3.29","0.366","https://esim.dog/tr"
"turkey","Stellar","Turkey 9GB 30Days + Free Stellar VPN","9","30","3.3","0.367","stellar feed"
"turkey","Stellar","Turkey 7GB 20Days + Free Stellar VPN","7","20","2.81","0.401","stellar feed"
"turkey","eSIM.dog","BLACK_TR_7GB_30D","7","30","2.81","0.401","https://esim.dog/tr"
"turkey","Stellar","Turkey 15GB 15Days + Free Stellar VPN","15","15","6.03","0.402","stellar feed"
"turkey","Stellar","Turkey 45GB 30Days + Free Stellar VPN","45","30","18.08","0.402","stellar feed"
"turkey","Stellar","Turkey 35GB 30Days + Free Stellar VPN","35","30","14.06","0.402","stellar feed"
"turkey","Stellar","Turkey 35GB 180Days + Free Stellar VPN","35","180","14.1","0.403","stellar feed"
"turkey","Stellar","Turkey 7GB 30Days + Free Stellar VPN","7","30","2.82","0.403","stellar feed"
"turkey","Stellar","Turkey 1GB 30Days Premium + Free Stellar VPN","1","30","0.41","0.41","stellar feed"
"turkey","Stellar","Turkey 10GB 10Days + Free Stellar VPN","10","10","4.23","0.423","stellar feed"
"turkey","Stellar","Turkey 45GB 180Days + Free Stellar VPN","45","180","19.32","0.429","stellar feed"
"turkey","Stellar","Turkey 5GB 5Days + Free Stellar VPN","5","5","2.15","0.43","stellar feed"
"turkey","eSIM.dog","BLACK_TR_30GB_90D","30","90","12.96","0.432","https://esim.dog/tr"
"turkey","eSIM.dog","BLACK_TR_40GB_90D","40","90","17.65","0.441","https://esim.dog/tr"
"turkey","Stellar","Turkey 3GB 30Days + Free Stellar VPN","3","30","1.38","0.46","stellar feed"
"turkey","eSIM.dog","BLACK_TR_20GB_80D","20","80","9.28","0.464","https://esim.dog/tr"
"turkey","eSIM.dog","BLACK_TR_20GB_90D","20","90","9.28","0.464","https://esim.dog/tr"
"turkey","Stellar","Turkey 30GB 180Days + Free Stellar VPN","30","180","13.97","0.466","stellar feed"
"turkey","Stellar","Turkey 3GB 5Days + Free Stellar VPN","3","5","1.45","0.483","stellar feed"
"turkey","Stellar","Turkey 8GB 30Days + Free Stellar VPN","8","30","3.88","0.485","stellar feed"
"turkey","Stellar","Turkey 3GB 15Days + Free Stellar VPN","3","15","1.46","0.487","stellar feed"
"turkey","Stellar","Turkey 40GB 180Days + Free Stellar VPN","40","180","19.93","0.498","stellar feed"
"turkey","eSIM.dog","BLACK_TR_10GB_90D","10","90","5.19","0.519","https://esim.dog/tr"
"turkey","Stellar","Turkey 1GB 7Days + Free Stellar VPN","1","7","0.52","0.52","stellar feed"
"turkey","Stellar","Turkey 100MB 7Days + Free Stellar VPN","1","7","0.53","0.53","stellar feed"
"turkey","Stellar","Turkey 500MB 7Days + Free Stellar VPN","1","7","0.53","0.53","stellar feed"
"turkey","Stellar","Turkey 1GB 7Days Premium + Free Stellar VPN","1","7","0.53","0.53","stellar feed"
"turkey","eSIM.dog","CKH265","1","7","0.57","0.57","https://esim.dog/tr"
"turkey","eSIM.dog","BLACK_TR_1GB_20D","1","20","0.57","0.57","https://esim.dog/tr"
"turkey","eSIM.dog","BLACK_TR_15GB_90D","15","90","9.28","0.619","https://esim.dog/tr"
"turkey","eSIM.dog","BLACK_TR_1GB_25D","1","25","0.63","0.63","https://esim.dog/tr"
"turkey","eSIM.dog","BLACK_TR_1GB_30D","1","30","0.63","0.63","https://esim.dog/tr"
"turkey","Airalo","merhaba-30days-50gb","50","30","34.5","0.69","https://www.airalo.com/turkey-esim"
"turkey","Stellar","Turkey 3GB 20Days + Free Stellar VPN","3","20","2.08","0.693","stellar feed"
"turkey","Stellar","Turkey 3GB 15Days Premium + Free Stellar VPN","3","15","2.33","0.777","stellar feed"
"turkey","Stellar","Turkey 20GB 30Days Premium + Free Stellar VPN","20","30","15.7","0.785","stellar feed"
"turkey","Stellar","Turkey 10GB 30Days Premium + Free Stellar VPN","10","30","7.91","0.791","stellar feed"
"turkey","eSIM.dog","BLACK_TR_5GB_45D","5","45","3.96","0.792","https://esim.dog/tr"
"turkey","eSIM.dog","BLACK_TR_5GB_60D","5","60","3.96","0.792","https://esim.dog/tr"
"turkey","Stellar","Turkey 5GB 45Days + Free Stellar VPN","5","45","3.97","0.794","stellar feed"
"turkey","Stellar","Turkey 5GB 60Days + Free Stellar VPN","5","60","3.97","0.794","stellar feed"
"turkey","Stellar","Turkey 2GB 15Days + Free Stellar VPN","2","15","1.62","0.81","stellar feed"
"turkey","Stellar","Turkey 2GB 20Days + Free Stellar VPN","2","20","1.63","0.815","stellar feed"
"turkey","Stellar","Turkey 5GB 30Days Premium + Free Stellar VPN","5","30","4.32","0.864","stellar feed"
"turkey","eSIM.dog","PINK_TR_70D35ECACC","10","365","9.66","0.966","https://esim.dog/tr"
"turkey","eSIM.dog","BLACK_TR_4GB_60D","4","60","3.96","0.99","https://esim.dog/tr"
"turkey","eSIM.dog","BLACK_TR_5GB_90D","5","90","5.06","1.012","https://esim.dog/tr"
"turkey","eSIM.dog","BLACK_TR_3GB_90D","3","90","3.11","1.037","https://esim.dog/tr"
"turkey","eSIM.dog","BLACK_TR_1GB_90D","1","90","1.07","1.07","https://esim.dog/tr"
"turkey","Airalo","merhaba-15days-20gb","20","15","22","1.1","https://www.airalo.com/turkey-esim"
"turkey","Airalo","merhaba-30days-20gb","20","30","22.5","1.125","https://www.airalo.com/turkey-esim"
"turkey","Stellar","Turkey 500MB 1Day + Free Stellar VPN","1","1","1.14","1.14","stellar feed"
"turkey","eSIM.dog","BLACK_TR_500MB_20D","0.5","20","0.57","1.14","https://esim.dog/tr"
"turkey","Saily","20GB / 30d","20","30","22.99","1.149","https://saily.com/esim-turkey/"
"turkey","eSIM.dog","BLACK_TR_500MB_30D","0.5","30","0.63","1.26","https://esim.dog/tr"
"turkey","Airalo","merhaba-7days-10gb","10","7","14.5","1.45","https://www.airalo.com/turkey-esim"
"turkey","eSIM.dog","GREEN_TR_1C42865CE8","80","365","119.49","1.494","https://esim.dog/tr"
"turkey","Airalo","merhaba-15days-10gb","10","15","15","1.5","https://www.airalo.com/turkey-esim"
"turkey","Airalo","merhaba-30days-10gb","10","30","15.5","1.55","https://www.airalo.com/turkey-esim"
"turkey","Saily","10GB / 30d","10","30","15.99","1.599","https://saily.com/esim-turkey/"
"turkey","eSIM.dog","GREEN_TR_C30C8CD43E","40","180","64.99","1.625","https://esim.dog/tr"
"turkey","Stellar","Turkey 6GB 30Days + Free Stellar VPN","6","30","9.76","1.627","stellar feed"
"turkey","Airalo","merhaba-7days-5gb","5","7","9","1.8","https://www.airalo.com/turkey-esim"
"turkey","eSIM.dog","YELLOW_TR_001868F85B","100","180","185.49","1.855","https://esim.dog/tr"
"turkey","Airalo","merhaba-15days-5gb","5","15","9.5","1.9","https://www.airalo.com/turkey-esim"
"turkey","eSIM.dog","BLACK_TR_1GB_4D","1","4","1.99","1.99","https://esim.dog/tr"
"turkey","eSIM.dog","BLACK_TR_1GB_6D","1","6","1.99","1.99","https://esim.dog/tr"
"turkey","eSIM.dog","BLACK_TR_1GB_9D","1","9","1.99","1.99","https://esim.dog/tr"
"turkey","eSIM.dog","BLACK_TR_1GB_12D","1","12","1.99","1.99","https://esim.dog/tr"
"turkey","eSIM.dog","BLACK_TR_1GB_15D","1","15","1.99","1.99","https://esim.dog/tr"
"turkey","Saily","5GB / 30d","5","30","9.99","1.998","https://saily.com/esim-turkey/"
"turkey","Airalo","merhaba-30days-5gb","5","30","10","2","https://www.airalo.com/turkey-esim"
"turkey","Airalo","merhaba-3days-3gb","3","3","6","2","https://www.airalo.com/turkey-esim"
"turkey","Airalo","merhaba-7days-3gb","3","7","6.5","2.167","https://www.airalo.com/turkey-esim"
"turkey","eSIM.dog","GREEN_TR_1EFE73DA81","40","365","89.49","2.237","https://esim.dog/tr"
"turkey","eSIM.dog","GREEN_TR_89D9638961","20","365","44.99","2.25","https://esim.dog/tr"
"turkey","Saily","3GB / 30d","3","30","6.99","2.33","https://saily.com/esim-turkey/"
"turkey","eSIM.dog","GREEN_TR_6FCB84C330","5","365","12.49","2.498","https://esim.dog/tr"
"turkey","eSIM.dog","BLACK_TR_500MB_1D","0.5","1","1.49","2.98","https://esim.dog/tr"
"turkey","eSIM.dog","BLACK_TR_500MB_2D","0.5","2","1.49","2.98","https://esim.dog/tr"
"turkey","eSIM.dog","PINK_TR_04DF2CF492","1","3","2.99","2.99","https://esim.dog/tr"
"turkey","eSIM.dog","BLACK_TR_1GB_5D","1","5","2.99","2.99","https://esim.dog/tr"
"turkey","eSIM.dog","P99PK3JV6","0.49","1","1.49","3.041","https://esim.dog/tr"
"turkey","eSIM.dog","PRC9WA4Z0","0.49","7","1.49","3.041","https://esim.dog/tr"
"turkey","eSIM.dog","YELLOW_TR_106D957EC1","60","125","197.49","3.292","https://esim.dog/tr"
"turkey","Saily","1GB / 7d","1","7","3.99","3.99","https://saily.com/esim-turkey/"
"turkey","Airalo","merhaba-3days-1gb","1","3","4","4","https://www.airalo.com/turkey-esim"
"turkey","eSIM.dog","BLACK_TR_500MB_5D","0.5","5","2.99","5.98","https://esim.dog/tr"
"turkey","eSIM.dog","BLACK_TR_100MB_30D","0.1","30","0.63","6.3","https://esim.dog/tr"
"turkey","eSIM.dog","YELLOW_TR_FF5884A00C","10","180","66.49","6.649","https://esim.dog/tr"
"turkey","eSIM.dog","YELLOW_TR_B6134852AA","0.49","3","3.49","7.122","https://esim.dog/tr"
"turkey","eSIM.dog","BLUE_TR_A768C7C5DE","1","365","7.99","7.99","https://esim.dog/tr"
"turkey","eSIM.dog","BLACK_TR_100MB_90D","0.1","90","0.98","9.8","https://esim.dog/tr"
"turkey","eSIM.dog","YELLOW_TR_A0A838DCE4","0.29","3","3.49","12.034","https://esim.dog/tr"
"turkey","eSIM.dog","BLACK_TR_100MB_1D","0.1","1","1.49","14.9","https://esim.dog/tr"
"turkey","eSIM.dog","YELLOW_TR_434B7764DF","0.2","30","2.99","14.95","https://esim.dog/tr"
"uae","eSIM.dog","AMBER_AE_50GB_1D_2AEC4342EF","50","1","18.85","0.377","https://esim.dog/ae"
"uae","eSIM.dog","AMBER_AE_10GB_1D_2170C7AC61","10","1","3.89","0.389","https://esim.dog/ae"
"uae","eSIM.dog","AMBER_AE_9GB_1D_F9CCF561FF","9","1","3.89","0.432","https://esim.dog/ae"
"uae","eSIM.dog","BLACK_AE_40GB_1D","40","1","18.85","0.471","https://esim.dog/ae"
"uae","eSIM.dog","AMBER_AE_8GB_1D_10E0AC7782","8","1","3.89","0.486","https://esim.dog/ae"
"uae","eSIM.dog","AMBER_AE_50GB_5D_A14503AB85","50","5","27.17","0.543","https://esim.dog/ae"
"uae","eSIM.dog","BLACK_AE_7GB_1D","7","1","3.89","0.556","https://esim.dog/ae"
"uae","eSIM.dog","BLACK_AE_30GB_2D","30","2","18.85","0.628","https://esim.dog/ae"
"uae","eSIM.dog","BLACK_AE_30GB_3D","30","3","18.85","0.628","https://esim.dog/ae"
"uae","eSIM.dog","BLACK_AE_40GB_5D","40","5","27.17","0.679","https://esim.dog/ae"
"uae","eSIM.dog","BLACK_AE_50GB_7D","50","7","34.87","0.697","https://esim.dog/ae"
"uae","eSIM.dog","BLACK_AE_50GB_9D","50","9","35.68","0.714","https://esim.dog/ae"
"uae","eSIM.dog","AMBER_AE_50GB_12D_A7BADFCCD0","50","12","35.68","0.714","https://esim.dog/ae"
"uae","eSIM.dog","AMBER_AE_50GB_14D_8F3E7262E8","50","14","35.68","0.714","https://esim.dog/ae"
"uae","eSIM.dog","AMBER_AE_50GB_15D_85CB5BAAA2","50","15","35.68","0.714","https://esim.dog/ae"
"uae","eSIM.dog","AMBER_AE_50GB_20D_21F5386117","50","20","35.68","0.714","https://esim.dog/ae"
"uae","eSIM.dog","AMBER_AE_50GB_21D_313A07F08F","50","21","35.68","0.714","https://esim.dog/ae"
"uae","eSIM.dog","AMBER_AE_50GB_25D_220ECB7D43","50","25","35.68","0.714","https://esim.dog/ae"
"uae","eSIM.dog","AMBER_AE_50GB_30D_96ECE121E7","50","30","35.68","0.714","https://esim.dog/ae"
"uae","eSIM.dog","AMBER_AE_50GB_45D_080C75014B","50","45","35.68","0.714","https://esim.dog/ae"
"uae","eSIM.dog","BLACK_AE_30GB_4D","30","4","22.94","0.765","https://esim.dog/ae"
"uae","eSIM.dog","BLACK_AE_30GB_5D","30","5","22.94","0.765","https://esim.dog/ae"
"uae","eSIM.dog","BLACK_AE_5GB_1D","5","1","3.89","0.778","https://esim.dog/ae"
"uae","eSIM.dog","BLACK_AE_20GB_1D","20","1","15.63","0.782","https://esim.dog/ae"
"uae","eSIM.dog","BLACK_AE_20GB_2D","20","2","15.63","0.782","https://esim.dog/ae"
"uae","eSIM.dog","BLACK_AE_20GB_5D","20","5","16.26","0.813","https://esim.dog/ae"
"uae","Stellar","United Arab Emirates 50GB 30Days + Free Stellar VPN","50","30","40.74","0.815","stellar feed"
"uae","eSIM.dog","BLACK_AE_1GB_1D","1","1","0.83","0.83","https://esim.dog/ae"
"uae","eSIM.dog","BLACK_AE_30GB_6D","30","6","25.36","0.845","https://esim.dog/ae"
"uae","eSIM.dog","BLACK_AE_30GB_7D","30","7","25.36","0.845","https://esim.dog/ae"
"uae","eSIM.dog","BLACK_AE_20GB_6D","20","6","17.12","0.856","https://esim.dog/ae"
"uae","Stellar","United Arab Emirates 20GB 20Days + Free Stellar VPN","20","20","17.25","0.863","stellar feed"
"uae","Stellar","United Arab Emirates 20GB 30Days + Free Stellar VPN","20","30","17.25","0.863","stellar feed"
"uae","eSIM.dog","BLACK_AE_20GB_9D","20","9","17.27","0.863","https://esim.dog/ae"
"uae","eSIM.dog","BLACK_AE_20GB_12D","20","12","17.27","0.863","https://esim.dog/ae"
"uae","eSIM.dog","BLACK_AE_20GB_14D","20","14","17.27","0.863","https://esim.dog/ae"
"uae","eSIM.dog","BLACK_AE_20GB_20D","20","20","17.27","0.863","https://esim.dog/ae"
"uae","eSIM.dog","BLACK_AE_20GB_21D","20","21","17.27","0.863","https://esim.dog/ae"
"uae","eSIM.dog","BLACK_AE_20GB_25D","20","25","17.27","0.863","https://esim.dog/ae"
"uae","eSIM.dog","BLACK_AE_20GB_30D","20","30","17.27","0.863","https://esim.dog/ae"
"uae","eSIM.dog","BLACK_AE_40GB_7D","40","7","34.87","0.872","https://esim.dog/ae"
"uae","eSIM.dog","BLACK_AE_30GB_9D","30","9","26.42","0.881","https://esim.dog/ae"
"uae","eSIM.dog","BLACK_AE_30GB_10D","30","10","26.42","0.881","https://esim.dog/ae"
"uae","eSIM.dog","BLACK_AE_40GB_45D","40","45","35.68","0.892","https://esim.dog/ae"
"uae","eSIM.dog","BLACK_AE_30GB_14D","30","14","28.07","0.936","https://esim.dog/ae"
"uae","eSIM.dog","BLACK_AE_30GB_15D","30","15","28.07","0.936","https://esim.dog/ae"
"uae","eSIM.dog","BLACK_AE_30GB_25D","30","25","28.07","0.936","https://esim.dog/ae"
"uae","eSIM.dog","BLACK_AE_30GB_30D","30","30","28.07","0.936","https://esim.dog/ae"
"uae","Stellar","United Arab Emirates 100MB 7Days + Free Stellar VPN","1","7","0.94","0.94","stellar feed"
"uae","eSIM.dog","BLACK_AE_10GB_5D","10","5","9.5","0.95","https://esim.dog/ae"
"uae","eSIM.dog","BLACK_AE_4GB_1D","4","1","3.89","0.973","https://esim.dog/ae"
"uae","eSIM.dog","BLACK_AE_50GB_90D","50","90","48.98","0.98","https://esim.dog/ae"
"uae","eSIM.dog","BLACK_AE_9GB_3D","9","3","8.87","0.986","https://esim.dog/ae"
"uae","Stellar","United Arab Emirates 1GB 7Days + Free Stellar VPN","1","7","1.01","1.01","stellar feed"
"uae","eSIM.dog","BLACK_AE_12GB_1D","12","1","12.16","1.013","https://esim.dog/ae"
"uae","eSIM.dog","BLACK_AE_12GB_30D","12","30","12.16","1.013","https://esim.dog/ae"
"uae","Stellar","United Arab Emirates 10GB 20Days + Free Stellar VPN","10","20","10.14","1.014","stellar feed"
"uae","Stellar","United Arab Emirates 10GB 60Days + Free Stellar VPN","10","60","10.14","1.014","stellar feed"
"uae","Stellar","United Arab Emirates 10GB 30Days + Free Stellar VPN","10","30","10.14","1.014","stellar feed"
"uae","eSIM.dog","BLACK_AE_10GB_9D","10","9","10.16","1.016","https://esim.dog/ae"
"uae","eSIM.dog","BLACK_AE_10GB_12D","10","12","10.16","1.016","https://esim.dog/ae"
"uae","eSIM.dog","BLACK_AE_10GB_15D","10","15","10.16","1.016","https://esim.dog/ae"
"uae","eSIM.dog","BLACK_AE_10GB_20D","10","20","10.16","1.016","https://esim.dog/ae"
"uae","eSIM.dog","BLACK_AE_10GB_25D","10","25","10.16","1.016","https://esim.dog/ae"
"uae","eSIM.dog","BLACK_AE_10GB_21D","10","21","10.16","1.016","https://esim.dog/ae"
"uae","eSIM.dog","BLACK_AE_10GB_30D","10","30","10.16","1.016","https://esim.dog/ae"
"uae","eSIM.dog","BLACK_AE_10GB_45D","10","45","10.16","1.016","https://esim.dog/ae"
"uae","eSIM.dog","BLACK_AE_10GB_60D","10","60","10.16","1.016","https://esim.dog/ae"
"uae","Stellar","United Arab Emirates 3GB 15Days + Free Stellar VPN","3","15","3.06","1.02","stellar feed"
"uae","eSIM.dog","BLACK_AE_3GB_7D","3","7","3.08","1.027","https://esim.dog/ae"
"uae","eSIM.dog","BLACK_AE_3GB_12D","3","12","3.08","1.027","https://esim.dog/ae"
"uae","eSIM.dog","BLACK_AE_3GB_1D","3","1","3.08","1.027","https://esim.dog/ae"
"uae","eSIM.dog","BLACK_AE_3GB_14D","3","14","3.08","1.027","https://esim.dog/ae"
"uae","eSIM.dog","BLACK_AE_3GB_15D","3","15","3.08","1.027","https://esim.dog/ae"
"uae","eSIM.dog","BLACK_AE_1GB_4D","1","4","1.03","1.03","https://esim.dog/ae"
"uae","eSIM.dog","BLACK_AE_1GB_6D","1","6","1.03","1.03","https://esim.dog/ae"
"uae","eSIM.dog","BLACK_AE_1GB_5D","1","5","1.03","1.03","https://esim.dog/ae"
"uae","eSIM.dog","BLACK_AE_1GB_7D","1","7","1.03","1.03","https://esim.dog/ae"
"uae","eSIM.dog","BLACK_AE_15GB_1D","15","1","15.63","1.042","https://esim.dog/ae"
"uae","eSIM.dog","BLACK_AE_15GB_3D","15","3","15.63","1.042","https://esim.dog/ae"
"uae","eSIM.dog","BLACK_AE_10GB_14D","10","14","10.49","1.049","https://esim.dog/ae"
"uae","eSIM.dog","BLACK_AE_9GB_5D","9","5","9.5","1.056","https://esim.dog/ae"
"uae","eSIM.dog","BLACK_AE_500MB_1D","0.5","1","0.53","1.06","https://esim.dog/ae"
"uae","Stellar","United Arab Emirates 3GB 20Days + Free Stellar VPN","3","20","3.22","1.073","stellar feed"
"uae","Stellar","United Arab Emirates 3GB 30Days + Free Stellar VPN","3","30","3.22","1.073","stellar feed"
"uae","eSIM.dog","BLACK_AE_3GB_20D","3","20","3.24","1.08","https://esim.dog/ae"
"uae","eSIM.dog","BLACK_AE_3GB_25D","3","25","3.24","1.08","https://esim.dog/ae"
"uae","eSIM.dog","BLACK_AE_3GB_21D","3","21","3.24","1.08","https://esim.dog/ae"
"uae","eSIM.dog","BLACK_AE_3GB_30D","3","30","3.24","1.08","https://esim.dog/ae"
"uae","eSIM.dog","BLACK_AE_15GB_5D","15","5","16.26","1.084","https://esim.dog/ae"
"uae","eSIM.dog","BLACK_AE_30GB_45D","30","45","32.75","1.092","https://esim.dog/ae"
"uae","eSIM.dog","BLACK_AE_30GB_90D","30","90","32.75","1.092","https://esim.dog/ae"
"uae","Stellar","United Arab Emirates 750MB 7Days + Free Stellar VPN","1","7","1.1","1.1","stellar feed"
"uae","eSIM.dog","BLACK_AE_9GB_7D","9","7","9.92","1.102","https://esim.dog/ae"
"uae","eSIM.dog","BLACK_AE_8GB_3D","8","3","8.87","1.109","https://esim.dog/ae"
"uae","eSIM.dog","BLACK_AE_9GB_60D","9","60","10.16","1.129","https://esim.dog/ae"
"uae","Stellar","United Arab Emirates 5GB 20Days + Free Stellar VPN","5","20","5.68","1.136","stellar feed"
"uae","Stellar","United Arab Emirates 5GB 30Days + Free Stellar VPN","5","30","5.68","1.136","stellar feed"
"uae","Stellar","United Arab Emirates 5GB 15Days + Free Stellar VPN","5","15","5.68","1.136","stellar feed"
"uae","Stellar","United Arab Emirates 5GB 21Days + Free Stellar VPN","5","21","5.68","1.136","stellar feed"
"uae","eSIM.dog","BLACK_AE_5GB_12D","5","12","5.7","1.14","https://esim.dog/ae"
"uae","eSIM.dog","BLACK_AE_5GB_15D","5","15","5.7","1.14","https://esim.dog/ae"
"uae","eSIM.dog","BLACK_AE_5GB_20D","5","20","5.7","1.14","https://esim.dog/ae"
"uae","eSIM.dog","BLACK_AE_5GB_25D","5","25","5.7","1.14","https://esim.dog/ae"
"uae","eSIM.dog","BLACK_AE_5GB_14D","5","14","5.7","1.14","https://esim.dog/ae"
"uae","eSIM.dog","BLACK_AE_5GB_21D","5","21","5.7","1.14","https://esim.dog/ae"
"uae","eSIM.dog","BLACK_AE_5GB_30D","5","30","5.7","1.14","https://esim.dog/ae"
"uae","eSIM.dog","BLACK_AE_15GB_7D","15","7","17.12","1.141","https://esim.dog/ae"
"uae","eSIM.dog","BLACK_AE_15GB_30D","15","30","17.27","1.151","https://esim.dog/ae"
"uae","Stellar","United Arab Emirates 500MB 7Days + Free Stellar VPN","1","7","1.16","1.16","stellar feed"
"uae","Stellar","United Arab Emirates 8GB 30Days + Free Stellar VPN","8","30","9.52","1.19","stellar feed"
"uae","Stellar","United Arab Emirates 8GB 60Days + Free Stellar VPN","8","60","9.53","1.191","stellar feed"
"uae","eSIM.dog","BLACK_AE_8GB_7D","8","7","9.54","1.192","https://esim.dog/ae"
"uae","eSIM.dog","BLACK_AE_8GB_9D","8","9","9.54","1.192","https://esim.dog/ae"
"uae","eSIM.dog","BLACK_AE_8GB_12D","8","12","9.54","1.192","https://esim.dog/ae"
"uae","eSIM.dog","BLACK_AE_8GB_15D","8","15","9.54","1.192","https://esim.dog/ae"
"uae","eSIM.dog","BLACK_AE_8GB_20D","8","20","9.54","1.192","https://esim.dog/ae"
"uae","eSIM.dog","BLACK_AE_8GB_30D","8","30","9.54","1.192","https://esim.dog/ae"
"uae","eSIM.dog","BLACK_AE_8GB_14D","8","14","9.54","1.192","https://esim.dog/ae"
"uae","eSIM.dog","BLACK_AE_8GB_21D","8","21","9.54","1.192","https://esim.dog/ae"
"uae","eSIM.dog","BLACK_AE_8GB_60D","8","60","9.55","1.194","https://esim.dog/ae"
"uae","Stellar","United Arab Emirates 5GB 10Days + Free Stellar VPN","5","10","6.05","1.21","stellar feed"
"uae","eSIM.dog","BLACK_AE_7GB_3D","7","3","8.87","1.267","https://esim.dog/ae"
"uae","eSIM.dog","PRQJ9TH03","2","1","2.57","1.285","https://esim.dog/ae"
"uae","Stellar","United Arab Emirates 3GB 5Days + Free Stellar VPN","3","5","3.88","1.293","stellar feed"
"uae","Stellar","United Arab Emirates 7GB 60Days + Free Stellar VPN","7","60","9.06","1.294","stellar feed"
"uae","eSIM.dog","BLACK_AE_7GB_60D","7","60","9.08","1.297","https://esim.dog/ae"
"uae","eSIM.dog","GREEN_AE_1793B3B3FE","80","365","105.36","1.317","https://esim.dog/ae"
"uae","eSIM.dog","BLACK_AE_4GB_3D","4","3","5.28","1.32","https://esim.dog/ae"
"uae","eSIM.dog","BLACK_AE_4GB_30D","4","30","5.31","1.327","https://esim.dog/ae"
"uae","Stellar","United Arab Emirates 4GB 20Days + Free Stellar VPN","4","20","5.32","1.33","stellar feed"
"uae","Stellar","United Arab Emirates 4GB 30Days + Free Stellar VPN","4","30","5.32","1.33","stellar feed"
"uae","eSIM.dog","BLACK_AE_2GB_5D","2","5","2.73","1.365","https://esim.dog/ae"
"uae","Stellar","United Arab Emirates 1GB 30Days + Free Stellar VPN","1","30","1.39","1.39","stellar feed"
"uae","eSIM.dog","BLACK_AE_2GB_9D","2","9","2.79","1.395","https://esim.dog/ae"
"uae","Stellar","United Arab Emirates 50GB 180Days + Free Stellar VPN","50","180","69.9","1.398","stellar feed"
"uae","eSIM.dog","BLACK_AE_20GB_45D","20","45","27.98","1.399","https://esim.dog/ae"
"uae","eSIM.dog","BLACK_AE_20GB_80D","20","80","27.98","1.399","https://esim.dog/ae"
"uae","eSIM.dog","BLACK_AE_20GB_90D","20","90","27.98","1.399","https://esim.dog/ae"
"uae","eSIM.dog","BLACK_AE_1GB_10D","1","10","1.4","1.4","https://esim.dog/ae"
"uae","eSIM.dog","BLACK_AE_1GB_12D","1","12","1.4","1.4","https://esim.dog/ae"
"uae","eSIM.dog","BLACK_AE_1GB_15D","1","15","1.4","1.4","https://esim.dog/ae"
"uae","eSIM.dog","BLACK_AE_1GB_20D","1","20","1.4","1.4","https://esim.dog/ae"
"uae","eSIM.dog","BLACK_AE_1GB_30D","1","30","1.4","1.4","https://esim.dog/ae"
"uae","eSIM.dog","BLACK_AE_1GB_14D","1","14","1.4","1.4","https://esim.dog/ae"
"uae","eSIM.dog","BLACK_AE_1GB_21D","1","21","1.4","1.4","https://esim.dog/ae"
"uae","eSIM.dog","BLACK_AE_2GB_12D","2","12","2.84","1.42","https://esim.dog/ae"
"uae","eSIM.dog","BLACK_AE_2GB_14D","2","14","2.84","1.42","https://esim.dog/ae"
"uae","eSIM.dog","BLACK_AE_2GB_15D","2","15","2.84","1.42","https://esim.dog/ae"
"uae","eSIM.dog","GREEN_AE_D0DAE9FBCD","40","180","57.07","1.427","https://esim.dog/ae"
"uae","eSIM.dog","BLACK_AE_2GB_20D","2","20","2.86","1.43","https://esim.dog/ae"
"uae","eSIM.dog","BLACK_AE_2GB_30D","2","30","2.88","1.44","https://esim.dog/ae"
"uae","eSIM.dog","BLACK_AE_500MB_3D","0.5","3","0.72","1.44","https://esim.dog/ae"
"uae","eSIM.dog","BLACK_AE_2GB_21D","2","21","2.88","1.44","https://esim.dog/ae"
"uae","Stellar","United Arab Emirates 3GB 1Days + Free Stellar VPN","3","1","4.43","1.477","stellar feed"
"uae","eSIM.dog","BLACK_AE_500MB_7D","0.5","7","0.74","1.48","https://esim.dog/ae"
"uae","Airalo","burj-mobile-15days-20gb","20","15","33","1.65","https://www.airalo.com/united-arab-emirates-esim"
"uae","eSIM.dog","BLACK_AE_15GB_60D","15","60","24.98","1.665","https://esim.dog/ae"
"uae","Airalo","burj-mobile-30days-20gb","20","30","34","1.7","https://www.airalo.com/united-arab-emirates-esim"
"uae","eSIM.dog","BLACK_AE_10GB_90D","10","90","17.04","1.704","https://esim.dog/ae"
"uae","Stellar","United Arab Emirates 5GB 60Days + Free Stellar VPN","5","60","9.06","1.812","stellar feed"
"uae","Stellar","United Arab Emirates 5GB 45Days + Free Stellar VPN","5","45","9.06","1.812","stellar feed"
"uae","eSIM.dog","BLACK_AE_5GB_45D","5","45","9.08","1.816","https://esim.dog/ae"
"uae","eSIM.dog","BLACK_AE_5GB_60D","5","60","9.08","1.816","https://esim.dog/ae"
"uae","Airalo","burj-mobile-7days-10gb","10","7","18.5","1.85","https://www.airalo.com/united-arab-emirates-esim"
"uae","eSIM.dog","BLACK_AE_15GB_90D","15","90","27.98","1.865","https://esim.dog/ae"
"uae","Airalo","burj-mobile-15days-10gb","10","15","19","1.9","https://www.airalo.com/united-arab-emirates-esim"
"uae","eSIM.dog","GREEN_AE_68BE6237EA","10","365","19.73","1.973","https://esim.dog/ae"
"uae","eSIM.dog","GREEN_AE_384F1259AB","20","365","39.47","1.974","https://esim.dog/ae"
"uae","Airalo","burj-mobile-30days-10gb","10","30","20","2","https://www.airalo.com/united-arab-emirates-esim"
"uae","eSIM.dog","BLACK_AE_5GB_90D","5","90","10.22","2.044","https://esim.dog/ae"
"uae","eSIM.dog","GREEN_AE_0F1DB5189B","5","365","10.22","2.044","https://esim.dog/ae"
"uae","eSIM.dog","P0B2MJ9JR","0.49","7","1.03","2.102","https://esim.dog/ae"
"uae","Airalo","burj-mobile-7days-5gb","5","7","11","2.2","https://www.airalo.com/united-arab-emirates-esim"
"uae","eSIM.dog","GREEN_AE_ED9B5BC08D","40","365","89.49","2.237","https://esim.dog/ae"
"uae","eSIM.dog","BLACK_AE_4GB_60D","4","60","9.08","2.27","https://esim.dog/ae"
"uae","Airalo","burj-mobile-15days-5gb","5","15","11.5","2.3","https://www.airalo.com/united-arab-emirates-esim"
"uae","eSIM.dog","PBJCBSZU1","50","180","118.49","2.37","https://esim.dog/ae"
"uae","Airalo","burj-mobile-30days-5gb","5","30","12","2.4","https://www.airalo.com/united-arab-emirates-esim"
"uae","eSIM.dog","BLACK_AE_3GB_45D","3","45","7.94","2.647","https://esim.dog/ae"
"uae","eSIM.dog","BLACK_AE_3GB_90D","3","90","7.94","2.647","https://esim.dog/ae"
"uae","eSIM.dog","BLACK_AE_500MB_30D","0.5","30","1.4","2.8","https://esim.dog/ae"
"uae","Airalo","burj-mobile-3days-3gb","3","3","8.5","2.833","https://www.airalo.com/united-arab-emirates-esim"
"uae","eSIM.dog","BLACK_AE_1GB_90D","1","90","2.94","2.94","https://esim.dog/ae"
"uae","eSIM.dog","BLACK_AE_2GB_90D","2","90","5.89","2.945","https://esim.dog/ae"
"uae","Airalo","burj-mobile-7days-3gb","3","7","9","3","https://www.airalo.com/united-arab-emirates-esim"
"uae","Stellar","United Arab Emirates 7GB 30Days + Free Stellar VPN","7","30","22.65","3.236","stellar feed"
"uae","eSIM.dog","YELLOW_AE_959DCBDDDA","60","125","197.49","3.292","https://esim.dog/ae"
"uae","Airalo","burj-mobile-3days-1gb","1","3","4","4","https://www.airalo.com/united-arab-emirates-esim"
"uae","eSIM.dog","PQWC3N4R1","0.49","1","2.49","5.082","https://esim.dog/ae"
"uae","eSIM.dog","YELLOW_AE_6DDECE05DA","10","180","66.49","6.649","https://esim.dog/ae"
"uae","eSIM.dog","YELLOW_AE_AB0F6C9F45","0.2","30","1.4","7","https://esim.dog/ae"
"uae","eSIM.dog","BLUE_AE_1453CDEAFB","1","365","7.99","7.99","https://esim.dog/ae"
"uae","eSIM.dog","YELLOW_AE_5F1C3B49E7","0.29","3","2.49","8.586","https://esim.dog/ae"
"uae","eSIM.dog","BLACK_AE_100MB_90D","0.1","90","0.98","9.8","https://esim.dog/ae"
"uae","eSIM.dog","BLACK_AE_100MB_1D","0.1","1","1.49","14.9","https://esim.dog/ae"
"uae","eSIM.dog","BLACK_AE_100MB_3D","0.1","3","1.49","14.9","https://esim.dog/ae"
"uk","eSIM.dog","BLACK_GB_50GB_1D","50","1","10.7","0.214","https://esim.dog/gb"
"uk","eSIM.dog","BLACK_GB_50GB_6D","50","6","10.7","0.214","https://esim.dog/gb"
"uk","eSIM.dog","AMBER_GB_50GB_20D_6EE8EFA539","50","20","10.7","0.214","https://esim.dog/gb"
"uk","eSIM.dog","AMBER_GB_50GB_25D_8859947E63","50","25","10.7","0.214","https://esim.dog/gb"
"uk","eSIM.dog","PINK_GB_925B9FB975","50","3","10.7","0.214","https://esim.dog/gb"
"uk","eSIM.dog","BLACK_GB_50GB_5D","50","5","10.7","0.214","https://esim.dog/gb"
"uk","eSIM.dog","BLACK_GB_50GB_7D","50","7","10.7","0.214","https://esim.dog/gb"
"uk","eSIM.dog","AMBER_GB_50GB_12D_6A9DFF7B77","50","12","10.7","0.214","https://esim.dog/gb"
"uk","eSIM.dog","AMBER_GB_50GB_14D_69BD6700C1","50","14","10.7","0.214","https://esim.dog/gb"
"uk","eSIM.dog","AMBER_GB_50GB_15D_FAB8A8E45B","50","15","10.7","0.214","https://esim.dog/gb"
"uk","eSIM.dog","AMBER_GB_50GB_21D_4DFE147E64","50","21","10.7","0.214","https://esim.dog/gb"
"uk","eSIM.dog","AMBER_GB_50GB_30D_3EA71F3EBA","50","30","10.7","0.214","https://esim.dog/gb"
"uk","Stellar","United Kingdom 50GB 30Days + Free Stellar VPN","50","30","10.81","0.216","stellar feed"
"uk","eSIM.dog","AMBER_GB_4GB_1D_29D2069EC9","4","1","0.89","0.223","https://esim.dog/gb"
"uk","eSIM.dog","AMBER_GB_4GB_15D_BAB9B53B45","4","15","0.89","0.223","https://esim.dog/gb"
"uk","eSIM.dog","AMBER_GB_4GB_30D_6C4C0FDCD3","4","30","0.89","0.223","https://esim.dog/gb"
"uk","Stellar","United Kingdom 4GB 30Days + Free Stellar VPN","4","30","0.9","0.225","stellar feed"
"uk","eSIM.dog","BLACK_GB_40GB_1D","40","1","10.7","0.267","https://esim.dog/gb"
"uk","eSIM.dog","BLACK_GB_40GB_30D","40","30","10.7","0.267","https://esim.dog/gb"
"uk","Stellar","United Kingdom 20GB 20Days + Free Stellar VPN","20","20","5.44","0.272","stellar feed"
"uk","Stellar","United Kingdom 20GB 30Days + Free Stellar VPN","20","30","5.44","0.272","stellar feed"
"uk","eSIM.dog","BLACK_GB_20GB_1D","20","1","5.45","0.273","https://esim.dog/gb"
"uk","eSIM.dog","BLACK_GB_20GB_20D","20","20","5.45","0.273","https://esim.dog/gb"
"uk","eSIM.dog","BLACK_GB_20GB_25D","20","25","5.45","0.273","https://esim.dog/gb"
"uk","eSIM.dog","PINK_GB_67C7B15FA7","20","3","5.45","0.273","https://esim.dog/gb"
"uk","eSIM.dog","PINK_GB_47A3E4F29C","20","5","5.45","0.273","https://esim.dog/gb"
"uk","eSIM.dog","PINK_GB_03C97AF9BA","20","7","5.45","0.273","https://esim.dog/gb"
"uk","eSIM.dog","PINK_GB_FDA81E7004","20","10","5.45","0.273","https://esim.dog/gb"
"uk","eSIM.dog","BLACK_GB_20GB_12D","20","12","5.45","0.273","https://esim.dog/gb"
"uk","eSIM.dog","BLACK_GB_20GB_15D","20","15","5.45","0.273","https://esim.dog/gb"
"uk","eSIM.dog","BLACK_GB_20GB_21D","20","21","5.45","0.273","https://esim.dog/gb"
"uk","eSIM.dog","YELLOW_GB_8E830A8B2F","20","30","5.45","0.273","https://esim.dog/gb"
"uk","Stellar","United Kingdom 15GB 20Days + Free Stellar VPN","15","20","4.16","0.277","stellar feed"
"uk","eSIM.dog","BLACK_GB_30GB_1D","30","1","8.34","0.278","https://esim.dog/gb"
"uk","eSIM.dog","BLACK_GB_30GB_20D","30","20","8.34","0.278","https://esim.dog/gb"
"uk","eSIM.dog","PINK_GB_BA98F502FF","30","3","8.34","0.278","https://esim.dog/gb"
"uk","eSIM.dog","PINK_GB_2BABABD1C8","30","5","8.34","0.278","https://esim.dog/gb"
"uk","eSIM.dog","PINK_GB_18BC37CC5A","30","7","8.34","0.278","https://esim.dog/gb"
"uk","eSIM.dog","PINK_GB_C0032F2772","30","12","8.34","0.278","https://esim.dog/gb"
"uk","eSIM.dog","BLACK_GB_30GB_14D","30","14","8.34","0.278","https://esim.dog/gb"
"uk","eSIM.dog","PINK_GB_F3093E310A","30","15","8.34","0.278","https://esim.dog/gb"
"uk","eSIM.dog","BLACK_GB_30GB_21D","30","21","8.34","0.278","https://esim.dog/gb"
"uk","eSIM.dog","BLACK_GB_30GB_30D","30","30","8.34","0.278","https://esim.dog/gb"
"uk","Stellar","United Kingdom 10GB 20Days + Free Stellar VPN","10","20","2.79","0.279","stellar feed"
"uk","Stellar","United Kingdom 10GB 30Days + Free Stellar VPN","10","30","2.79","0.279","stellar feed"
"uk","eSIM.dog","BLACK_GB_7GB_1D","7","1","1.95","0.279","https://esim.dog/gb"
"uk","eSIM.dog","BLACK_GB_7GB_10D","7","10","1.95","0.279","https://esim.dog/gb"
"uk","eSIM.dog","BLACK_GB_15GB_1D","15","1","4.18","0.279","https://esim.dog/gb"
"uk","eSIM.dog","PINK_GB_D065ECA9FD","15","3","4.18","0.279","https://esim.dog/gb"
"uk","eSIM.dog","PINK_GB_9E4D581BFA","15","5","4.18","0.279","https://esim.dog/gb"
"uk","eSIM.dog","PINK_GB_8FF1292C72","15","7","4.18","0.279","https://esim.dog/gb"
"uk","eSIM.dog","PINK_GB_90F4F647CF","15","12","4.18","0.279","https://esim.dog/gb"
"uk","eSIM.dog","BLACK_GB_15GB_14D","15","14","4.18","0.279","https://esim.dog/gb"
"uk","eSIM.dog","BLACK_GB_15GB_15D","15","15","4.18","0.279","https://esim.dog/gb"
"uk","eSIM.dog","BLACK_GB_15GB_20D","15","20","4.18","0.279","https://esim.dog/gb"
"uk","eSIM.dog","BLACK_GB_10GB_1D","10","1","2.8","0.28","https://esim.dog/gb"
"uk","eSIM.dog","BLACK_GB_10GB_6D","10","6","2.8","0.28","https://esim.dog/gb"
"uk","eSIM.dog","BLACK_GB_10GB_20D","10","20","2.8","0.28","https://esim.dog/gb"
"uk","eSIM.dog","BLACK_GB_10GB_25D","10","25","2.8","0.28","https://esim.dog/gb"
"uk","eSIM.dog","PINK_GB_2227681F32","10","3","2.8","0.28","https://esim.dog/gb"
"uk","eSIM.dog","PINK_GB_DEB200121A","10","5","2.8","0.28","https://esim.dog/gb"
"uk","eSIM.dog","BLACK_GB_10GB_7D","10","7","2.8","0.28","https://esim.dog/gb"
"uk","eSIM.dog","BLACK_GB_10GB_12D","10","12","2.8","0.28","https://esim.dog/gb"
"uk","eSIM.dog","BLACK_GB_10GB_14D","10","14","2.8","0.28","https://esim.dog/gb"
"uk","eSIM.dog","BLACK_GB_10GB_15D","10","15","2.8","0.28","https://esim.dog/gb"
"uk","eSIM.dog","BLACK_GB_10GB_21D","10","21","2.8","0.28","https://esim.dog/gb"
"uk","eSIM.dog","BLACK_GB_10GB_30D","10","30","2.8","0.28","https://esim.dog/gb"
"uk","Stellar","United Kingdom 9GB 30Days + Free Stellar VPN","9","30","2.54","0.282","stellar feed"
"uk","eSIM.dog","BLACK_GB_9GB_1D","9","1","2.55","0.283","https://esim.dog/gb"
"uk","eSIM.dog","BLACK_GB_9GB_30D","9","30","2.55","0.283","https://esim.dog/gb"
"uk","Stellar","United Kingdom 12GB 30Days + Free Stellar VPN","12","30","3.41","0.284","stellar feed"
"uk","eSIM.dog","BLACK_GB_12GB_1D","12","1","3.43","0.286","https://esim.dog/gb"
"uk","eSIM.dog","BLACK_GB_12GB_30D","12","30","3.43","0.286","https://esim.dog/gb"
"uk","eSIM.dog","BLACK_GB_8GB_1D","8","1","2.3","0.287","https://esim.dog/gb"
"uk","eSIM.dog","BLACK_GB_8GB_15D","8","15","2.3","0.287","https://esim.dog/gb"
"uk","eSIM.dog","AMBER_GB_8GB_20D_AA3B2CA7CE","8","20","2.3","0.287","https://esim.dog/gb"
"uk","Stellar","United Kingdom 6GB 30Days + Free Stellar VPN","6","30","1.76","0.293","stellar feed"
"uk","Stellar","United Kingdom 18GB 20Days + Free Stellar VPN","18","20","5.3","0.294","stellar feed"
"uk","Stellar","United Kingdom 18GB 30Days + Free Stellar VPN","18","30","5.3","0.294","stellar feed"
"uk","Stellar","United Kingdom 100GB 60Days + Free Stellar VPN","100","60","29.46","0.295","stellar feed"
"uk","eSIM.dog","BLACK_GB_3GB_2D","3","2","0.89","0.297","https://esim.dog/gb"
"uk","eSIM.dog","AMBER_GB_3GB_6D_5F254E786E","3","6","0.89","0.297","https://esim.dog/gb"
"uk","eSIM.dog","AMBER_GB_3GB_20D_D5FB778241","3","20","0.89","0.297","https://esim.dog/gb"
"uk","eSIM.dog","AMBER_GB_3GB_25D_F0835140ED","3","25","0.89","0.297","https://esim.dog/gb"
"uk","eSIM.dog","BLACK_GB_3GB_1D","3","1","0.89","0.297","https://esim.dog/gb"
"uk","eSIM.dog","PINK_GB_73D6654EE6","3","3","0.89","0.297","https://esim.dog/gb"
"uk","eSIM.dog","AMBER_GB_3GB_5D_2695072EBD","3","5","0.89","0.297","https://esim.dog/gb"
"uk","eSIM.dog","AMBER_GB_3GB_7D_2C19FAB847","3","7","0.89","0.297","https://esim.dog/gb"
"uk","eSIM.dog","AMBER_GB_3GB_10D_C01D620F49","3","10","0.89","0.297","https://esim.dog/gb"
"uk","eSIM.dog","AMBER_GB_3GB_12D_6C3CBB4080","3","12","0.89","0.297","https://esim.dog/gb"
"uk","eSIM.dog","AMBER_GB_3GB_14D_FA64E2B172","3","14","0.89","0.297","https://esim.dog/gb"
"uk","eSIM.dog","AMBER_GB_3GB_15D_5F47E45B13","3","15","0.89","0.297","https://esim.dog/gb"
"uk","eSIM.dog","AMBER_GB_3GB_21D_729137B292","3","21","0.89","0.297","https://esim.dog/gb"
"uk","eSIM.dog","AMBER_GB_3GB_30D_E71FFB24E2","3","30","0.89","0.297","https://esim.dog/gb"
"uk","eSIM.dog","BLACK_GB_6GB_1D","6","1","1.78","0.297","https://esim.dog/gb"
"uk","eSIM.dog","BLACK_GB_6GB_30D","6","30","1.78","0.297","https://esim.dog/gb"
"uk","Stellar","United Kingdom 16GB 20Days + Free Stellar VPN","16","20","4.78","0.299","stellar feed"
"uk","Stellar","United Kingdom 50GB 15Days + Free Stellar VPN","50","15","14.96","0.299","stellar feed"
"uk","Stellar","United Kingdom 16GB 30Days + Free Stellar VPN","16","30","4.78","0.299","stellar feed"
"uk","Stellar","United Kingdom 8GB 20Days + Free Stellar VPN","8","20","2.42","0.302","stellar feed"
"uk","Stellar","United Kingdom 14GB 20Days + Free Stellar VPN","14","20","4.27","0.305","stellar feed"
"uk","Stellar","United Kingdom 14GB 30Days + Free Stellar VPN","14","30","4.27","0.305","stellar feed"
"uk","Stellar","United Kingdom 7GB 20Days + Free Stellar VPN","7","20","2.17","0.31","stellar feed"
"uk","Stellar","United Kingdom 9GB 20Days + Free Stellar VPN","9","20","2.81","0.312","stellar feed"
"uk","Stellar","United Kingdom 12GB 20Days + Free Stellar VPN","12","20","3.74","0.312","stellar feed"
"uk","eSIM.dog","BLACK_GB_15GB_21D","15","21","4.77","0.318","https://esim.dog/gb"
"uk","eSIM.dog","PINK_GB_3CD83117A9","15","30","4.77","0.318","https://esim.dog/gb"
"uk","Stellar","United Kingdom 50GB 20Days + Free Stellar VPN","50","20","15.96","0.319","stellar feed"
"uk","eSIM.dog","BLACK_GB_20GB_14D","20","14","6.49","0.325","https://esim.dog/gb"
"uk","eSIM.dog","BLACK_GB_7GB_30D","7","30","2.3","0.329","https://esim.dog/gb"
"uk","Stellar","United Kingdom 6GB 20Days + Free Stellar VPN","6","20","1.98","0.33","stellar feed"
"uk","Stellar","United Kingdom 5GB 10Days + Free Stellar VPN","5","10","1.67","0.334","stellar feed"
"uk","eSIM.dog","BLACK_GB_5GB_1D","5","1","1.69","0.338","https://esim.dog/gb"
"uk","eSIM.dog","BLACK_GB_5GB_6D","5","6","1.69","0.338","https://esim.dog/gb"
"uk","eSIM.dog","BLACK_GB_5GB_20D","5","20","1.69","0.338","https://esim.dog/gb"
"uk","eSIM.dog","BLACK_GB_5GB_25D","5","25","1.69","0.338","https://esim.dog/gb"
"uk","eSIM.dog","PINK_GB_23078BD1A8","5","3","1.69","0.338","https://esim.dog/gb"
"uk","eSIM.dog","PINK_GB_6F338D63F7","5","5","1.69","0.338","https://esim.dog/gb"
"uk","eSIM.dog","PINK_GB_DE44A519CC","5","7","1.69","0.338","https://esim.dog/gb"
"uk","eSIM.dog","PINK_GB_04A4BBA43B","5","10","1.69","0.338","https://esim.dog/gb"
"uk","eSIM.dog","BLACK_GB_5GB_12D","5","12","1.69","0.338","https://esim.dog/gb"
"uk","eSIM.dog","BLACK_GB_5GB_14D","5","14","1.69","0.338","https://esim.dog/gb"
"uk","eSIM.dog","BLACK_GB_5GB_15D","5","15","1.69","0.338","https://esim.dog/gb"
"uk","eSIM.dog","BLACK_GB_5GB_21D","5","21","1.69","0.338","https://esim.dog/gb"
"uk","eSIM.dog","BLACK_GB_5GB_30D","5","30","1.69","0.338","https://esim.dog/gb"
"uk","Stellar","United Kingdom 5GB 15Days + Free Stellar VPN","5","15","1.7","0.34","stellar feed"
"uk","Stellar","United Kingdom 3GB 1Days + Free Stellar VPN","3","1","1.02","0.34","stellar feed"
"uk","eSIM.dog","PINK_GB_D842DA381C","100","30","33.99","0.34","https://esim.dog/gb"
"uk","Stellar","United Kingdom 5GB 30Days + Free Stellar VPN","5","30","1.77","0.354","stellar feed"
"uk","Stellar","United Kingdom 5GB 20Days + Free Stellar VPN","5","20","1.9","0.38","stellar feed"
"uk","Stellar","United Kingdom 4GB 20Days + Free Stellar VPN","4","20","1.54","0.385","stellar feed"
"uk","Stellar","United Kingdom 50GB 180Days + Free Stellar VPN","50","180","20.46","0.409","stellar feed"
"uk","eSIM.dog","BLUE_GB_4EF386F56B","50","31","20.45","0.409","https://esim.dog/gb"
"uk","eSIM.dog","BLACK_GB_50GB_45D","50","45","20.45","0.409","https://esim.dog/gb"
"uk","eSIM.dog","BLACK_GB_50GB_60D","50","60","20.45","0.409","https://esim.dog/gb"
"uk","eSIM.dog","BLACK_GB_50GB_80D","50","80","20.45","0.409","https://esim.dog/gb"
"uk","Stellar","United Kingdom 2GB 30Days + Free Stellar VPN","2","30","0.85","0.425","stellar feed"
"uk","eSIM.dog","PINK_GB_381B3DA552","2","1","0.87","0.435","https://esim.dog/gb"
"uk","eSIM.dog","BLACK_GB_2GB_14D","2","14","0.87","0.435","https://esim.dog/gb"
"uk","eSIM.dog","BLACK_GB_2GB_15D","2","15","0.87","0.435","https://esim.dog/gb"
"uk","eSIM.dog","BLACK_GB_2GB_30D","2","30","0.87","0.435","https://esim.dog/gb"
"uk","eSIM.dog","BLUE_GB_63A276672F","20","31","9.42","0.471","https://esim.dog/gb"
"uk","eSIM.dog","BLACK_GB_20GB_80D","20","80","9.49","0.475","https://esim.dog/gb"
"uk","eSIM.dog","BLACK_GB_20GB_90D","20","90","9.49","0.475","https://esim.dog/gb"
"uk","eSIM.dog","BLUE_GB_7B293AA300","10","31","4.89","0.489","https://esim.dog/gb"
"uk","Stellar","United Kingdom 2GB 15Days + Free Stellar VPN","2","15","1.02","0.51","stellar feed"
"uk","eSIM.dog","BLACK_GB_40GB_90D","40","90","20.45","0.511","https://esim.dog/gb"
"uk","Stellar","United Kingdom 7GB 30Days + Free Stellar VPN","7","30","3.78","0.54","stellar feed"
"uk","eSIM.dog","BLACK_GB_30GB_90D","30","90","17.16","0.572","https://esim.dog/gb"
"uk","Stellar","United Kingdom 8GB 30Days + Free Stellar VPN","8","30","4.61","0.576","stellar feed"
"uk","eSIM.dog","PLLWT4O6B","50","180","28.95","0.579","https://esim.dog/gb"
"uk","Stellar","United Kingdom 500MB 7Days + Free Stellar VPN","1","7","0.58","0.58","stellar feed"
"uk","Stellar","United Kingdom 100MB 7Days + Free Stellar VPN","1","7","0.58","0.58","stellar feed"
"uk","Stellar","United Kingdom 3GB 30Days + Free Stellar VPN","3","30","1.75","0.583","stellar feed"
"uk","eSIM.dog","BLACK_GB_10GB_90D","10","90","5.99","0.599","https://esim.dog/gb"
"uk","eSIM.dog","PINK_GB_F9E3E0F2A1","1","3","0.61","0.61","https://esim.dog/gb"
"uk","eSIM.dog","BLACK_GB_1GB_4D","1","4","0.61","0.61","https://esim.dog/gb"
"uk","eSIM.dog","BLACK_GB_1GB_5D","1","5","0.61","0.61","https://esim.dog/gb"
"uk","eSIM.dog","BLACK_GB_1GB_6D","1","6","0.61","0.61","https://esim.dog/gb"
"uk","eSIM.dog","CKH253","1","7","0.61","0.61","https://esim.dog/gb"
"uk","Stellar","United Kingdom 3GB 5Days + Free Stellar VPN","3","5","1.88","0.627","stellar feed"
"uk","eSIM.dog","BLACK_GB_15GB_90D","15","90","9.49","0.633","https://esim.dog/gb"
"uk","Stellar","United Kingdom 15GB 30Days + Free Stellar VPN","15","30","9.79","0.653","stellar feed"
"uk","eSIM.dog","BLUE_GB_D105DE0353","100","180","68.25","0.682","https://esim.dog/gb"
"uk","Stellar","United Kingdom 1GB 7Days + Free Stellar VPN","1","7","0.71","0.71","stellar feed"
"uk","Airalo","uki-mobile-in-30days-50gb","50","30","39","0.78","https://www.airalo.com/united-kingdom-esim"
"uk","Stellar","United Kingdom 3GB 20Days + Free Stellar VPN","3","20","2.38","0.793","stellar feed"
"uk","Stellar","United Kingdom 5GB 21Days + Free Stellar VPN","5","21","3.98","0.796","stellar feed"
"uk","eSIM.dog","BLACK_GB_1GB_9D","1","9","0.82","0.82","https://esim.dog/gb"
"uk","eSIM.dog","BLACK_GB_1GB_12D","1","12","0.84","0.84","https://esim.dog/gb"
"uk","eSIM.dog","BLACK_GB_1GB_14D","1","14","0.84","0.84","https://esim.dog/gb"
"uk","eSIM.dog","BLACK_GB_1GB_15D","1","15","0.84","0.84","https://esim.dog/gb"
"uk","Stellar","United Kingdom 1GB 30Days + Free Stellar VPN","1","30","0.85","0.85","stellar feed"
"uk","eSIM.dog","BLACK_GB_1GB_20D","1","20","0.85","0.85","https://esim.dog/gb"
"uk","eSIM.dog","BLACK_GB_1GB_21D","1","21","0.86","0.86","https://esim.dog/gb"
"uk","eSIM.dog","BLACK_GB_1GB_25D","1","25","0.86","0.86","https://esim.dog/gb"
"uk","eSIM.dog","BLACK_GB_1GB_30D","1","30","0.86","0.86","https://esim.dog/gb"
"uk","eSIM.dog","BLACK_GB_5GB_45D","5","45","4.44","0.888","https://esim.dog/gb"
"uk","Stellar","United Kingdom 5GB 45Days + Free Stellar VPN","5","45","4.45","0.89","stellar feed"
"uk","eSIM.dog","BLACK_GB_5GB_60D","5","60","4.93","0.986","https://esim.dog/gb"
"uk","Stellar","United Kingdom 5GB 60Days + Free Stellar VPN","5","60","4.94","0.988","stellar feed"
"uk","eSIM.dog","BLACK_GB_5GB_90D","5","90","4.99","0.998","https://esim.dog/gb"
"uk","Airalo","uki-mobile-plus-in-30days-50gb","50","30","54","1.08","https://www.airalo.com/united-kingdom-esim"
"uk","eSIM.dog","PINK_GB_2D07295040","10","365","11.49","1.149","https://esim.dog/gb"
"uk","Stellar","United Kingdom 3GB 15Days + Free Stellar VPN","3","15","3.47","1.157","stellar feed"
"uk","eSIM.dog","BLACK_GB_4GB_60D","4","60","4.93","1.232","https://esim.dog/gb"
"uk","eSIM.dog","BLACK_GB_3GB_90D","3","90","4.19","1.397","https://esim.dog/gb"
"uk","eSIM.dog","GREEN_GB_16456FA043","80","365","119.49","1.494","https://esim.dog/gb"
"uk","Airalo","uki-mobile-in-15days-20gb","20","15","30","1.5","https://www.airalo.com/united-kingdom-esim"
"uk","eSIM.dog","BLACK_GB_1GB_60D","1","60","1.53","1.53","https://esim.dog/gb"
"uk","Saily","20GB / 30d","20","30","30.99","1.549","https://saily.com/esim-united-kingdom/"
"uk","Airalo","uki-mobile-in-30days-20gb","20","30","31","1.55","https://www.airalo.com/united-kingdom-esim"
"uk","eSIM.dog","GREEN_GB_5CFB916122","40","180","64.99","1.625","https://esim.dog/gb"
"uk","eSIM.dog","BLACK_GB_500MB_10D","0.5","10","0.82","1.64","https://esim.dog/gb"
"uk","eSIM.dog","BLACK_GB_500MB_15D","0.5","15","0.84","1.68","https://esim.dog/gb"
"uk","eSIM.dog","BLACK_GB_500MB_20D","0.5","20","0.85","1.7","https://esim.dog/gb"
"uk","eSIM.dog","BLACK_GB_500MB_30D","0.5","30","0.86","1.72","https://esim.dog/gb"
"uk","Airalo","uki-mobile-in-7days-10gb","10","7","18","1.8","https://www.airalo.com/united-kingdom-esim"
"uk","Airalo","uki-mobile-plus-in-15days-20gb","20","15","36.5","1.825","https://www.airalo.com/united-kingdom-esim"
"uk","Airalo","uki-mobile-in-15days-10gb","10","15","18.5","1.85","https://www.airalo.com/united-kingdom-esim"
"uk","Saily","10GB / 30d","10","30","18.99","1.899","https://saily.com/esim-united-kingdom/"
"uk","Airalo","uki-mobile-in-30days-10gb","10","30","19","1.9","https://www.airalo.com/united-kingdom-esim"
"uk","Airalo","uki-mobile-plus-in-30days-20gb","20","30","38.5","1.925","https://www.airalo.com/united-kingdom-esim"
"uk","eSIM.dog","BLACK_GB_1GB_90D","1","90","1.94","1.94","https://esim.dog/gb"
"uk","eSIM.dog","BLACK_GB_2GB_90D","2","90","3.89","1.945","https://esim.dog/gb"
"uk","eSIM.dog","GREEN_GB_0EB928D1F6","5","365","9.74","1.948","https://esim.dog/gb"
"uk","eSIM.dog","PINK_GB_E9D9D6EC9E","1","1","1.99","1.99","https://esim.dog/gb"
"uk","eSIM.dog","BLACK_GB_1GB_2D","1","2","1.99","1.99","https://esim.dog/gb"
"uk","Airalo","uki-mobile-plus-in-7days-10gb","10","7","21.5","2.15","https://www.airalo.com/united-kingdom-esim"
"uk","eSIM.dog","GREEN_GB_6C86D351FA","40","365","89.49","2.237","https://esim.dog/gb"
"uk","Airalo","uki-mobile-plus-in-15days-10gb","10","15","22.5","2.25","https://www.airalo.com/united-kingdom-esim"
"uk","eSIM.dog","GREEN_GB_013CD33720","20","365","44.99","2.25","https://esim.dog/gb"
"uk","Airalo","uki-mobile-plus-in-30days-10gb","10","30","23.5","2.35","https://www.airalo.com/united-kingdom-esim"
"uk","Airalo","uki-mobile-in-7days-5gb","5","7","12","2.4","https://www.airalo.com/united-kingdom-esim"
"uk","Airalo","uki-mobile-in-15days-5gb","5","15","12.5","2.5","https://www.airalo.com/united-kingdom-esim"
"uk","Saily","5GB / 30d","5","30","12.99","2.598","https://saily.com/esim-united-kingdom/"
"uk","Airalo","uki-mobile-in-30days-5gb","5","30","13","2.6","https://www.airalo.com/united-kingdom-esim"
"uk","Airalo","uki-mobile-plus-in-7days-5gb","5","7","14","2.8","https://www.airalo.com/united-kingdom-esim"
"uk","Airalo","uki-mobile-in-3days-3gb","3","3","8.5","2.833","https://www.airalo.com/united-kingdom-esim"
"uk","eSIM.dog","BLACK_GB_500MB_1D","0.5","1","1.49","2.98","https://esim.dog/gb"
"uk","eSIM.dog","BLACK_GB_500MB_2D","0.5","2","1.49","2.98","https://esim.dog/gb"
"uk","Saily","3GB / 30d","3","30","8.99","2.997","https://saily.com/esim-united-kingdom/"
"uk","Airalo","uki-mobile-in-7days-3gb","3","7","9","3","https://www.airalo.com/united-kingdom-esim"
"uk","Airalo","uki-mobile-plus-in-15days-5gb","5","15","15","3","https://www.airalo.com/united-kingdom-esim"
"uk","eSIM.dog","PF527KUIR","0.49","1","1.49","3.041","https://esim.dog/gb"
"uk","eSIM.dog","PVIOSUZV2","0.49","7","1.49","3.041","https://esim.dog/gb"
"uk","Airalo","uki-mobile-plus-in-30days-5gb","5","30","15.5","3.1","https://www.airalo.com/united-kingdom-esim"
"uk","eSIM.dog","YELLOW_GB_2232E0E6DB","60","125","197.49","3.292","https://esim.dog/gb"
"uk","Airalo","uki-mobile-plus-in-3days-3gb","3","3","10","3.333","https://www.airalo.com/united-kingdom-esim"
"uk","Airalo","uki-mobile-in-3days-1gb","1","3","4","4","https://www.airalo.com/united-kingdom-esim"
"uk","Airalo","uki-mobile-plus-in-7days-3gb","3","7","12","4","https://www.airalo.com/united-kingdom-esim"
"uk","Saily","1GB / 7d","1","7","4.49","4.49","https://saily.com/esim-united-kingdom/"
"uk","Airalo","uki-mobile-plus-in-3days-1gb","1","3","5","5","https://www.airalo.com/united-kingdom-esim"
"uk","eSIM.dog","YELLOW_GB_FCFCAF96A9","0.49","3","2.49","5.082","https://esim.dog/gb"
"uk","eSIM.dog","YELLOW_GB_65291A3826","10","180","66.49","6.649","https://esim.dog/gb"
"uk","eSIM.dog","BLUE_GB_CADB41C1BA","1","365","7.99","7.99","https://esim.dog/gb"
"uk","eSIM.dog","YELLOW_GB_814393695A","0.29","3","2.49","8.586","https://esim.dog/gb"
"uk","eSIM.dog","BLACK_GB_100MB_30D","0.1","30","0.86","8.6","https://esim.dog/gb"
"uk","eSIM.dog","BLACK_GB_100MB_90D","0.1","90","0.98","9.8","https://esim.dog/gb"
"uk","eSIM.dog","PBV0LO9CW","0.1","7","1.49","14.9","https://esim.dog/gb"
"uk","eSIM.dog","BLACK_GB_100MB_1D","0.1","1","1.49","14.9","https://esim.dog/gb"
"uk","eSIM.dog","YELLOW_GB_3A99F86DF4","0.2","30","2.99","14.95","https://esim.dog/gb"
"usa","eSIM.dog","AMBER_US_50GB_1D_5B31C0D5D5","50","1","14.98","0.3","https://esim.dog/us"
"usa","eSIM.dog","AMBER_US_50GB_3D_0E696ADAD8","50","3","14.98","0.3","https://esim.dog/us"
"usa","eSIM.dog","PINK_1766557770485485_1","30","1","9.83","0.328","https://esim.dog/us"
"usa","eSIM.dog","PINK_1766557770485485_3","30","3","9.83","0.328","https://esim.dog/us"
"usa","eSIM.dog","AMBER_US_50GB_6D_EEF785D4EE","50","6","16.51","0.33","https://esim.dog/us"
"usa","eSIM.dog","AMBER_US_50GB_7D_C6EFFD887D","50","7","16.51","0.33","https://esim.dog/us"
"usa","eSIM.dog","PINK_1766557770485485_5","30","5","10.37","0.346","https://esim.dog/us"
"usa","eSIM.dog","AMBER_US_50GB_10D_C6589CA253","50","10","17.34","0.347","https://esim.dog/us"
"usa","eSIM.dog","PINK_1766557770625489_1","20","1","7.3","0.365","https://esim.dog/us"
"usa","eSIM.dog","PINK_1766557770625489_3","20","3","7.3","0.365","https://esim.dog/us"
"usa","eSIM.dog","PINK_1766557770485485_7","30","7","11.01","0.367","https://esim.dog/us"
"usa","Stellar","United States 100GB 60Days (USIP) + Free Stellar VPN","100","60","37.08","0.371","stellar feed"
"usa","Stellar","United States 100GB 60Days + Free Stellar VPN","100","60","37.08","0.371","stellar feed"
"usa","eSIM.dog","BLACK_US_40GB_1D","40","1","14.98","0.374","https://esim.dog/us"
"usa","eSIM.dog","AMBER_US_40GB_2D_32C02AC453","40","2","14.98","0.374","https://esim.dog/us"
"usa","Stellar","United States 48GB 20Days + Free Stellar VPN","48","20","18.34","0.382","stellar feed"
"usa","Stellar","United States 45GB 20Days + Free Stellar VPN","45","20","17.24","0.383","stellar feed"
"usa","eSIM.dog","AMBER_US_15GB_14D_A0E46F1B07","15","14","5.75","0.383","https://esim.dog/us"
"usa","eSIM.dog","PINK_1766557770414483_1","15","1","5.75","0.383","https://esim.dog/us"
"usa","eSIM.dog","PINK_1766557770414483_7","15","7","5.75","0.383","https://esim.dog/us"
"usa","eSIM.dog","AMBER_US_15GB_12D_E284F1CB41","15","12","5.75","0.383","https://esim.dog/us"
"usa","eSIM.dog","AMBER_US_15GB_20D_7178C721C6","15","20","5.75","0.383","https://esim.dog/us"
"usa","Stellar","United States 15GB 20Days + Free Stellar VPN","15","20","5.76","0.384","stellar feed"
"usa","eSIM.dog","PINK_1766557770625489_5","20","5","7.67","0.384","https://esim.dog/us"
"usa","Stellar","United States 42GB 20Days + Free Stellar VPN","42","20","16.15","0.385","stellar feed"
"usa","eSIM.dog","AMBER_US_4GB_1D_4FD3A9DCF4","4","1","1.54","0.385","https://esim.dog/us"
"usa","Stellar","United States 38GB 20Days + Free Stellar VPN","38","20","14.65","0.386","stellar feed"
"usa","Stellar","United States 35GB 20Days + Free Stellar VPN","35","20","13.54","0.387","stellar feed"
"usa","Stellar","United States 4GB 20Days + Free Stellar VPN","4","20","1.55","0.388","stellar feed"
"usa","eSIM.dog","PINK_1766557770485485_10","30","10","11.63","0.388","https://esim.dog/us"
"usa","Stellar","United States 32GB 20Days + Free Stellar VPN","32","20","12.44","0.389","stellar feed"
"usa","eSIM.dog","AMBER_US_40GB_4D_8F63BDA9E5","40","4","15.62","0.39","https://esim.dog/us"
"usa","eSIM.dog","AMBER_US_40GB_5D_49E480A1FD","40","5","15.62","0.39","https://esim.dog/us"
"usa","Stellar","United States 20GB 30Days (USIP) + Free Stellar VPN","20","30","7.92","0.396","stellar feed"
"usa","Stellar","United States 20GB 30Days + Free Stellar VPN","20","30","7.92","0.396","stellar feed"
"usa","eSIM.dog","AMBER_US_20GB_14D_E6D81C5C93","20","14","7.91","0.396","https://esim.dog/us"
"usa","eSIM.dog","AMBER_US_20GB_15D_C7F6D02730","20","15","7.91","0.396","https://esim.dog/us"
"usa","eSIM.dog","AMBER_US_20GB_21D_C2847E1147","20","21","7.91","0.396","https://esim.dog/us"
"usa","eSIM.dog","AMBER_US_20GB_30D_8842F6DE85","20","30","7.91","0.396","https://esim.dog/us"
"usa","eSIM.dog","PINK_1766557770625489_10","20","10","7.91","0.396","https://esim.dog/us"
"usa","eSIM.dog","AMBER_US_20GB_12D_CD90AB9428","20","12","7.91","0.396","https://esim.dog/us"
"usa","eSIM.dog","AMBER_US_20GB_20D_D721B4B111","20","20","7.91","0.396","https://esim.dog/us"
"usa","eSIM.dog","AMBER_US_20GB_25D_422E13E9E4","20","25","7.91","0.396","https://esim.dog/us"
"usa","eSIM.dog","AMBER_US_50GB_12D_3BAA99898B","50","12","19.87","0.397","https://esim.dog/us"
"usa","eSIM.dog","AMBER_US_50GB_14D_0DEB437D4F","50","14","19.87","0.397","https://esim.dog/us"
"usa","eSIM.dog","AMBER_US_50GB_15D_63238D16AE","50","15","19.87","0.397","https://esim.dog/us"
"usa","eSIM.dog","PINK_1766557770174477_1","10","1","3.98","0.398","https://esim.dog/us"
"usa","eSIM.dog","AMBER_US_40GB_10D_9BA57DD54B","40","10","16.13","0.403","https://esim.dog/us"
"usa","eSIM.dog","AMBER_US_40GB_15D_AB087B4DC3","40","15","16.13","0.403","https://esim.dog/us"
"usa","eSIM.dog","AMBER_US_30GB_14D_5A58D6F25B","30","14","12.19","0.406","https://esim.dog/us"
"usa","eSIM.dog","PINK_1766557770485485_12","30","12","12.19","0.406","https://esim.dog/us"
"usa","eSIM.dog","AMBER_US_30GB_15D_CF5E890D83","30","15","12.19","0.406","https://esim.dog/us"
"usa","eSIM.dog","PINK_1766557770174477_3","10","3","4.14","0.414","https://esim.dog/us"
"usa","eSIM.dog","AMBER_US_30GB_20D_80A9F49CE7","30","20","12.43","0.414","https://esim.dog/us"
"usa","eSIM.dog","PINK_1766557770174477_7","10","7","4.17","0.417","https://esim.dog/us"
"usa","eSIM.dog","PINK_1766557770174477_6","10","6","4.17","0.417","https://esim.dog/us"
"usa","eSIM.dog","PINK_1766557770174477_9","10","9","4.17","0.417","https://esim.dog/us"
"usa","eSIM.dog","AMBER_US_10GB_10D_FAF9A836EF","10","10","4.17","0.417","https://esim.dog/us"
"usa","Stellar","United States 10GB 10Days + Free Stellar VPN","10","10","4.18","0.418","stellar feed"
"usa","Stellar","United States 18GB 20Days + Free Stellar VPN","18","20","7.58","0.421","stellar feed"
"usa","Stellar","United States 18GB 30Days + Free Stellar VPN","18","30","7.58","0.421","stellar feed"
"usa","Stellar","United States 16GB 30Days + Free Stellar VPN","16","30","6.74","0.421","stellar feed"
"usa","Stellar","United States 14GB 30Days + Free Stellar VPN","14","30","5.91","0.422","stellar feed"
"usa","Stellar","United States 50GB 15Days (USIP) + Free Stellar VPN","50","15","21.2","0.424","stellar feed"
"usa","Stellar","United States 50GB 15Days + Free Stellar VPN","50","15","21.2","0.424","stellar feed"
"usa","eSIM.dog","PINK_US_807CAB21EA","50","20","21.21","0.424","https://esim.dog/us"
"usa","eSIM.dog","AMBER_US_50GB_21D_7EB1644AEE","50","21","21.21","0.424","https://esim.dog/us"
"usa","eSIM.dog","AMBER_US_50GB_25D_3FF88F49CC","50","25","21.21","0.424","https://esim.dog/us"
"usa","eSIM.dog","AMBER_US_50GB_30D_2C838B9741","50","30","21.21","0.424","https://esim.dog/us"
"usa","Stellar","United States 50GB 20Days + Free Stellar VPN","50","20","21.36","0.427","stellar feed"
"usa","Stellar","United States 12GB 30Days + Free Stellar VPN","12","30","5.13","0.427","stellar feed"
"usa","eSIM.dog","BLACK_US_12GB_1D","12","1","5.12","0.427","https://esim.dog/us"
"usa","eSIM.dog","BLACK_US_12GB_5D","12","5","5.12","0.427","https://esim.dog/us"
"usa","eSIM.dog","AMBER_US_12GB_10D_F345682AAC","12","10","5.12","0.427","https://esim.dog/us"
"usa","eSIM.dog","AMBER_US_12GB_15D_6452D43B69","12","15","5.12","0.427","https://esim.dog/us"
"usa","eSIM.dog","AMBER_US_12GB_30D_7B4DDD2927","12","30","5.12","0.427","https://esim.dog/us"
"usa","Stellar","United States 30GB 30Days + Free Stellar VPN","30","30","13.02","0.434","stellar feed"
"usa","eSIM.dog","PINK_1766557770485485_30","30","30","13.01","0.434","https://esim.dog/us"
"usa","eSIM.dog","BLACK_US_9GB_1D","9","1","3.98","0.442","https://esim.dog/us"
"usa","eSIM.dog","AMBER_US_15GB_30D_02C7866215","15","30","6.73","0.449","https://esim.dog/us"
"usa","eSIM.dog","PINK_1766557770414483_25","15","25","6.73","0.449","https://esim.dog/us"
"usa","Stellar","United States 12GB 20Days + Free Stellar VPN","12","20","5.45","0.454","stellar feed"
"usa","Stellar","United States 50GB 30Days (USIP) + Free Stellar VPN","50","30","22.78","0.456","stellar feed"
"usa","Stellar","United States 50GB 30Days + Free Stellar VPN","50","30","22.78","0.456","stellar feed"
"usa","eSIM.dog","BLACK_US_9GB_3D","9","3","4.14","0.46","https://esim.dog/us"
"usa","eSIM.dog","BLACK_US_9GB_10D","9","10","4.17","0.463","https://esim.dog/us"
"usa","eSIM.dog","BLACK_US_30GB_21D","30","21","13.9","0.463","https://esim.dog/us"
"usa","Stellar","United States 32GB 30Days + Free Stellar VPN","32","30","14.86","0.464","stellar feed"
"usa","Stellar","United States 48GB 30Days + Free Stellar VPN","48","30","22.66","0.472","stellar feed"
"usa","eSIM.dog","BLACK_US_10GB_14D","10","14","4.89","0.489","https://esim.dog/us"
"usa","eSIM.dog","PINK_1766557770174477_15","10","15","4.89","0.489","https://esim.dog/us"
"usa","eSIM.dog","PINK_1766557770174477_12","10","12","4.89","0.489","https://esim.dog/us"
"usa","eSIM.dog","BLACK_US_8GB_1D","8","1","3.98","0.497","https://esim.dog/us"
"usa","Stellar","United States 45GB 30Days + Free Stellar VPN","45","30","22.4","0.498","stellar feed"
"usa","eSIM.dog","PINK_1766557770341481_1","5","1","2.49","0.498","https://esim.dog/us"
"usa","eSIM.dog","PINK_1766557829128453_1","3","1","1.5","0.5","https://esim.dog/us"
"usa","Stellar","United States 38GB 30Days + Free Stellar VPN","38","30","19.05","0.501","stellar feed"
"usa","Stellar","United States 35GB 30Days + Free Stellar VPN","35","30","17.59","0.503","stellar feed"
"usa","Stellar","United States 100GB 10Days (USIP-FIFA) + Free Stellar VPN","100","10","50.47","0.505","stellar feed"
"usa","Stellar","United States 30GB 20Days + Free Stellar VPN","30","20","15.19","0.506","stellar feed"
"usa","eSIM.dog","BLACK_US_10GB_21D","10","21","5.1","0.51","https://esim.dog/us"
"usa","eSIM.dog","PINK_1766557770174477_30","10","30","5.1","0.51","https://esim.dog/us"
"usa","eSIM.dog","PINK_1766557770174477_20","10","20","5.1","0.51","https://esim.dog/us"
"usa","eSIM.dog","PINK_1766557770174477_25","10","25","5.1","0.51","https://esim.dog/us"
"usa","Stellar","United States 10GB 30Days (USIP) + Free Stellar VPN","10","30","5.11","0.511","stellar feed"
"usa","Stellar","United States 10GB 30Days + Free Stellar VPN","10","30","5.11","0.511","stellar feed"
"usa","eSIM.dog","BLACK_US_3GB_2D","3","2","1.54","0.513","https://esim.dog/us"
"usa","eSIM.dog","AMBER_US_3GB_3D_F52FABC7DD","3","3","1.54","0.513","https://esim.dog/us"
"usa","eSIM.dog","AMBER_US_3GB_5D_A6144AD034","3","5","1.54","0.513","https://esim.dog/us"
"usa","eSIM.dog","AMBER_US_3GB_6D_68A430E290","3","6","1.54","0.513","https://esim.dog/us"
"usa","eSIM.dog","AMBER_US_3GB_7D_ACDEC24A9C","3","7","1.54","0.513","https://esim.dog/us"
"usa","eSIM.dog","AMBER_US_3GB_10D_94D43E1D3D","3","10","1.54","0.513","https://esim.dog/us"
"usa","eSIM.dog","AMBER_US_3GB_12D_8A1EAA5AF7","3","12","1.54","0.513","https://esim.dog/us"
"usa","eSIM.dog","AMBER_US_3GB_14D_5B13358079","3","14","1.54","0.513","https://esim.dog/us"
"usa","eSIM.dog","AMBER_US_3GB_15D_4BA2D95472","3","15","1.54","0.513","https://esim.dog/us"
"usa","eSIM.dog","AMBER_US_3GB_20D_DF87AE4EC3","3","20","1.54","0.513","https://esim.dog/us"
"usa","eSIM.dog","BLACK_US_8GB_3D","8","3","4.14","0.517","https://esim.dog/us"
"usa","Stellar","United States 100MB 7Days + Free Stellar VPN","1","7","0.52","0.52","stellar feed"
"usa","Stellar","United States 500MB 7Days + Free Stellar VPN","1","7","0.52","0.52","stellar feed"
"usa","eSIM.dog","BLACK_US_8GB_5D","8","5","4.17","0.521","https://esim.dog/us"
"usa","eSIM.dog","BLACK_US_8GB_7D","8","7","4.17","0.521","https://esim.dog/us"
"usa","eSIM.dog","BLACK_US_8GB_9D","8","9","4.17","0.521","https://esim.dog/us"
"usa","eSIM.dog","BLACK_US_8GB_10D","8","10","4.17","0.521","https://esim.dog/us"
"usa","eSIM.dog","PINK_1766557770341481_3","5","3","2.64","0.528","https://esim.dog/us"
"usa","eSIM.dog","BLACK_US_40GB_25D","40","25","21.21","0.53","https://esim.dog/us"
"usa","eSIM.dog","AMBER_US_40GB_30D_1441CACF73","40","30","21.21","0.53","https://esim.dog/us"
"usa","eSIM.dog","BLACK_US_6GB_1D","6","1","3.19","0.532","https://esim.dog/us"
"usa","eSIM.dog","BLACK_US_6GB_15D","6","15","3.19","0.532","https://esim.dog/us"
"usa","eSIM.dog","AMBER_US_1GB_1D_5997ABE58E","1","1","0.54","0.54","https://esim.dog/us"
"usa","Stellar","United States 42GB 30Days + Free Stellar VPN","42","30","22.77","0.542","stellar feed"
"usa","eSIM.dog","BLACK_US_9GB_15D","9","15","4.89","0.543","https://esim.dog/us"
"usa","Stellar","United States 16GB 20Days + Free Stellar VPN","16","20","8.75","0.547","stellar feed"
"usa","Stellar","United States 14GB 20Days + Free Stellar VPN","14","20","7.67","0.548","stellar feed"
"usa","Stellar","United States 40GB 30Days + Free Stellar VPN","40","30","22.23","0.556","stellar feed"
"usa","eSIM.dog","PINK_1766557770341481_5","5","5","2.79","0.558","https://esim.dog/us"
"usa","Stellar","United States 5GB 5Days + Free Stellar VPN","5","5","2.8","0.56","stellar feed"
"usa","eSIM.dog","BLACK_US_9GB_30D","9","30","5.1","0.567","https://esim.dog/us"
"usa","Stellar","United States 9GB 30Days + Free Stellar VPN","9","30","5.11","0.568","stellar feed"
"usa","eSIM.dog","BLACK_US_7GB_1D","7","1","3.98","0.569","https://esim.dog/us"
"usa","Stellar","United States 9GB 20Days + Free Stellar VPN","9","20","5.13","0.57","stellar feed"
"usa","eSIM.dog","BLACK_US_15GB_90D","15","90","8.73","0.582","https://esim.dog/us"
"usa","Stellar","United States 15GB 90Days + Free Stellar VPN","15","90","8.74","0.583","stellar feed"
"usa","eSIM.dog","BLACK_US_50GB_60D","50","60","29.49","0.59","https://esim.dog/us"
"usa","eSIM.dog","BLACK_US_7GB_3D","7","3","4.14","0.591","https://esim.dog/us"
"usa","eSIM.dog","PINK_1766557770341481_7","5","7","2.96","0.592","https://esim.dog/us"
"usa","eSIM.dog","PINK_1766557770341481_6","5","6","2.96","0.592","https://esim.dog/us"
"usa","eSIM.dog","BLACK_US_7GB_10D","7","10","4.17","0.596","https://esim.dog/us"
"usa","eSIM.dog","PINK_1766557770341481_10","5","10","3.01","0.602","https://esim.dog/us"
"usa","Stellar","United States 5GB 10Days + Free Stellar VPN","5","10","3.02","0.604","stellar feed"
"usa","eSIM.dog","BLACK_US_8GB_12D","8","12","4.89","0.611","https://esim.dog/us"
"usa","eSIM.dog","BLACK_US_8GB_15D","8","15","4.89","0.611","https://esim.dog/us"
"usa","Stellar","United States 20GB 20Days (USIP) + Free Stellar VPN","20","20","12.31","0.616","stellar feed"
"usa","eSIM.dog","PINK_1766557828965451_1","2","1","1.24","0.62","https://esim.dog/us"
"usa","eSIM.dog","BLACK_US_8GB_20D","8","20","5.02","0.627","https://esim.dog/us"
"usa","eSIM.dog","BLACK_US_8GB_21D","8","21","5.02","0.627","https://esim.dog/us"
"usa","eSIM.dog","BLACK_US_8GB_25D","8","25","5.02","0.627","https://esim.dog/us"
"usa","eSIM.dog","BLACK_US_8GB_30D","8","30","5.02","0.627","https://esim.dog/us"
"usa","Stellar","United States 8GB 30Days + Free Stellar VPN","8","30","5.03","0.629","stellar feed"
"usa","eSIM.dog","BLACK_US_5GB_14D","5","14","3.16","0.632","https://esim.dog/us"
"usa","eSIM.dog","PINK_1766557770341481_15","5","15","3.16","0.632","https://esim.dog/us"
"usa","eSIM.dog","PINK_1766557770341481_12","5","12","3.16","0.632","https://esim.dog/us"
"usa","Stellar","United States 5GB 15Days + Free Stellar VPN","5","15","3.17","0.634","stellar feed"
"usa","Stellar","United States 10GB 20Days (USIP) + Free Stellar VPN","10","20","6.42","0.642","stellar feed"
"usa","eSIM.dog","BLACK_US_4GB_30D","4","30","2.57","0.642","https://esim.dog/us"
"usa","Stellar","United States 4GB 30Days + Free Stellar VPN","4","30","2.58","0.645","stellar feed"
"usa","eSIM.dog","BLACK_US_40GB_45D","40","45","25.88","0.647","https://esim.dog/us"
"usa","eSIM.dog","BLACK_US_15GB_21D","15","21","9.99","0.666","https://esim.dog/us"
"usa","eSIM.dog","PINK_1766557770341481_20","5","20","3.36","0.672","https://esim.dog/us"
"usa","Stellar","United States 5GB 20Days (USIP) + Free Stellar VPN","5","20","3.37","0.674","stellar feed"
"usa","eSIM.dog","BLACK_US_7GB_20D","7","20","4.72","0.674","https://esim.dog/us"
"usa","Stellar","United States 7GB 20Days + Free Stellar VPN","7","20","4.73","0.676","stellar feed"
"usa","eSIM.dog","BLACK_US_5GB_21D","5","21","3.42","0.684","https://esim.dog/us"
"usa","eSIM.dog","PINK_1766557770341481_25","5","25","3.42","0.684","https://esim.dog/us"
"usa","eSIM.dog","AMBER_US_1GB_3D_40EE226DF1","1","3","0.69","0.69","https://esim.dog/us"
"usa","Stellar","United States 20GB 90Days + Free Stellar VPN","20","90","13.82","0.691","stellar feed"
"usa","eSIM.dog","BLACK_US_20GB_80D","20","80","13.81","0.691","https://esim.dog/us"
"usa","eSIM.dog","P1HAXMKHP","20","90","13.81","0.691","https://esim.dog/us"
"usa","Stellar","United States 3GB 5Days + Free Stellar VPN","3","5","2.08","0.693","stellar feed"
"usa","eSIM.dog","PQ3H8XKLT","5","30","3.53","0.706","https://esim.dog/us"
"usa","Stellar","United States 5GB 30Days (USIP) + Free Stellar VPN","5","30","3.54","0.708","stellar feed"
"usa","Stellar","United States 5GB 30Days + Free Stellar VPN","5","30","3.54","0.708","stellar feed"
"usa","eSIM.dog","BLACK_US_3GB_21D","3","21","2.13","0.71","https://esim.dog/us"
"usa","eSIM.dog","BLACK_US_3GB_25D","3","25","2.13","0.71","https://esim.dog/us"
"usa","eSIM.dog","PM6JQ1YFD","3","30","2.13","0.71","https://esim.dog/us"
"usa","eSIM.dog","BLACK_US_50GB_90D","50","90","35.49","0.71","https://esim.dog/us"
"usa","Stellar","United States 3GB 30Days (USIP) + Free Stellar VPN","3","30","2.14","0.713","stellar feed"
"usa","Stellar","United States 3GB 30Days + Free Stellar VPN","3","30","2.14","0.713","stellar feed"
"usa","eSIM.dog","BLACK_US_7GB_30D","7","30","5.02","0.717","https://esim.dog/us"
"usa","Stellar","United States 7GB 30Days + Free Stellar VPN","7","30","5.03","0.719","stellar feed"
"usa","eSIM.dog","BLACK_US_6GB_20D","6","20","4.42","0.737","https://esim.dog/us"
"usa","Stellar","United States 6GB 20Days + Free Stellar VPN","6","20","4.43","0.738","stellar feed"
"usa","eSIM.dog","P3ICIKSE8","50","180","36.92","0.738","https://esim.dog/us"
"usa","Stellar","United States 50GB 180Days + Free Stellar VPN","50","180","36.93","0.739","stellar feed"
"usa","eSIM.dog","BLACK_US_1GB_5D","1","5","0.76","0.76","https://esim.dog/us"
"usa","eSIM.dog","PZ7QK2HLM","1","7","0.76","0.76","https://esim.dog/us"
"usa","Stellar","United States 1GB 7Days + Free Stellar VPN","1","7","0.77","0.77","stellar feed"
"usa","Stellar","United States 1GB 7Days (USIP) + Free Stellar VPN","1","7","0.77","0.77","stellar feed"
"usa","eSIM.dog","BLACK_US_2GB_14D","2","14","1.54","0.77","https://esim.dog/us"
"usa","eSIM.dog","BLACK_US_2GB_15D","2","15","1.54","0.77","https://esim.dog/us"
"usa","eSIM.dog","PINK_1766557770556487_5","2","5","1.54","0.77","https://esim.dog/us"
"usa","eSIM.dog","BLACK_US_2GB_7D","2","7","1.54","0.77","https://esim.dog/us"
"usa","eSIM.dog","BLACK_US_2GB_10D","2","10","1.54","0.77","https://esim.dog/us"
"usa","eSIM.dog","BLACK_US_2GB_12D","2","12","1.54","0.77","https://esim.dog/us"
"usa","eSIM.dog","PPP50VS4CM","100","10","78.99","0.79","https://esim.dog/us"
"usa","Stellar","United States 8GB 20Days + Free Stellar VPN","8","20","6.42","0.802","stellar feed"
"usa","eSIM.dog","BLACK_US_6GB_30D","6","30","4.94","0.823","https://esim.dog/us"
"usa","Airalo","change-in-30days-50gb","50","30","42","0.84","https://www.airalo.com/united-states-esim"
"usa","Stellar","United States 3GB 15Days (USIP) + Free Stellar VPN","3","15","2.53","0.843","stellar feed"
"usa","Stellar","United States 3GB 15Days + Free Stellar VPN","3","15","2.53","0.843","stellar feed"
"usa","Stellar","United States 40GB 20Days + Free Stellar VPN","40","20","33.88","0.847","stellar feed"
"usa","eSIM.dog","BLACK_US_2GB_21D","2","21","1.79","0.895","https://esim.dog/us"
"usa","eSIM.dog","BLACK_US_2GB_30D","2","30","1.79","0.895","https://esim.dog/us"
"usa","Stellar","United States 3GB 20Days + Free Stellar VPN","3","20","2.69","0.897","stellar feed"
"usa","Stellar","United States 2GB 30Days + Free Stellar VPN","2","30","1.8","0.9","stellar feed"
"usa","Stellar","United States 2GB 15Days + Free Stellar VPN","2","15","1.83","0.915","stellar feed"
"usa","Stellar","United States 2GB 20Days + Free Stellar VPN","2","20","1.85","0.925","stellar feed"
"usa","eSIM.dog","PINK_US_D58C922A17","10","365","9.65","0.965","https://esim.dog/us"
"usa","eSIM.dog","BLACK_US_30GB_90D","30","90","29.27","0.976","https://esim.dog/us"
"usa","eSIM.dog","BLACK_US_1GB_14D","1","14","0.98","0.98","https://esim.dog/us"
"usa","eSIM.dog","BLACK_US_1GB_21D","1","21","0.98","0.98","https://esim.dog/us"
"usa","eSIM.dog","BLACK_US_1GB_30D","1","30","0.98","0.98","https://esim.dog/us"
"usa","eSIM.dog","BLACK_US_1GB_15D","1","15","0.98","0.98","https://esim.dog/us"
"usa","eSIM.dog","BLACK_US_1GB_20D","1","20","0.98","0.98","https://esim.dog/us"
"usa","Stellar","United States 1GB 30Days + Free Stellar VPN","1","30","0.99","0.99","stellar feed"
"usa","Stellar","United States 5GB 21Days + Free Stellar VPN","5","21","4.98","0.996","stellar feed"
"usa","Stellar","United States 15GB 30Days + Free Stellar VPN","15","30","15.38","1.025","stellar feed"
"usa","Stellar","United States 15GB 30Days + Free Stellar VPN","15","30","15.38","1.025","stellar feed"
"usa","Stellar","United States 3GB 1Days + Free Stellar VPN","3","1","3.2","1.067","stellar feed"
"usa","Airalo","change-plus-30days-50gb","50","30","59","1.18","https://www.airalo.com/united-states-esim"
"usa","eSIM.dog","BLACK_US_500MB_3D","0.5","3","0.66","1.32","https://esim.dog/us"
"usa","eSIM.dog","BLACK_US_500MB_5D","0.5","5","0.68","1.36","https://esim.dog/us"
"usa","eSIM.dog","BLACK_US_5GB_45D","5","45","6.8","1.36","https://esim.dog/us"
"usa","eSIM.dog","BLACK_US_5GB_60D","5","60","6.8","1.36","https://esim.dog/us"
"usa","eSIM.dog","BLACK_US_5GB_90D","5","90","6.8","1.36","https://esim.dog/us"
"usa","eSIM.dog","BLACK_US_500MB_7D","0.5","7","0.69","1.38","https://esim.dog/us"
"usa","eSIM.dog","P9BAB5V03","0.49","7","0.69","1.408","https://esim.dog/us"
"usa","eSIM.dog","GREEN_US_B28E6A2026","80","365","119.49","1.494","https://esim.dog/us"
"usa","Stellar","United States 5GB 45Days + Free Stellar VPN","5","45","7.49","1.498","stellar feed"
"usa","Stellar","United States 5GB 60Days + Free Stellar VPN","5","60","7.49","1.498","stellar feed"
"usa","eSIM.dog","GREEN_US_4D6AF5BD08","40","180","64.99","1.625","https://esim.dog/us"
"usa","eSIM.dog","BLACK_US_3GB_90D","3","90","5.1","1.7","https://esim.dog/us"
"usa","Airalo","change-in-15days-20gb","20","15","36","1.8","https://www.airalo.com/united-states-esim"
"usa","Airalo","change-in-30days-20gb","20","30","36.5","1.825","https://www.airalo.com/united-states-esim"
"usa","eSIM.dog","GREEN_US_CA63406411","5","365","9.65","1.93","https://esim.dog/us"
"usa","eSIM.dog","BLACK_US_1GB_90D","1","90","1.94","1.94","https://esim.dog/us"
"usa","eSIM.dog","BLACK_US_2GB_90D","2","90","3.89","1.945","https://esim.dog/us"
"usa","eSIM.dog","BLACK_US_500MB_30D","0.5","30","0.98","1.96","https://esim.dog/us"
"usa","Airalo","change-in-7days-10gb","10","7","21.5","2.15","https://www.airalo.com/united-states-esim"
"usa","Stellar","United States 6GB 30Days + Free Stellar VPN","6","30","12.98","2.163","stellar feed"
"usa","Airalo","change-in-15days-10gb","10","15","22","2.2","https://www.airalo.com/united-states-esim"
"usa","eSIM.dog","GREEN_US_96DDE7AECD","40","365","89.49","2.237","https://esim.dog/us"
"usa","Airalo","change-in-30days-10gb","10","30","22.5","2.25","https://www.airalo.com/united-states-esim"
"usa","Airalo","change-plus-15days-20gb","20","15","45","2.25","https://www.airalo.com/united-states-esim"
"usa","eSIM.dog","GREEN_US_CFFD015CDC","20","365","44.99","2.25","https://esim.dog/us"
"usa","Airalo","change-plus-30days-20gb","20","30","47","2.35","https://www.airalo.com/united-states-esim"
"usa","Airalo","change-in-7days-5gb","5","7","12.5","2.5","https://www.airalo.com/united-states-esim"
"usa","Airalo","change-in-15days-5gb","5","15","13","2.6","https://www.airalo.com/united-states-esim"
"usa","Airalo","change-in-30days-5gb","5","30","13.5","2.7","https://www.airalo.com/united-states-esim"
"usa","Stellar","United States 15GB 15Days + Free Stellar VPN","15","15","40.65","2.71","stellar feed"
"usa","Airalo","change-plus-7days-10gb","10","7","28","2.8","https://www.airalo.com/united-states-esim"
"usa","Airalo","change-in-3days-3gb","3","3","8.5","2.833","https://www.airalo.com/united-states-esim"
"usa","Airalo","change-plus-15days-10gb","10","15","29","2.9","https://www.airalo.com/united-states-esim"
"usa","Airalo","change-in-7days-3gb","3","7","9","3","https://www.airalo.com/united-states-esim"
"usa","Airalo","change-plus-30days-10gb","10","30","30","3","https://www.airalo.com/united-states-esim"
"usa","eSIM.dog","YELLOW_US_4AF14D4A09","60","125","197.49","3.292","https://esim.dog/us"
"usa","Airalo","change-plus-7days-5gb","5","7","17","3.4","https://www.airalo.com/united-states-esim"
"usa","Airalo","change-plus-15days-5gb","5","15","18","3.6","https://www.airalo.com/united-states-esim"
"usa","Airalo","change-plus-3days-3gb","3","3","11","3.667","https://www.airalo.com/united-states-esim"
"usa","Airalo","change-plus-30days-5gb","5","30","19","3.8","https://www.airalo.com/united-states-esim"
"usa","eSIM.dog","BLACK_US_500MB_1D","0.5","1","1.99","3.98","https://esim.dog/us"
"usa","Airalo","change-in-3days-1gb","1","3","4","4","https://www.airalo.com/united-states-esim"
"usa","Airalo","change-plus-7days-3gb","3","7","12","4","https://www.airalo.com/united-states-esim"
"usa","eSIM.dog","PINK_1766557828789449_1","0.49","1","1.99","4.061","https://esim.dog/us"
"usa","Airalo","change-plus-3days-1gb","1","3","6","6","https://www.airalo.com/united-states-esim"
"usa","eSIM.dog","BLUE_US_2E3EFB7833","1","365","7.99","7.99","https://esim.dog/us"
"usa","eSIM.dog","YELLOW_US_402F391506","0.29","3","2.49","8.586","https://esim.dog/us"
"usa","eSIM.dog","BLACK_US_100MB_90D","0.1","90","0.98","9.8","https://esim.dog/us"
"usa","eSIM.dog","BLACK_US_100MB_1D","0.1","1","1.49","14.9","https://esim.dog/us"
"usa","eSIM.dog","YELLOW_US_AAFB6E8FBA","0.2","30","2.99","14.95","https://esim.dog/us"
"vietnam","eSIM.dog","AMBER_VN_40GB_1D_0BBC899B01","40","1","6.11","0.153","https://esim.dog/vn"
"vietnam","eSIM.dog","AMBER_VN_40GB_2D_0164EBABC8","40","2","6.11","0.153","https://esim.dog/vn"
"vietnam","eSIM.dog","AMBER_VN_40GB_3D_ECEF5EA03A","40","3","6.11","0.153","https://esim.dog/vn"
"vietnam","eSIM.dog","AMBER_VN_40GB_5D_80397DFD04","40","5","6.11","0.153","https://esim.dog/vn"
"vietnam","eSIM.dog","AMBER_VN_50GB_1D_CA33A86AC8","50","1","7.79","0.156","https://esim.dog/vn"
"vietnam","eSIM.dog","AMBER_VN_50GB_3D_DFB4180F72","50","3","7.87","0.157","https://esim.dog/vn"
"vietnam","eSIM.dog","AMBER_VN_30GB_1D_52C4EA1879","30","1","5.79","0.193","https://esim.dog/vn"
"vietnam","eSIM.dog","AMBER_VN_30GB_3D_8D0CFD3172","30","3","5.79","0.193","https://esim.dog/vn"
"vietnam","eSIM.dog","AMBER_VN_30GB_5D_2B5B3ED008","30","5","5.79","0.193","https://esim.dog/vn"
"vietnam","eSIM.dog","AMBER_VN_40GB_9D_3D167EE398","40","9","7.79","0.195","https://esim.dog/vn"
"vietnam","eSIM.dog","AMBER_VN_50GB_5D_23210A6193","50","5","9.99","0.2","https://esim.dog/vn"
"vietnam","eSIM.dog","AMBER_VN_30GB_7D_8D08BF9B40","30","7","6.11","0.204","https://esim.dog/vn"
"vietnam","eSIM.dog","AMBER_VN_30GB_10D_A133A35C65","30","10","6.11","0.204","https://esim.dog/vn"
"vietnam","eSIM.dog","AMBER_VN_50GB_7D_F49EA4E0C6","50","7","10.89","0.218","https://esim.dog/vn"
"vietnam","eSIM.dog","AMBER_VN_50GB_10D_CDA6E70E41","50","10","10.89","0.218","https://esim.dog/vn"
"vietnam","eSIM.dog","AMBER_VN_50GB_6D_705B1D8732","50","6","11.99","0.24","https://esim.dog/vn"
"vietnam","eSIM.dog","AMBER_VN_20GB_1D_1766FF9E79","20","1","4.95","0.247","https://esim.dog/vn"
"vietnam","eSIM.dog","AMBER_VN_20GB_3D_F930A717D0","20","3","4.95","0.247","https://esim.dog/vn"
"vietnam","eSIM.dog","AMBER_VN_20GB_5D_356E19DB90","20","5","5.41","0.271","https://esim.dog/vn"
"vietnam","eSIM.dog","AMBER_VN_50GB_12D_D6174E5EA8","50","12","14.44","0.289","https://esim.dog/vn"
"vietnam","eSIM.dog","AMBER_VN_50GB_14D_7A30F57989","50","14","14.44","0.289","https://esim.dog/vn"
"vietnam","eSIM.dog","AMBER_VN_50GB_15D_5837B4FFD5","50","15","14.44","0.289","https://esim.dog/vn"
"vietnam","eSIM.dog","AMBER_VN_50GB_20D_E1B98B719E","50","20","14.61","0.292","https://esim.dog/vn"
"vietnam","eSIM.dog","AMBER_VN_50GB_21D_D406C1B3EF","50","21","14.61","0.292","https://esim.dog/vn"
"vietnam","eSIM.dog","AMBER_VN_50GB_25D_1BA940306F","50","25","14.61","0.292","https://esim.dog/vn"
"vietnam","eSIM.dog","AMBER_VN_50GB_30D_83C09A9D7B","50","30","14.61","0.292","https://esim.dog/vn"
"vietnam","eSIM.dog","AMBER_VN_20GB_7D_853AB183E1","20","7","5.86","0.293","https://esim.dog/vn"
"vietnam","eSIM.dog","BLACK_VN_10GB_1D","10","1","2.99","0.299","https://esim.dog/vn"
"vietnam","eSIM.dog","PINK_VN_A0F7FEB162","10","3","2.99","0.299","https://esim.dog/vn"
"vietnam","eSIM.dog","AMBER_VN_20GB_10D_396395DD60","20","10","6.11","0.305","https://esim.dog/vn"
"vietnam","eSIM.dog","AMBER_VN_20GB_12D_B78AB0C19C","20","12","6.13","0.306","https://esim.dog/vn"
"vietnam","eSIM.dog","AMBER_VN_20GB_14D_7724AD8C63","20","14","6.13","0.306","https://esim.dog/vn"
"vietnam","eSIM.dog","AMBER_VN_20GB_15D_93819F90D8","20","15","6.13","0.306","https://esim.dog/vn"
"vietnam","eSIM.dog","AMBER_VN_20GB_20D_973D9FCCA2","20","20","6.13","0.306","https://esim.dog/vn"
"vietnam","eSIM.dog","AMBER_VN_20GB_21D_736C76AF0B","20","21","6.13","0.306","https://esim.dog/vn"
"vietnam","eSIM.dog","AMBER_VN_20GB_25D_53BF7B9C3A","20","25","6.13","0.306","https://esim.dog/vn"
"vietnam","eSIM.dog","AMBER_VN_20GB_30D_3483770B36","20","30","6.13","0.306","https://esim.dog/vn"
"vietnam","eSIM.dog","AMBER_VN_30GB_12D_5100D16AAC","30","12","9.26","0.309","https://esim.dog/vn"
"vietnam","eSIM.dog","AMBER_VN_30GB_14D_249E7B693D","30","14","9.26","0.309","https://esim.dog/vn"
"vietnam","eSIM.dog","AMBER_VN_30GB_15D_E9A91477EA","30","15","9.26","0.309","https://esim.dog/vn"
"vietnam","eSIM.dog","AMBER_VN_2GB_1D_A4774AE53E","2","1","0.62","0.31","https://esim.dog/vn"
"vietnam","eSIM.dog","PINK_VN_C22C4D24F5","10","5","3.17","0.317","https://esim.dog/vn"
"vietnam","eSIM.dog","BLACK_VN_5GB_1D","5","1","1.62","0.324","https://esim.dog/vn"
"vietnam","eSIM.dog","AMBER_VN_5GB_3D_8CD277AFA1","5","3","1.62","0.324","https://esim.dog/vn"
"vietnam","eSIM.dog","BLACK_VN_15GB_1D","15","1","4.95","0.33","https://esim.dog/vn"
"vietnam","eSIM.dog","BLACK_VN_15GB_3D","15","3","4.95","0.33","https://esim.dog/vn"
"vietnam","eSIM.dog","AMBER_VN_30GB_20D_A1A3E562B5","30","20","9.92","0.331","https://esim.dog/vn"
"vietnam","eSIM.dog","AMBER_VN_30GB_21D_B65BEB64AB","30","21","9.92","0.331","https://esim.dog/vn"
"vietnam","eSIM.dog","AMBER_VN_30GB_30D_EA78B261E2","30","30","9.92","0.331","https://esim.dog/vn"
"vietnam","eSIM.dog","BLACK_VN_9GB_1D","9","1","2.99","0.332","https://esim.dog/vn"
"vietnam","eSIM.dog","BLACK_VN_9GB_3D","9","3","2.99","0.332","https://esim.dog/vn"
"vietnam","eSIM.dog","PINK_VN_3B17D67F75","10","7","3.39","0.339","https://esim.dog/vn"
"vietnam","eSIM.dog","BLACK_VN_7GB_1D","7","1","2.49","0.356","https://esim.dog/vn"
"vietnam","eSIM.dog","PINK_VN_BB59F5043C","10","10","3.61","0.361","https://esim.dog/vn"
"vietnam","eSIM.dog","PINK_1766557876240717_5","15","5","5.41","0.361","https://esim.dog/vn"
"vietnam","eSIM.dog","AMBER_VN_40GB_15D_7275EF9086","40","15","14.44","0.361","https://esim.dog/vn"
"vietnam","eSIM.dog","AMBER_VN_40GB_30D_A25F7C2C73","40","30","14.61","0.365","https://esim.dog/vn"
"vietnam","eSIM.dog","AMBER_VN_5GB_5D_0E46C8D234","5","5","1.83","0.366","https://esim.dog/vn"
"vietnam","eSIM.dog","BLACK_VN_8GB_1D","8","1","2.99","0.374","https://esim.dog/vn"
"vietnam","eSIM.dog","BLACK_VN_8GB_3D","8","3","2.99","0.374","https://esim.dog/vn"
"vietnam","eSIM.dog","BLACK_VN_9GB_7D","9","7","3.39","0.377","https://esim.dog/vn"
"vietnam","eSIM.dog","BLACK_VN_10GB_12D","10","12","3.84","0.384","https://esim.dog/vn"
"vietnam","eSIM.dog","BLACK_VN_10GB_14D","10","14","3.84","0.384","https://esim.dog/vn"
"vietnam","eSIM.dog","BLACK_VN_10GB_15D","10","15","3.84","0.384","https://esim.dog/vn"
"vietnam","Stellar","Vietnam 10GB 20Days + Free Stellar VPN","10","20","3.9","0.39","stellar feed"
"vietnam","Stellar","Vietnam 10GB 30Days + Free Stellar VPN","10","30","3.91","0.391","stellar feed"
"vietnam","Stellar","Vietnam 10GB 30Days (nonhkip) + Free Stellar VPN","10","30","3.91","0.391","stellar feed"
"vietnam","eSIM.dog","PINK_1766557876240717_7","15","7","5.86","0.391","https://esim.dog/vn"
"vietnam","eSIM.dog","BLACK_VN_10GB_20D","10","20","3.92","0.392","https://esim.dog/vn"
"vietnam","eSIM.dog","BLACK_VN_10GB_21D","10","21","3.93","0.393","https://esim.dog/vn"
"vietnam","eSIM.dog","BLACK_VN_10GB_25D","10","25","3.93","0.393","https://esim.dog/vn"
"vietnam","eSIM.dog","BLACK_VN_10GB_30D","10","30","3.93","0.393","https://esim.dog/vn"
"vietnam","Stellar","Vietnam 15GB 20Days + Free Stellar VPN","15","20","5.95","0.397","stellar feed"
"vietnam","eSIM.dog","PINK_1766557876240717_10","15","10","5.96","0.397","https://esim.dog/vn"
"vietnam","eSIM.dog","BLACK_VN_15GB_12D","15","12","5.96","0.397","https://esim.dog/vn"
"vietnam","eSIM.dog","BLACK_VN_15GB_14D","15","14","5.96","0.397","https://esim.dog/vn"
"vietnam","eSIM.dog","PINK_1766557876240717_15","15","15","5.96","0.397","https://esim.dog/vn"
"vietnam","eSIM.dog","BLACK_VN_15GB_20D","15","20","5.96","0.397","https://esim.dog/vn"
"vietnam","eSIM.dog","BLACK_VN_9GB_10D","9","10","3.61","0.401","https://esim.dog/vn"
"vietnam","eSIM.dog","BLACK_VN_4GB_1D","4","1","1.62","0.405","https://esim.dog/vn"
"vietnam","eSIM.dog","BLACK_VN_15GB_21D","15","21","6.13","0.409","https://esim.dog/vn"
"vietnam","eSIM.dog","BLACK_VN_15GB_30D","15","30","6.13","0.409","https://esim.dog/vn"
"vietnam","eSIM.dog","AMBER_VN_5GB_6D_F9E3E6C603","5","6","2.06","0.412","https://esim.dog/vn"
"vietnam","eSIM.dog","AMBER_VN_5GB_7D_7D0518381B","5","7","2.06","0.412","https://esim.dog/vn"
"vietnam","eSIM.dog","BLACK_VN_12GB_1D","12","1","4.95","0.413","https://esim.dog/vn"
"vietnam","eSIM.dog","BLACK_VN_12GB_3D","12","3","4.95","0.413","https://esim.dog/vn"
"vietnam","Stellar","Vietnam 3GB 1Days + Free Stellar VPN","3","1","1.26","0.42","stellar feed"
"vietnam","eSIM.dog","BLACK_VN_8GB_7D","8","7","3.39","0.424","https://esim.dog/vn"
"vietnam","eSIM.dog","PINK_VN_D6B7384338","3","1","1.28","0.427","https://esim.dog/vn"
"vietnam","eSIM.dog","PINK_VN_EE91E19617","3","3","1.28","0.427","https://esim.dog/vn"
"vietnam","eSIM.dog","BLACK_VN_7GB_3D","7","3","2.99","0.427","https://esim.dog/vn"
"vietnam","eSIM.dog","BLACK_VN_9GB_15D","9","15","3.84","0.427","https://esim.dog/vn"
"vietnam","Stellar","Vietnam 9GB 30Days + Free Stellar VPN","9","30","3.9","0.433","stellar feed"
"vietnam","eSIM.dog","BLACK_VN_9GB_30D","9","30","3.92","0.436","https://esim.dog/vn"
"vietnam","Stellar","Vietnam 5GB 10Days + Free Stellar VPN","5","10","2.24","0.448","stellar feed"
"vietnam","eSIM.dog","BLACK_VN_8GB_10D","8","10","3.61","0.451","https://esim.dog/vn"
"vietnam","eSIM.dog","BLACK_VN_12GB_5D","12","5","5.41","0.451","https://esim.dog/vn"
"vietnam","eSIM.dog","PINK_VN_2C9A329032","5","10","2.26","0.452","https://esim.dog/vn"
"vietnam","eSIM.dog","BLACK_VN_7GB_5D","7","5","3.17","0.453","https://esim.dog/vn"
"vietnam","Stellar","Vietnam 12GB 30Days + Free Stellar VPN","12","30","5.45","0.454","stellar feed"
"vietnam","eSIM.dog","BLACK_VN_12GB_30D","12","30","5.46","0.455","https://esim.dog/vn"
"vietnam","Stellar","Vietnam 20GB 20Days + Free Stellar VPN","20","20","9.16","0.458","stellar feed"
"vietnam","eSIM.dog","BLACK_VN_4GB_5D","4","5","1.83","0.458","https://esim.dog/vn"
"vietnam","Stellar","Vietnam 20GB 30Days + Free Stellar VPN","20","30","9.23","0.462","stellar feed"
"vietnam","Stellar","Vietnam 18GB 20Days + Free Stellar VPN","18","20","8.35","0.464","stellar feed"
"vietnam","Stellar","Vietnam 18GB 30Days + Free Stellar VPN","18","30","8.35","0.464","stellar feed"
"vietnam","Stellar","Vietnam 16GB 20Days + Free Stellar VPN","16","20","7.48","0.468","stellar feed"
"vietnam","Stellar","Vietnam 16GB 30Days + Free Stellar VPN","16","30","7.48","0.468","stellar feed"
"vietnam","Stellar","Vietnam 15GB 30Days + Free Stellar VPN","15","30","7.05","0.47","stellar feed"
"vietnam","Stellar","Vietnam 14GB 20Days + Free Stellar VPN","14","20","6.61","0.472","stellar feed"
"vietnam","Stellar","Vietnam 14GB 30Days + Free Stellar VPN","14","30","6.61","0.472","stellar feed"
"vietnam","Stellar","Vietnam 3GB 5Days + Free Stellar VPN","3","5","1.43","0.477","stellar feed"
"vietnam","Stellar","Vietnam 12GB 20Days + Free Stellar VPN","12","20","5.75","0.479","stellar feed"
"vietnam","eSIM.dog","BLACK_VN_8GB_12D","8","12","3.84","0.48","https://esim.dog/vn"
"vietnam","eSIM.dog","BLACK_VN_8GB_15D","8","15","3.84","0.48","https://esim.dog/vn"
"vietnam","eSIM.dog","PINK_VN_F6E97E2EF7","3","5","1.45","0.483","https://esim.dog/vn"
"vietnam","eSIM.dog","BLACK_VN_7GB_7D","7","7","3.39","0.484","https://esim.dog/vn"
"vietnam","Stellar","Vietnam 8GB 20Days + Free Stellar VPN","8","20","3.9","0.487","stellar feed"
"vietnam","Stellar","Vietnam 8GB 30Days + Free Stellar VPN","8","30","3.9","0.487","stellar feed"
"vietnam","eSIM.dog","BLACK_VN_8GB_20D","8","20","3.92","0.49","https://esim.dog/vn"
"vietnam","eSIM.dog","BLACK_VN_8GB_25D","8","25","3.92","0.49","https://esim.dog/vn"
"vietnam","eSIM.dog","BLACK_VN_8GB_30D","8","30","3.92","0.49","https://esim.dog/vn"
"vietnam","Stellar","Vietnam 5GB 15Days + Free Stellar VPN","5","15","2.46","0.492","stellar feed"
"vietnam","eSIM.dog","BLACK_VN_5GB_12D","5","12","2.47","0.494","https://esim.dog/vn"
"vietnam","eSIM.dog","BLACK_VN_5GB_14D","5","14","2.47","0.494","https://esim.dog/vn"
"vietnam","eSIM.dog","PINK_VN_0506DD10B2","5","15","2.47","0.494","https://esim.dog/vn"
"vietnam","eSIM.dog","BLACK_VN_10GB_6D","10","6","4.99","0.499","https://esim.dog/vn"
"vietnam","eSIM.dog","BLACK_VN_4GB_7D","4","7","2.06","0.515","https://esim.dog/vn"
"vietnam","eSIM.dog","BLACK_VN_7GB_10D","7","10","3.61","0.516","https://esim.dog/vn"
"vietnam","Stellar","Vietnam 7GB 30Days + Free Stellar VPN","7","30","3.63","0.519","stellar feed"
"vietnam","eSIM.dog","BLACK_VN_7GB_30D","7","30","3.64","0.52","https://esim.dog/vn"
"vietnam","Stellar","Vietnam 9GB 20Days + Free Stellar VPN","9","20","4.73","0.526","stellar feed"
"vietnam","Stellar","Vietnam 5GB 20Days + Free Stellar VPN","5","20","2.7","0.54","stellar feed"
"vietnam","Stellar","Vietnam 5GB 30Days (nonhkip) + Free Stellar VPN","5","30","2.7","0.54","stellar feed"
"vietnam","Stellar","Vietnam 5GB 30Days + Free Stellar VPN","5","30","2.7","0.54","stellar feed"
"vietnam","eSIM.dog","PINK_VN_E1B0A29635","3","7","1.62","0.54","https://esim.dog/vn"
"vietnam","eSIM.dog","BLACK_VN_5GB_20D","5","20","2.71","0.542","https://esim.dog/vn"
"vietnam","eSIM.dog","BLACK_VN_5GB_21D","5","21","2.71","0.542","https://esim.dog/vn"
"vietnam","eSIM.dog","BLACK_VN_5GB_25D","5","25","2.71","0.542","https://esim.dog/vn"
"vietnam","eSIM.dog","PINK_VN_245A5C005B","5","30","2.71","0.542","https://esim.dog/vn"
"vietnam","eSIM.dog","BLACK_VN_50GB_45D","50","45","27.28","0.546","https://esim.dog/vn"
"vietnam","eSIM.dog","PINK_VN_20489D0976","3","10","1.65","0.55","https://esim.dog/vn"
"vietnam","eSIM.dog","BLACK_VN_3GB_12D","3","12","1.65","0.55","https://esim.dog/vn"
"vietnam","eSIM.dog","BLACK_VN_3GB_14D","3","14","1.65","0.55","https://esim.dog/vn"
"vietnam","eSIM.dog","PINK_VN_011A464175","3","15","1.65","0.55","https://esim.dog/vn"
"vietnam","eSIM.dog","AMBER_VN_3GB_20D_D6FCD611A3","3","20","1.65","0.55","https://esim.dog/vn"
"vietnam","eSIM.dog","AMBER_VN_3GB_21D_A1E5EFBF18","3","21","1.65","0.55","https://esim.dog/vn"
"vietnam","eSIM.dog","AMBER_VN_3GB_25D_5668F9EFD4","3","25","1.65","0.55","https://esim.dog/vn"
"vietnam","eSIM.dog","AMBER_VN_3GB_30D_ABEF4907F5","3","30","1.65","0.55","https://esim.dog/vn"
"vietnam","Stellar","Vietnam 3GB 30Days + Free Stellar VPN","3","30","1.66","0.553","stellar feed"
"vietnam","eSIM.dog","BLACK_VN_4GB_10D","4","10","2.26","0.565","https://esim.dog/vn"
"vietnam","eSIM.dog","BLACK_VN_50GB_80D","50","80","28.42","0.568","https://esim.dog/vn"
"vietnam","eSIM.dog","BLACK_VN_50GB_90D","50","90","28.42","0.568","https://esim.dog/vn"
"vietnam","eSIM.dog","PINK_VN_B61E68675C","1","1","0.58","0.58","https://esim.dog/vn"
"vietnam","eSIM.dog","YELLOW_VN_285B5DEC51","100","180","59.89","0.599","https://esim.dog/vn"
"vietnam","eSIM.dog","BLACK_VN_4GB_15D","4","15","2.47","0.618","https://esim.dog/vn"
"vietnam","Stellar","Vietnam 7GB 20Days + Free Stellar VPN","7","20","4.34","0.62","stellar feed"
"vietnam","eSIM.dog","BLACK_VN_8GB_5D","8","5","4.99","0.624","https://esim.dog/vn"
"vietnam","eSIM.dog","BLACK_VN_20GB_80D","20","80","12.49","0.625","https://esim.dog/vn"
"vietnam","eSIM.dog","BLACK_VN_20GB_90D","20","90","12.49","0.625","https://esim.dog/vn"
"vietnam","Stellar","Vietnam 20GB 30Days (nonhkip) + Free Stellar VPN","20","30","12.52","0.626","stellar feed"
"vietnam","eSIM.dog","BLACK_VN_2GB_3D","2","3","1.28","0.64","https://esim.dog/vn"
"vietnam","eSIM.dog","BLACK_VN_4GB_30D","4","30","2.71","0.677","https://esim.dog/vn"
"vietnam","Stellar","Vietnam 6GB 20Days + Free Stellar VPN","6","20","4.13","0.688","stellar feed"
"vietnam","Stellar","Vietnam 6GB 30Days + Free Stellar VPN","6","30","4.13","0.688","stellar feed"
"vietnam","Stellar","Vietnam 1GB 7Days (nonhkip) + Free Stellar VPN","1","7","0.69","0.69","stellar feed"
"vietnam","Stellar","Vietnam 1GB 7Days + Free Stellar VPN","1","7","0.69","0.69","stellar feed"
"vietnam","Stellar","Vietnam 3GB 15Days + Free Stellar VPN","3","15","2.1","0.7","stellar feed"
"vietnam","eSIM.dog","BLACK_VN_1GB_2D","1","2","0.71","0.71","https://esim.dog/vn"
"vietnam","eSIM.dog","BLACK_VN_1GB_3D","1","3","0.71","0.71","https://esim.dog/vn"
"vietnam","eSIM.dog","BLACK_VN_1GB_4D","1","4","0.71","0.71","https://esim.dog/vn"
"vietnam","eSIM.dog","BLACK_VN_1GB_5D","1","5","0.71","0.71","https://esim.dog/vn"
"vietnam","eSIM.dog","BLACK_VN_1GB_6D","1","6","0.71","0.71","https://esim.dog/vn"
"vietnam","eSIM.dog","BLACK_VN_1GB_7D","1","7","0.71","0.71","https://esim.dog/vn"
"vietnam","eSIM.dog","BLACK_VN_40GB_90D","40","90","28.42","0.711","https://esim.dog/vn"
"vietnam","eSIM.dog","BLACK_VN_2GB_5D","2","5","1.45","0.725","https://esim.dog/vn"
"vietnam","Stellar","Vietnam 50GB 30Days + Free Stellar VPN","50","30","36.41","0.728","stellar feed"
"vietnam","Stellar","Vietnam 3GB 20Days + Free Stellar VPN","3","20","2.2","0.733","stellar feed"
"vietnam","Stellar","Vietnam 50GB 180Days + Free Stellar VPN","50","180","36.71","0.734","stellar feed"
"vietnam","eSIM.dog","BLACK_VN_10GB_90D","10","90","7.94","0.794","https://esim.dog/vn"
"vietnam","eSIM.dog","BLACK_VN_2GB_7D","2","7","1.59","0.795","https://esim.dog/vn"
"vietnam","eSIM.dog","BLACK_VN_2GB_10D","2","10","1.61","0.805","https://esim.dog/vn"
"vietnam","eSIM.dog","BLACK_VN_30GB_90D","30","90","24.14","0.805","https://esim.dog/vn"
"vietnam","eSIM.dog","BLACK_VN_2GB_14D","2","14","1.63","0.815","https://esim.dog/vn"
"vietnam","eSIM.dog","BLACK_VN_2GB_15D","2","15","1.63","0.815","https://esim.dog/vn"
"vietnam","eSIM.dog","BLACK_VN_1GB_10D","1","10","0.82","0.82","https://esim.dog/vn"
"vietnam","eSIM.dog","BLACK_VN_2GB_30D","2","30","1.65","0.825","https://esim.dog/vn"
"vietnam","Stellar","Vietnam 1GB 30Days + Free Stellar VPN","1","30","0.83","0.83","stellar feed"
"vietnam","eSIM.dog","BLACK_VN_15GB_90D","15","90","12.49","0.833","https://esim.dog/vn"
"vietnam","eSIM.dog","BLACK_VN_1GB_25D","1","25","0.84","0.84","https://esim.dog/vn"
"vietnam","eSIM.dog","BLACK_VN_1GB_30D","1","30","0.84","0.84","https://esim.dog/vn"
"vietnam","Stellar","Vietnam 3GB 15Days (nonhkip) + Free Stellar VPN","3","15","2.66","0.887","stellar feed"
"vietnam","Stellar","Vietnam 3GB 30Days (nonhkip) + Free Stellar VPN","3","30","2.74","0.913","stellar feed"
"vietnam","Stellar","Vietnam 100MB 7Days + Free Stellar VPN","1","7","0.94","0.94","stellar feed"
"vietnam","Stellar","Vietnam 500MB 7Days + Free Stellar VPN","1","7","0.94","0.94","stellar feed"
"vietnam","Airalo","xinchao-in-30days-50gb","50","30","49","0.98","https://www.airalo.com/vietnam-esim"
"vietnam","eSIM.dog","PINK_VN_2C7A956C14","50","180","48.99","0.98","https://esim.dog/vn"
"vietnam","eSIM.dog","BLACK_VN_5GB_45D","5","45","5.1","1.02","https://esim.dog/vn"
"vietnam","eSIM.dog","BLACK_VN_5GB_60D","5","60","5.1","1.02","https://esim.dog/vn"
"vietnam","eSIM.dog","BLACK_VN_5GB_90D","5","90","5.1","1.02","https://esim.dog/vn"
"vietnam","Stellar","Vietnam 750MB 7Days + Free Stellar VPN","1","7","1.09","1.09","stellar feed"
"vietnam","eSIM.dog","BLACK_VN_500MB_7D","0.5","7","0.55","1.1","https://esim.dog/vn"
"vietnam","eSIM.dog","P2DH4RPAS","0.49","7","0.55","1.122","https://esim.dog/vn"
"vietnam","eSIM.dog","GREEN_VN_EC802E9BC8","80","365","105.36","1.317","https://esim.dog/vn"
"vietnam","Airalo","xinchao-in-15days-20gb","20","15","28","1.4","https://www.airalo.com/vietnam-esim"
"vietnam","Airalo","xinchao-in-30days-20gb","20","30","29","1.45","https://www.airalo.com/vietnam-esim"
"vietnam","eSIM.dog","BLACK_VN_3GB_90D","3","90","4.53","1.51","https://esim.dog/vn"
"vietnam","Stellar","Vietnam 5GB 21Days + Free Stellar VPN","5","21","7.99","1.598","stellar feed"
"vietnam","eSIM.dog","GREEN_VN_9D8CB216A4","40","180","64.99","1.625","https://esim.dog/vn"
"vietnam","eSIM.dog","BLACK_VN_500MB_30D","0.5","30","0.84","1.68","https://esim.dog/vn"
"vietnam","Airalo","xinchao-in-7days-10gb","10","7","17","1.7","https://www.airalo.com/vietnam-esim"
"vietnam","Airalo","xinchao-in-15days-10gb","10","15","17.5","1.75","https://www.airalo.com/vietnam-esim"
"vietnam","Airalo","xinchao-in-30days-10gb","10","30","18","1.8","https://www.airalo.com/vietnam-esim"
"vietnam","eSIM.dog","BLACK_VN_1GB_90D","1","90","1.94","1.94","https://esim.dog/vn"
"vietnam","eSIM.dog","BLACK_VN_2GB_90D","2","90","3.89","1.945","https://esim.dog/vn"
"vietnam","eSIM.dog","GREEN_VN_9492395CB7","5","365","9.74","1.948","https://esim.dog/vn"
"vietnam","Airalo","xinchao-in-7days-5gb","5","7","10","2","https://www.airalo.com/vietnam-esim"
"vietnam","Airalo","xinchao-in-15days-5gb","5","15","10.5","2.1","https://www.airalo.com/vietnam-esim"
"vietnam","Airalo","xinchao-in-30days-5gb","5","30","11","2.2","https://www.airalo.com/vietnam-esim"
"vietnam","eSIM.dog","GREEN_VN_4598685257","40","365","89.49","2.237","https://esim.dog/vn"
"vietnam","eSIM.dog","GREEN_VN_0E5894E1B8","10","365","22.49","2.249","https://esim.dog/vn"
"vietnam","eSIM.dog","GREEN_VN_537B4365DD","20","365","44.99","2.25","https://esim.dog/vn"
"vietnam","Stellar","Vietnam 5GB 45Days + Free Stellar VPN","5","45","11.97","2.394","stellar feed"
"vietnam","Airalo","xinchao-in-3days-3gb","3","3","7.5","2.5","https://www.airalo.com/vietnam-esim"
"vietnam","Airalo","xinchao-in-7days-3gb","3","7","8","2.667","https://www.airalo.com/vietnam-esim"
"vietnam","Stellar","Vietnam 5GB 60Days + Free Stellar VPN","5","60","13.47","2.694","stellar feed"
"vietnam","eSIM.dog","YELLOW_VN_F2B257A018","60","125","197.49","3.292","https://esim.dog/vn"
"vietnam","eSIM.dog","BLACK_VN_500MB_1D","0.5","1","1.99","3.98","https://esim.dog/vn"
"vietnam","Airalo","xinchao-in-3days-1gb","1","3","4","4","https://www.airalo.com/vietnam-esim"
"vietnam","eSIM.dog","PINK_VN_9A85C34B0E","0.49","1","1.99","4.061","https://esim.dog/vn"
"vietnam","eSIM.dog","YELLOW_VN_B7DE07FB4C","0.49","3","2.99","6.102","https://esim.dog/vn"
"vietnam","eSIM.dog","YELLOW_VN_2408945C91","10","180","66.49","6.649","https://esim.dog/vn"
"vietnam","eSIM.dog","BLACK_VN_100MB_30D","0.1","30","0.84","8.4","https://esim.dog/vn"
"vietnam","eSIM.dog","YELLOW_VN_48733435E1","0.29","3","2.49","8.586","https://esim.dog/vn"
"vietnam","eSIM.dog","BLACK_VN_100MB_90D","0.1","90","0.98","9.8","https://esim.dog/vn"
"vietnam","eSIM.dog","BLACK_VN_100MB_1D","0.1","1","1.49","14.9","https://esim.dog/vn"
"vietnam","eSIM.dog","BLACK_VN_100MB_3D","0.1","3","1.49","14.9","https://esim.dog/vn"
"vietnam","eSIM.dog","YELLOW_VN_1FF1197941","0.2","30","2.99","14.95","https://esim.dog/vn"
"vietnam","eSIM.dog","BLUE_VN_4EDE416F19","1","365","16.49","16.49","https://esim.dog/vn"